hemi,cluster,n_vertices,area_mm2,peak_t,peak_vertex,sign,peak_aparc
rh,1,40,62.033167217435796,-3.144430940596049,29935,neg,caudalanteriorcingulate
rh,2,61,86.04600051659156,-3.351857216202089,36532,neg,superiorfrontal
rh,3,69,142.83509145866105,-3.146445107962718,12459,neg,parsopercularis
rh,4,26,40.69227030528436,-3.0533263723049253,13716,neg,parsopercularis
rh,5,154,217.0929270520926,4.400409883539781,9407,pos,isthmuscingulate
rh,6,10,8.979670128113474,-2.827823134869029,3992,neg,precentral
rh,7,39,67.18569795050631,-3.2076413716381147,4412,neg,superiorfrontal
rh,8,60,78.78236099263259,-3.263729565750249,37520,neg,postcentral
rh,9,45,103.10822852396731,-2.896057365223302,24470,neg,middletemporal
rh,10,12,24.25574321323888,2.7683692378296105,24701,pos,unknown
rh,11,32,98.81318583356982,3.062187920084901,13978,pos,pericalcarine
rh,12,31,40.95831088106521,-3.2005984511737897,18010,neg,rostralmiddlefrontal
rh,13,16,33.44192868838578,-2.7965238869424973,15636,neg,fusiform
rh,14,17,28.465222152347806,-2.82053818082905,15861,neg,superiorfrontal
rh,15,25,47.784013963577706,-3.1166620436020036,24598,neg,caudalanteriorcingulate
rh,16,7,14.02576930434633,-2.6823606526975374,5730,neg,superiortemporal
rh,17,8,15.61635512899605,-2.737379138874218,37211,neg,caudalmiddlefrontal
rh,18,3,2.232952295988956,-2.6103315324355103,15373,neg,supramarginal
rh,19,4,9.676211027299352,-2.6238153816568444,40951,neg,inferiortemporal
rh,20,1,1.865712678075073,-2.6076365837580777,30836,neg,postcentral
