subject,event,time_years,n_visits,baseline_date,PTID,PTGENDER,PTDOB,PTEDUCAT,dob,age,female,educ
002_S_0729,1,1.4976,9,2006-08-03,002_S_0729,2.0,05/1941,16.0,1941-05-01,65.25667351129364,True,16.0
002_S_0782,0,1.9986,5,2006-08-23,002_S_0782,1.0,12/1924,16.0,1924-12-01,81.72484599589322,False,16.0
002_S_0954,1,1.4976,4,2006-11-22,002_S_0954,2.0,05/1937,14.0,1937-05-01,69.56057494866529,True,14.0
002_S_1070,1,1.9986,6,2006-12-27,002_S_1070,1.0,03/1933,14.0,1933-03-01,73.82340862422998,False,14.0
002_S_1155,0,12.501,11,2007-01-10,002_S_1155,1.0,01/1949,20.0,1949-01-01,58.02327173169062,False,20.0
002_S_1268,0,4.9993,8,2007-03-28,002_S_1268,1.0,05/1924,20.0,1924-05-01,82.90485968514716,False,20.0
002_S_2010,0,4.7502,6,2010-10-07,002_S_2010,2.0,07/1947,20.0,1947-07-01,63.26899383983573,True,20.0
002_S_2073,0,5.7495,7,2010-12-21,002_S_2073,2.0,04/1947,20.0,1947-04-01,63.723477070499655,True,20.0
002_S_4229,0,7.7509,8,2011-12-06,002_S_4229,1.0,04/1945,15.0,1945-04-01,66.68035592060232,False,15.0
002_S_4237,0,1.7495,4,2011-12-08,002_S_4237,2.0,10/1930,13.0,1930-10-01,81.1854893908282,True,13.0
002_S_4447,0,2.7488,5,2012-04-03,002_S_4447,2.0,06/1944,19.0,1944-06-01,67.8384668035592,True,19.0
002_S_4473,0,4.7502,7,2012-04-12,002_S_4473,1.0,04/1937,16.0,1937-04-01,75.03080082135524,False,16.0
002_S_4521,1,2.7488,6,2012-05-01,002_S_4521,1.0,01/1942,18.0,1942-01-01,70.32991101984942,False,18.0
002_S_4654,0,6.7488,8,2012-06-28,002_S_4654,2.0,10/1936,18.0,1936-10-01,75.73990417522245,True,18.0
002_S_4799,0,6.7488,8,2012-09-06,002_S_4799,1.0,06/1944,14.0,1944-06-01,68.26557152635182,False,14.0
003_S_0908,0,12.9993,10,2006-10-12,003_S_0908,2.0,10/1943,16.0,1943-10-01,63.030800821355236,True,16.0
003_S_1074,1,10.4997,8,2007-02-07,003_S_1074,2.0,10/1921,15.0,1921-10-01,85.35249828884326,True,15.0
003_S_1122,0,12.501,8,2007-01-12,003_S_1122,2.0,03/1930,14.0,1930-03-01,76.86789869952088,True,14.0
003_S_4354,1,9.2512,9,2012-01-31,003_S_4354,1.0,02/1936,14.0,1936-02-01,75.99726214921287,False,14.0
003_S_6258,0,4.0,4,2018-03-08,003_S_6258,1.0,05/1938,20.0,1938-05-01,79.85215605749487,False,20.0
003_S_6268,0,4.0,4,2018-06-08,003_S_6268,1.0,11/1948,20.0,1948-11-01,69.59890485968515,False,20.0
005_S_0222,1,0.9993,5,2006-03-17,005_S_0222,1.0,03/1920,18.0,1920-03-01,86.04243668720055,False,18.0
005_S_0324,0,2.4997,4,2006-10-20,005_S_0324,2.0,12/1930,14.0,1930-12-01,75.88501026694045,True,14.0
005_S_0448,0,1.5003,4,2006-11-13,005_S_0448,1.0,09/1920,17.0,1920-09-01,86.19849418206708,False,17.0
005_S_0546,0,1.5003,4,2007-01-11,005_S_0546,1.0,12/1926,16.0,1926-12-01,80.11225188227242,False,16.0
005_S_0572,1,0.501,5,2007-01-04,005_S_0572,1.0,08/1927,14.0,1927-08-01,79.42778918548939,False,14.0
005_S_1224,1,2.9979,6,2007-02-13,005_S_1224,1.0,12/1925,16.0,1925-12-01,81.20191649555099,False,16.0
005_S_2390,0,3.7509,5,2011-10-31,005_S_2390,2.0,08/1923,12.0,1923-08-01,88.24914442162903,True,12.0
005_S_4168,0,3.7509,5,2011-11-15,005_S_4168,1.0,06/1929,17.0,1929-06-01,82.45585215605749,False,17.0
005_S_4185,0,6.7488,7,2011-11-15,005_S_4185,1.0,03/1931,20.0,1931-03-01,80.70910335386722,False,20.0
006_S_1130,1,1.4976,5,2007-01-04,006_S_1130,2.0,10/1935,18.0,1935-10-01,71.26078028747433,True,18.0
006_S_4363,0,1.7495,4,2012-02-09,006_S_4363,2.0,05/1938,13.0,1938-05-01,73.77686516084873,True,13.0
006_S_4515,1,0.2491,4,2012-05-02,006_S_4515,1.0,06/1937,19.0,1937-06-01,74.91854893908283,False,19.0
006_S_4679,0,1.7495,4,2012-08-20,006_S_4679,1.0,03/1943,17.0,1943-03-01,69.47296372347706,False,17.0
006_S_4713,1,12.2519,8,2012-08-02,006_S_4713,1.0,10/1941,20.0,1941-10-01,70.83641341546885,False,20.0
006_S_4960,0,5.2512,6,2012-12-24,006_S_4960,1.0,02/1953,20.0,1953-02-01,59.893223819301845,False,20.0
006_S_6243,0,5.5003,5,2018-02-26,006_S_6243,1.0,04/1951,14.0,1951-04-01,66.90759753593429,False,14.0
007_S_0041,1,1.4976,6,2005-11-14,007_S_0041,2.0,11/1934,14.0,1934-11-01,71.0362765229295,True,14.0
007_S_0101,1,1.9986,7,2006-01-05,007_S_0101,1.0,05/1932,18.0,1932-05-01,73.6810403832991,False,18.0
007_S_0128,1,1.4976,7,2006-02-06,007_S_0128,2.0,12/1941,20.0,1941-12-01,64.18343600273785,True,20.0
007_S_0249,1,0.9993,7,2006-03-14,007_S_0249,2.0,03/1934,16.0,1934-03-01,72.03559206023272,True,16.0
007_S_0293,1,1.5003,4,2006-09-26,007_S_0293,1.0,06/1918,12.0,1918-06-01,88.32032854209446,False,12.0
007_S_0698,0,4.0,5,2006-08-23,007_S_0698,1.0,03/1932,18.0,1932-03-01,74.47775496235455,False,18.0
007_S_2106,1,2.7488,4,2011-01-18,007_S_2106,1.0,03/1933,12.0,1933-03-01,77.88364134154689,False,12.0
007_S_2394,0,13.7495,12,2011-12-16,007_S_2394,1.0,01/1944,20.0,1944-01-01,67.95619438740589,False,20.0
007_S_4272,1,10.7515,13,2012-01-05,007_S_4272,1.0,11/1940,12.0,1940-11-01,71.17590691307323,False,12.0
007_S_4467,0,1.7495,4,2012-04-11,007_S_4467,2.0,02/1950,12.0,1950-02-01,62.19028062970568,True,12.0
007_S_4611,0,3.7509,5,2012-06-13,007_S_4611,1.0,04/1945,18.0,1945-04-01,67.20054757015743,False,18.0
007_S_6341,1,2.9979,4,2018-04-30,007_S_6341,1.0,03/1951,12.0,1951-03-01,67.16495550992471,False,12.0
009_S_1030,1,4.9993,8,2006-11-13,009_S_1030,1.0,05/1939,20.0,1939-05-01,67.53730321697468,False,20.0
009_S_2208,0,3.7509,6,2011-05-24,009_S_2208,1.0,01/1942,16.0,1942-01-01,69.39082819986311,False,16.0
009_S_2381,1,1.7495,5,2011-09-23,009_S_2381,1.0,03/1942,16.0,1942-03-01,69.56331279945243,False,16.0
009_S_4324,1,1.7495,7,2012-01-25,009_S_4324,2.0,12/1948,14.0,1948-12-01,63.148528405201915,True,14.0
009_S_4359,0,3.7509,5,2012-02-17,009_S_4359,1.0,03/1935,16.0,1935-03-01,76.96646132785763,False,16.0
009_S_4543,0,3.7509,5,2012-05-13,009_S_4543,2.0,12/1941,18.0,1941-12-01,70.44763860369609,True,18.0
009_S_4741,1,0.2491,5,2012-08-20,009_S_4741,1.0,09/1950,16.0,1950-09-01,61.96851471594798,False,16.0
009_S_5000,0,1.7495,4,2013-01-18,009_S_5000,1.0,02/1936,18.0,1936-02-01,76.9637234770705,False,18.0
010_S_0422,0,2.9979,4,2006-09-15,010_S_0422,1.0,10/1944,20.0,1944-10-01,61.95482546201232,False,20.0
011_S_0241,1,0.4983,6,2006-03-28,011_S_0241,1.0,05/1924,16.0,1924-05-01,81.90554414784394,False,16.0
011_S_0326,1,2.9979,4,2006-04-07,011_S_0326,1.0,04/1929,16.0,1929-04-01,77.01574264202601,False,16.0
011_S_0362,1,2.4997,5,2006-11-17,011_S_0362,2.0,09/1935,16.0,1935-09-01,71.21149897330595,True,16.0
011_S_0861,1,1.4976,5,2006-10-05,011_S_0861,1.0,07/1919,16.0,1919-07-01,87.26351813826146,False,16.0
011_S_1080,1,4.0,7,2006-12-08,011_S_1080,1.0,06/1925,19.0,1925-06-01,81.51950718685832,False,19.0
011_S_1282,1,0.9993,6,2007-02-26,011_S_1282,2.0,01/1930,12.0,1930-01-01,77.15263518138262,True,12.0
011_S_2274,1,0.7502,6,2011-05-12,011_S_2274,1.0,01/1947,18.0,1947-01-01,64.3586584531143,False,18.0
011_S_4235,0,3.7509,5,2011-12-07,011_S_4235,1.0,11/1947,16.0,1947-11-01,64.09856262833675,False,16.0
011_S_4547,1,5.2512,6,2012-05-14,011_S_4547,1.0,10/1934,18.0,1934-10-01,77.61806981519507,False,18.0
011_S_4893,1,3.7509,6,2012-10-30,011_S_4893,2.0,06/1944,12.0,1944-06-01,68.41341546885695,True,12.0
012_S_0634,0,1.9986,4,2006-07-24,012_S_0634,1.0,04/1924,20.0,1924-04-01,82.3107460643395,False,20.0
012_S_1321,0,1.9986,5,2007-03-15,012_S_1321,1.0,12/1923,20.0,1923-12-01,83.28542094455852,False,20.0
012_S_4012,0,3.7509,5,2011-06-21,012_S_4012,2.0,05/1942,16.0,1942-05-01,69.13894592744695,True,16.0
012_S_4094,1,0.2491,8,2011-09-20,012_S_4094,2.0,06/1951,12.0,1951-06-01,60.303901437371664,True,12.0
012_S_4128,0,3.7509,5,2011-10-19,012_S_4128,2.0,09/1938,12.0,1938-09-01,73.13073237508556,True,12.0
012_S_4188,1,3.7509,7,2011-11-22,012_S_4188,1.0,06/1934,14.0,1934-06-01,77.4757015742642,False,14.0
012_S_6073,1,1.9986,4,2017-09-19,012_S_6073,1.0,10/1954,17.0,1954-10-01,62.9678302532512,False,17.0
013_S_0240,1,0.9993,5,2006-09-26,013_S_0240,1.0,11/1917,16.0,1917-11-01,88.90075290896647,False,16.0
013_S_0325,1,1.4976,5,2006-06-27,013_S_0325,2.0,08/1935,18.0,1935-08-01,70.90485968514716,True,18.0
013_S_1120,0,1.4976,4,2007-01-04,013_S_1120,2.0,01/1929,20.0,1929-01-01,78.00684462696783,True,20.0
013_S_1186,1,8.0,10,2007-03-01,013_S_1186,1.0,11/1923,12.0,1923-11-01,83.32922655715264,False,12.0
013_S_1275,0,1.4976,4,2007-03-26,013_S_1275,2.0,03/1928,20.0,1928-03-01,79.06639288158796,True,20.0
013_S_2389,0,6.2505,4,2011-10-26,013_S_2389,2.0,08/1953,15.0,1953-08-01,58.234086242299796,True,15.0
013_S_4268,0,6.7488,5,2012-01-17,013_S_4268,2.0,03/1948,15.0,1948-03-01,63.879534565366185,True,15.0
013_S_4395,0,3.7509,5,2012-02-29,013_S_4395,2.0,07/1939,16.0,1939-07-01,72.66529774127311,True,16.0
013_S_4595,1,0.7502,4,2012-06-20,013_S_4595,1.0,08/1935,16.0,1935-08-01,76.8870636550308,False,16.0
014_S_0169,0,4.0,7,2006-02-16,014_S_0169,2.0,02/1934,16.0,1934-02-01,72.04106776180699,True,16.0
014_S_0557,0,2.4997,4,2006-12-07,014_S_0557,1.0,05/1934,20.0,1934-05-01,72.60232717316906,False,20.0
014_S_0563,1,2.4997,5,2007-01-18,014_S_0563,1.0,10/1925,18.0,1925-10-01,81.29774127310061,False,18.0
014_S_0658,1,0.9993,5,2006-08-03,014_S_0658,1.0,05/1934,18.0,1934-05-01,72.25735797399042,False,18.0
014_S_2185,0,1.7495,4,2011-04-13,014_S_2185,1.0,11/1937,17.0,1937-11-01,73.44558521560575,False,17.0
014_S_2308,0,10.7515,11,2011-06-29,014_S_2308,1.0,04/1936,15.0,1936-04-01,75.24161533196441,False,15.0
014_S_4058,1,1.7495,4,2011-08-18,014_S_4058,2.0,10/1926,16.0,1926-10-01,84.8788501026694,True,16.0
014_S_4079,1,1.7495,4,2011-09-06,014_S_4079,2.0,12/1946,20.0,1946-12-01,64.76386036960986,True,20.0
014_S_4263,1,1.7495,4,2011-12-21,014_S_4263,1.0,05/1937,20.0,1937-05-01,74.63928815879535,False,20.0
014_S_4328,0,1.7495,4,2012-01-19,014_S_4328,2.0,03/1944,14.0,1944-03-01,67.88501026694045,True,14.0
016_S_0702,1,1.9986,6,2006-08-23,016_S_0702,1.0,07/1921,16.0,1921-07-01,85.14442162902122,False,16.0
016_S_0769,1,2.9979,5,2006-08-31,016_S_0769,1.0,05/1944,18.0,1944-05-01,62.332648870636554,False,18.0
016_S_1028,0,1.9986,5,2006-11-29,016_S_1028,2.0,12/1929,7.0,1929-12-01,76.99383983572895,True,7.0
016_S_1092,0,2.9979,5,2006-12-29,016_S_1092,1.0,07/1932,16.0,1932-07-01,74.49418206707735,False,16.0
016_S_1117,1,2.9979,6,2006-12-11,016_S_1117,2.0,12/1937,18.0,1937-12-01,69.02669404517454,True,18.0
016_S_1121,1,1.4976,6,2006-12-28,016_S_1121,2.0,09/1950,18.0,1950-09-01,56.323066392881586,True,18.0
016_S_1326,1,1.4976,6,2007-03-27,016_S_1326,1.0,11/1940,18.0,1940-11-01,66.39835728952772,False,18.0
016_S_2007,0,1.7495,4,2010-10-05,016_S_2007,2.0,12/1926,20.0,1926-12-01,83.84394250513347,True,20.0
016_S_2031,0,2.7488,5,2010-12-01,016_S_2031,1.0,01/1938,16.0,1938-01-01,72.91444216290212,False,16.0
016_S_4584,1,1.7495,4,2012-05-31,016_S_4584,2.0,11/1933,16.0,1933-11-01,78.57905544147845,True,16.0
016_S_4646,0,1.7495,4,2012-06-26,016_S_4646,2.0,06/1951,16.0,1951-06-01,61.07049965776865,True,16.0
016_S_4902,1,1.7495,7,2012-11-16,016_S_4902,2.0,04/1937,15.0,1937-04-01,75.62765229295003,True,15.0
016_S_5007,0,1.7495,4,2013-01-28,016_S_5007,1.0,04/1941,14.0,1941-04-01,71.82751540041068,False,14.0
016_S_6816,0,5.9986,5,2019-09-20,016_S_6816,2.0,10/1944,16.0,1944-10-01,74.9678302532512,True,16.0
018_S_0142,0,4.0,6,2006-02-20,018_S_0142,1.0,11/1926,14.0,1926-11-01,79.30458590006845,False,14.0
018_S_0155,1,2.9979,5,2006-03-24,018_S_0155,1.0,01/1925,16.0,1925-01-01,81.22381930184805,False,16.0
018_S_2133,1,6.7488,8,2011-08-05,018_S_2133,2.0,04/1948,18.0,1948-04-01,63.3429158110883,True,18.0
018_S_2155,1,11.7509,12,2011-08-05,018_S_2155,2.0,12/1941,14.0,1941-12-01,69.67556468172485,True,14.0
018_S_2180,0,9.2512,11,2011-04-28,018_S_2180,2.0,03/1933,12.0,1933-03-01,78.1574264202601,True,12.0
018_S_4809,0,3.7509,5,2012-09-17,018_S_4809,1.0,03/1934,12.0,1934-03-01,78.54893908281998,False,12.0
018_S_4868,0,5.7495,7,2012-10-18,018_S_4868,1.0,05/1935,12.0,1935-05-01,77.46748802190281,False,12.0
018_S_4889,0,1.7495,4,2012-11-05,018_S_4889,1.0,12/1936,18.0,1936-12-01,75.92881587953457,False,18.0
018_S_6414,0,4.0,4,2018-06-04,018_S_6414,2.0,03/1949,16.0,1949-03-01,69.25941136208077,True,16.0
019_S_4285,0,1.7495,4,2012-01-04,019_S_4285,1.0,10/1937,16.0,1937-10-01,74.25872689938399,False,16.0
019_S_4293,1,1.7495,7,2012-01-06,019_S_4293,1.0,01/1942,12.0,1942-01-01,70.01232032854209,False,12.0
019_S_4680,1,0.7502,4,2012-07-11,019_S_4680,2.0,11/1948,19.0,1948-11-01,63.690622861054074,True,19.0
019_S_6315,0,2.9979,4,2018-04-13,019_S_6315,1.0,02/1947,18.0,1947-02-01,71.19507186858316,False,18.0
019_S_6483,1,4.9993,6,2018-06-29,019_S_6483,2.0,11/1955,16.0,1955-11-01,62.65845311430527,True,16.0
019_S_6635,0,4.0,5,2018-11-28,019_S_6635,2.0,05/1962,16.0,1962-05-01,56.577686516084874,True,16.0
019_S_6757,0,4.0,5,2019-06-14,019_S_6757,2.0,01/1948,18.0,1948-01-01,71.44969199178645,True,18.0
021_S_0141,1,0.9993,7,2006-03-01,021_S_0141,1.0,12/1924,12.0,1924-12-01,81.2457221081451,False,12.0
021_S_0178,0,15.0007,4,2006-03-09,021_S_0178,1.0,04/1941,20.0,1941-04-01,64.93634496919918,False,20.0
021_S_0231,1,2.9979,5,2006-03-23,021_S_0231,1.0,10/1945,18.0,1945-10-01,60.473648186173854,False,18.0
021_S_0273,0,2.4997,4,2006-10-10,021_S_0273,1.0,04/1943,12.0,1943-04-01,63.526351813826146,False,12.0
021_S_0276,0,3.5017,4,2006-09-29,021_S_0276,1.0,04/1935,18.0,1935-04-01,71.49623545516769,False,18.0
021_S_0424,1,3.5017,5,2006-11-13,021_S_0424,1.0,08/1925,16.0,1925-08-01,81.28405201916496,False,16.0
021_S_0626,1,10.4997,8,2006-08-11,021_S_0626,1.0,04/1923,16.0,1923-04-01,83.36208076659823,False,16.0
021_S_2077,0,3.7509,5,2011-01-27,021_S_2077,1.0,09/1929,20.0,1929-09-01,81.40451745379877,False,20.0
021_S_2100,0,3.7509,6,2011-01-25,021_S_2100,2.0,11/1922,13.0,1922-11-01,88.23271731690623,True,13.0
021_S_2125,0,2.7488,5,2011-01-24,021_S_2125,2.0,08/1932,17.0,1932-08-01,78.48049281314168,True,17.0
021_S_4245,1,3.7509,5,2011-12-14,021_S_4245,1.0,02/1938,19.0,1938-02-01,73.86447638603696,False,19.0
021_S_4402,1,0.7502,4,2012-02-27,021_S_4402,2.0,01/1939,12.0,1939-01-01,73.15537303216975,True,12.0
021_S_4419,0,9.2512,5,2012-03-06,021_S_4419,2.0,02/1948,18.0,1948-02-01,64.0930869267625,True,18.0
021_S_4659,1,3.7509,6,2012-07-03,021_S_4659,1.0,05/1926,17.0,1926-05-01,86.17385352498289,False,17.0
021_S_4744,0,5.7495,7,2012-08-16,021_S_4744,2.0,02/1940,12.0,1940-02-01,72.53935660506502,True,12.0
021_S_4857,1,0.2491,4,2012-10-10,021_S_4857,1.0,03/1944,16.0,1944-03-01,68.61054072553046,False,16.0
022_S_0004,0,2.9979,4,2005-11-08,022_S_0004,1.0,01/1938,10.0,1938-01-01,67.85215605749487,False,10.0
022_S_0750,1,1.9986,4,2006-08-25,022_S_0750,2.0,12/1930,12.0,1930-12-01,75.73169062286105,True,12.0
022_S_0961,0,2.9979,5,2007-01-12,022_S_0961,1.0,12/1933,16.0,1933-12-01,73.11430527036276,False,16.0
022_S_1097,0,2.9979,4,2007-01-12,022_S_1097,1.0,10/1933,18.0,1933-10-01,73.28131416837782,False,18.0
022_S_1351,1,2.9979,5,2007-03-16,022_S_1351,2.0,04/1935,12.0,1935-04-01,71.95619438740589,True,12.0
022_S_1394,1,0.9993,5,2007-06-11,022_S_1394,1.0,04/1930,18.0,1930-04-01,77.19370294318959,False,18.0
022_S_2087,1,3.7509,5,2011-03-22,022_S_2087,1.0,03/1941,16.0,1941-03-01,70.0561259411362,False,16.0
022_S_2167,0,4.7502,6,2011-04-20,022_S_2167,1.0,02/1930,18.0,1930-02-01,81.21286789869951,False,18.0
022_S_2263,0,9.7495,9,2011-05-18,022_S_2263,1.0,12/1948,16.0,1948-12-01,62.458590006844624,False,16.0
022_S_2379,0,7.7509,7,2011-09-07,022_S_2379,1.0,05/1945,18.0,1945-05-01,66.35181382614647,False,18.0
022_S_4444,0,3.7509,5,2012-04-04,022_S_4444,1.0,06/1934,18.0,1934-06-01,77.8425735797399,False,18.0
022_S_4805,0,1.7495,4,2012-09-19,022_S_4805,2.0,07/1940,20.0,1940-07-01,72.21902806297057,True,20.0
022_S_5004,0,9.2512,10,2013-01-22,022_S_5004,1.0,03/1948,20.0,1948-03-01,64.8952772073922,False,20.0
022_S_6716,0,2.9979,4,2019-04-05,022_S_6716,1.0,12/1943,16.0,1943-12-01,75.34291581108829,False,16.0
023_S_0030,1,0.9993,6,2005-10-20,023_S_0030,2.0,10/1925,19.0,1925-10-01,80.05201916495551,True,19.0
023_S_0042,1,0.9993,6,2005-11-10,023_S_0042,1.0,12/1932,18.0,1932-12-01,72.94182067077344,False,18.0
023_S_0126,1,2.9979,7,2006-02-16,023_S_0126,2.0,06/1928,14.0,1928-06-01,77.71115674195757,True,14.0
023_S_0217,1,1.5003,6,2006-08-29,023_S_0217,2.0,07/1922,18.0,1922-07-01,84.1615331964408,True,18.0
023_S_0331,1,2.9979,8,2006-04-06,023_S_0331,2.0,08/1941,14.0,1941-08-01,64.67898699520876,True,14.0
023_S_0376,1,3.5017,5,2006-10-19,023_S_0376,1.0,10/1935,15.0,1935-10-01,71.04996577686516,False,15.0
023_S_0388,1,1.5003,5,2006-10-24,023_S_0388,1.0,01/1935,15.0,1935-01-01,71.81108829568788,False,15.0
023_S_0604,1,1.9986,4,2006-06-20,023_S_0604,1.0,11/1919,14.0,1919-11-01,86.63381245722108,False,14.0
023_S_0625,1,0.4983,8,2006-07-10,023_S_0625,1.0,07/1930,6.0,1930-07-01,76.02464065708419,False,6.0
023_S_0887,1,1.4976,6,2006-10-06,023_S_0887,2.0,01/1933,8.0,1933-01-01,73.76043805612593,True,8.0
023_S_1046,0,2.9979,7,2006-11-16,023_S_1046,1.0,03/1935,20.0,1935-03-01,71.71252566735113,False,20.0
023_S_1126,1,0.9993,4,2006-12-14,023_S_1126,1.0,06/1926,18.0,1926-06-01,80.5366187542779,False,18.0
023_S_1247,1,1.4976,5,2007-02-08,023_S_1247,2.0,07/1934,9.0,1934-07-01,72.60780287474333,True,9.0
023_S_2068,0,6.7488,6,2011-01-05,023_S_2068,1.0,07/1927,20.0,1927-07-01,83.51540041067761,False,20.0
023_S_4035,1,1.7495,5,2011-09-29,023_S_4035,2.0,10/1938,16.0,1938-10-01,72.99383983572895,True,16.0
023_S_4115,1,7.2498,10,2011-10-12,023_S_4115,1.0,02/1944,18.0,1944-02-01,67.69336071184121,False,18.0
023_S_4122,0,2.7488,4,2011-11-07,023_S_4122,1.0,09/1944,17.0,1944-09-01,67.1813826146475,False,17.0
023_S_4243,1,1.7495,4,2011-12-29,023_S_4243,1.0,05/1932,18.0,1932-05-01,79.66050650239562,False,18.0
023_S_4502,1,0.2491,5,2012-05-07,023_S_4502,2.0,08/1953,20.0,1953-08-01,58.76522929500342,True,20.0
023_S_4796,1,0.2491,4,2012-10-16,023_S_4796,2.0,12/1939,16.0,1939-12-01,72.87611225188228,True,16.0
023_S_6334,0,5.9986,5,2018-04-25,023_S_6334,1.0,09/1945,16.0,1945-09-01,72.64613278576317,False,16.0
023_S_6369,0,7.499,6,2018-05-11,023_S_6369,1.0,06/1941,18.0,1941-06-01,76.94182067077344,False,18.0
023_S_6535,1,2.9979,6,2018-07-25,023_S_6535,1.0,04/1940,16.0,1940-04-01,78.31348391512662,False,16.0
023_S_6702,0,6.4997,6,2019-03-13,023_S_6702,2.0,09/1954,12.0,1954-09-01,64.5284052019165,True,12.0
024_S_2239,0,10.7515,10,2011-05-19,024_S_2239,2.0,05/1937,15.0,1937-05-01,74.04791238877482,True,15.0
024_S_4169,0,5.7495,6,2011-11-07,024_S_4169,2.0,08/1949,13.0,1949-08-01,62.26694045174538,True,13.0
024_S_4392,0,1.7495,4,2012-03-01,024_S_4392,1.0,06/1929,12.0,1929-06-01,82.74880219028063,False,12.0
024_S_4674,0,9.7495,10,2012-07-13,024_S_4674,1.0,05/1934,20.0,1934-05-01,78.20123203285421,False,20.0
024_S_6033,0,3.499,4,2017-06-19,024_S_6033,2.0,07/1959,16.0,1959-07-01,57.96851471594798,True,16.0
027_S_0116,0,4.0,7,2006-02-15,027_S_0116,1.0,08/1927,18.0,1927-08-01,78.54346338124572,False,18.0
027_S_0179,1,1.4976,6,2006-03-10,027_S_0179,1.0,03/1925,16.0,1925-03-01,81.02395619438741,False,16.0
027_S_0256,1,0.4983,7,2006-04-05,027_S_0256,1.0,01/1936,20.0,1936-01-01,70.25872689938399,False,20.0
027_S_0307,0,3.5017,5,2006-10-27,027_S_0307,1.0,09/1927,19.0,1927-09-01,79.15400410677618,False,19.0
027_S_0408,1,3.5017,5,2006-11-17,027_S_0408,1.0,02/1924,20.0,1924-02-01,82.79260780287474,False,20.0
027_S_0644,0,4.0,5,2006-07-05,027_S_0644,1.0,05/1931,14.0,1931-05-01,75.17864476386038,False,14.0
027_S_0835,1,1.9986,7,2006-09-15,027_S_0835,1.0,11/1933,14.0,1933-11-01,72.870636550308,False,14.0
027_S_1045,0,2.9979,5,2006-11-17,027_S_1045,2.0,03/1924,14.0,1924-03-01,82.71321013004791,True,14.0
027_S_1213,1,1.4976,4,2007-01-13,027_S_1213,2.0,03/1932,16.0,1932-03-01,74.86926762491444,True,16.0
027_S_1277,0,0.9993,4,2007-02-21,027_S_1277,1.0,09/1920,11.0,1920-09-01,86.47227926078028,False,11.0
027_S_1387,1,1.4976,6,2007-03-12,027_S_1387,1.0,06/1921,20.0,1921-06-01,85.77686516084873,False,20.0
027_S_2183,0,4.7502,7,2011-03-04,027_S_2183,1.0,10/1927,18.0,1927-10-01,83.42231348391513,False,18.0
027_S_2219,0,8.7502,10,2011-03-21,027_S_2219,1.0,08/1936,18.0,1936-08-01,74.63381245722108,False,18.0
027_S_2245,0,14.2505,15,2011-04-12,027_S_2245,2.0,12/1953,20.0,1953-12-01,57.360711841204655,True,20.0
027_S_2336,0,4.7502,7,2011-07-07,027_S_2336,2.0,04/1938,12.0,1938-04-01,73.26488706365502,True,12.0
027_S_4729,1,1.7495,4,2012-08-06,027_S_4729,2.0,08/1934,19.0,1934-08-01,78.01505817932923,True,19.0
027_S_4757,1,1.7495,4,2012-08-21,027_S_4757,2.0,05/1949,14.0,1949-05-01,63.30732375085558,True,14.0
027_S_4869,0,9.2512,11,2012-10-18,027_S_4869,1.0,04/1935,19.0,1935-04-01,77.54962354551677,False,19.0
027_S_4873,0,1.7495,4,2012-10-18,027_S_4873,1.0,12/1929,12.0,1929-12-01,82.88021902806297,False,12.0
027_S_4919,0,9.2512,11,2012-11-22,027_S_4919,2.0,11/1937,19.0,1937-11-01,75.05817932922656,True,19.0
027_S_4926,0,2.7488,5,2012-11-27,027_S_4926,1.0,03/1950,18.0,1950-03-01,62.743326488706366,False,18.0
027_S_4936,1,1.7495,4,2012-12-04,027_S_4936,1.0,08/1934,19.0,1934-08-01,78.34360027378509,False,19.0
027_S_6788,1,2.4997,4,2019-07-29,027_S_6788,1.0,11/1949,19.0,1949-11-01,69.73853524982889,False,19.0
029_S_0878,1,1.9986,5,2006-10-19,029_S_0878,1.0,05/1934,14.0,1934-05-01,72.46817248459959,False,14.0
029_S_0914,1,8.9993,6,2007-01-03,029_S_0914,1.0,04/1932,12.0,1932-04-01,74.75701574264203,False,12.0
029_S_1073,1,2.9979,5,2006-12-07,029_S_1073,2.0,03/1941,18.0,1941-03-01,65.76865160848733,True,18.0
029_S_1215,0,1.9986,4,2007-02-07,029_S_1215,1.0,07/1928,16.0,1928-07-01,78.60369609856262,False,16.0
029_S_1218,0,2.9979,4,2007-02-08,029_S_1218,2.0,08/1921,16.0,1921-08-01,85.52224503764545,True,16.0
029_S_1318,0,2.9979,5,2007-04-05,029_S_1318,2.0,03/1924,18.0,1924-03-01,83.09377138945928,True,18.0
029_S_1384,0,2.9979,5,2007-04-05,029_S_1384,1.0,02/1935,16.0,1935-02-01,72.17248459958932,False,16.0
029_S_2376,0,1.7495,4,2011-10-18,029_S_2376,1.0,06/1929,17.0,1929-06-01,82.3791923340178,False,17.0
029_S_2395,0,8.2491,8,2011-12-01,029_S_2395,1.0,11/1938,19.0,1938-11-01,73.08145106091717,False,19.0
031_S_0351,0,2.4997,4,2006-11-08,031_S_0351,1.0,11/1937,18.0,1937-11-01,69.01848049281314,False,18.0
031_S_0830,1,4.0,7,2006-09-21,031_S_0830,1.0,11/1935,16.0,1935-11-01,70.88843258042436,False,16.0
031_S_0867,0,2.9979,5,2006-10-03,031_S_0867,1.0,11/1934,16.0,1934-11-01,71.92060232717317,False,16.0
031_S_1066,1,1.4976,6,2006-12-13,031_S_1066,1.0,06/1934,13.0,1934-06-01,72.53388090349075,False,13.0
031_S_2018,0,8.2491,6,2010-10-25,031_S_2018,2.0,01/1934,18.0,1934-01-01,76.81314168377824,True,18.0
031_S_2022,0,2.7488,5,2010-11-29,031_S_2022,1.0,07/1944,18.0,1944-07-01,66.41204654346338,False,18.0
031_S_2233,0,7.7509,6,2011-04-07,031_S_2233,2.0,05/1955,19.0,1955-05-01,55.93429158110883,True,19.0
031_S_4005,1,0.7502,5,2011-06-20,031_S_4005,1.0,09/1940,16.0,1940-09-01,70.79808350444901,False,16.0
031_S_4029,0,1.7495,4,2011-07-18,031_S_4029,1.0,03/1950,20.0,1950-03-01,61.379876796714576,False,20.0
031_S_4042,1,1.7495,4,2011-08-10,031_S_4042,1.0,02/1954,18.0,1954-02-01,57.51950718685831,False,18.0
031_S_4149,1,6.7488,6,2011-10-28,031_S_4149,1.0,04/1938,14.0,1938-04-01,73.57426420260096,False,14.0
031_S_4194,0,1.7495,4,2011-11-16,031_S_4194,1.0,08/1949,16.0,1949-08-01,62.29158110882957,False,16.0
031_S_4203,1,0.7502,4,2011-11-17,031_S_4203,2.0,04/1937,17.0,1937-04-01,74.62833675564681,True,17.0
031_S_4476,0,1.7495,4,2012-04-19,031_S_4476,1.0,05/1923,11.0,1923-05-01,88.96919917864476,False,11.0
031_S_4721,1,6.2505,4,2012-08-06,031_S_4721,1.0,12/1926,15.0,1926-12-01,85.6810403832991,False,15.0
031_S_4947,1,0.2491,4,2012-12-14,031_S_4947,1.0,03/1938,14.0,1938-03-01,74.78986995208761,False,14.0
032_S_0187,0,1.4976,5,2006-03-02,032_S_0187,1.0,12/1928,16.0,1928-12-01,77.24845995893224,False,16.0
032_S_0214,1,1.9986,6,2006-03-10,032_S_0214,1.0,01/1941,18.0,1941-01-01,65.1854893908282,False,18.0
032_S_0718,0,2.9979,5,2006-08-31,032_S_0718,2.0,01/1926,18.0,1926-01-01,80.66255989048597,True,18.0
032_S_0978,1,1.9986,5,2006-11-02,032_S_0978,1.0,08/1933,12.0,1933-08-01,73.2539356605065,False,12.0
032_S_2119,0,6.2505,7,2011-01-27,032_S_2119,1.0,01/1939,12.0,1939-01-01,72.07118412046543,False,12.0
032_S_2247,0,4.7502,5,2011-06-15,032_S_2247,1.0,10/1945,19.0,1945-10-01,65.70294318959617,False,19.0
032_S_4823,1,2.7488,4,2012-10-04,032_S_4823,1.0,04/1930,18.0,1930-04-01,82.51060917180014,False,18.0
033_S_0511,1,1.5003,4,2006-12-06,033_S_0511,1.0,08/1948,14.0,1948-08-01,58.34633812457221,False,14.0
033_S_0513,1,2.4997,5,2006-12-04,033_S_0513,1.0,06/1937,18.0,1937-06-01,69.50855578370978,False,18.0
033_S_0514,1,3.5017,5,2006-12-08,033_S_0514,1.0,08/1925,20.0,1925-08-01,81.35249828884326,False,20.0
033_S_0725,1,1.4976,5,2006-08-02,033_S_0725,1.0,07/1925,20.0,1925-07-01,81.08692676249144,False,20.0
033_S_0906,1,1.4976,6,2006-10-11,033_S_0906,2.0,06/1941,12.0,1941-06-01,65.36071184120465,True,12.0
033_S_0922,1,1.4976,7,2006-10-13,033_S_0922,1.0,08/1938,12.0,1938-08-01,68.19986310746064,False,12.0
033_S_1116,0,1.4976,5,2006-12-04,033_S_1116,1.0,07/1923,18.0,1923-07-01,83.42778918548939,False,18.0
033_S_1279,0,1.9986,5,2007-02-28,033_S_1279,2.0,10/1938,16.0,1938-10-01,68.41067761806981,True,16.0
033_S_1309,0,1.9986,5,2007-02-28,033_S_1309,2.0,12/1937,16.0,1937-12-01,69.24298425735797,True,16.0
035_S_0033,0,2.9979,4,2005-12-09,035_S_0033,1.0,06/1922,20.0,1922-06-01,83.52361396303901,False,20.0
035_S_0204,1,0.9993,5,2006-02-23,035_S_0204,2.0,12/1934,16.0,1934-12-01,71.23066392881589,True,16.0
035_S_0292,1,8.9993,6,2006-04-12,035_S_0292,1.0,10/1929,16.0,1929-10-01,76.5284052019165,False,16.0
035_S_0997,1,1.4976,6,2007-01-12,035_S_0997,2.0,06/1926,20.0,1926-06-01,80.61601642710473,True,20.0
035_S_2061,0,5.7495,8,2011-01-27,035_S_2061,2.0,08/1944,16.0,1944-08-01,66.48870636550308,True,16.0
035_S_2074,0,3.7509,6,2011-04-07,035_S_2074,1.0,11/1948,16.0,1948-11-01,62.42847364818618,False,16.0
035_S_4114,1,1.7495,10,2011-10-06,035_S_4114,2.0,06/1956,14.0,1956-06-01,55.34565366187543,True,14.0
035_S_4414,1,0.501,6,2012-08-27,035_S_4414,2.0,05/1951,18.0,1951-05-01,61.32511978097194,True,18.0
035_S_4582,1,3.5017,5,2012-09-07,035_S_4582,2.0,08/1945,16.0,1945-08-01,67.10198494182067,True,16.0
035_S_4784,1,0.7502,4,2012-09-13,035_S_4784,2.0,11/1930,16.0,1930-11-01,81.8672142368241,True,16.0
035_S_6480,0,4.9993,5,2018-06-27,035_S_6480,2.0,08/1938,16.0,1938-08-01,79.90417522245038,True,16.0
036_S_0656,0,1.9986,4,2006-07-27,036_S_0656,1.0,12/1923,13.0,1923-12-01,82.652977412731,False,13.0
036_S_0673,0,2.9979,6,2006-08-01,036_S_0673,1.0,04/1928,16.0,1928-04-01,78.33264887063655,False,16.0
036_S_0748,0,1.9986,4,2006-08-28,036_S_0748,1.0,01/1927,16.0,1927-01-01,79.65503080082135,False,16.0
036_S_0869,1,1.9986,6,2006-11-13,036_S_0869,2.0,11/1923,16.0,1923-11-01,83.03353867214237,True,16.0
036_S_0945,0,2.9979,4,2006-11-08,036_S_0945,1.0,06/1934,12.0,1934-06-01,72.43805612594113,False,12.0
036_S_0976,1,2.9979,5,2007-01-09,036_S_0976,1.0,06/1926,15.0,1926-06-01,80.60780287474333,False,15.0
036_S_1135,1,1.9986,5,2007-01-15,036_S_1135,1.0,05/1931,14.0,1931-05-01,75.709787816564,False,14.0
036_S_1240,1,1.9986,5,2007-02-26,036_S_1240,2.0,01/1940,16.0,1940-01-01,67.15400410677618,True,16.0
036_S_2378,0,4.7502,6,2011-10-05,036_S_2378,1.0,06/1951,19.0,1951-06-01,60.34496919917864,False,19.0
036_S_2380,1,9.2512,9,2011-11-10,036_S_2380,1.0,07/1943,16.0,1943-07-01,68.36139630390144,False,16.0
036_S_4430,1,0.2491,6,2012-03-12,036_S_4430,1.0,12/1931,15.0,1931-12-01,80.27926078028747,False,15.0
036_S_4538,1,6.0014,7,2012-08-08,036_S_4538,2.0,04/1933,15.0,1933-04-01,79.35386721423683,True,15.0
036_S_4562,0,1.7495,4,2012-05-23,036_S_4562,1.0,07/1948,18.0,1948-07-01,63.893223819301845,False,18.0
036_S_4714,1,3.7509,5,2012-07-30,036_S_4714,2.0,11/1947,18.0,1947-11-01,64.74469541409994,True,18.0
036_S_4715,1,1.7495,6,2012-07-30,036_S_4715,2.0,08/1955,18.0,1955-08-01,56.99657768651608,True,18.0
036_S_4736,0,1.7495,4,2012-08-13,036_S_4736,1.0,07/1940,20.0,1940-07-01,72.11772758384669,False,20.0
037_S_0150,1,11.499,9,2006-03-10,037_S_0150,1.0,02/1932,12.0,1932-02-01,74.10266940451746,False,12.0
037_S_0377,0,11.5017,8,2007-12-17,037_S_0377,1.0,12/1926,16.0,1926-12-01,81.04312114989733,False,16.0
037_S_0501,1,7.5017,6,2006-12-22,037_S_0501,1.0,05/1928,13.0,1928-05-01,78.64202600958248,False,13.0
037_S_0539,1,1.5003,5,2007-02-09,037_S_0539,1.0,12/1932,20.0,1932-12-01,74.19028062970568,False,20.0
037_S_0566,1,2.4997,8,2007-02-12,037_S_0566,1.0,07/1927,20.0,1927-07-01,79.61943874058863,False,20.0
037_S_0588,1,5.9986,5,2007-01-23,037_S_0588,1.0,03/1942,14.0,1942-03-01,64.89801505817933,False,14.0
037_S_1078,1,5.9986,7,2007-01-08,037_S_1078,1.0,04/1936,16.0,1936-04-01,70.77070499657769,False,16.0
037_S_1225,1,1.4976,5,2007-02-12,037_S_1225,1.0,08/1930,20.0,1930-08-01,76.53388090349075,False,20.0
037_S_1421,0,2.4997,4,2008-03-14,037_S_1421,2.0,03/1933,12.0,1933-03-01,75.0362765229295,True,12.0
037_S_4015,1,1.7495,5,2011-06-24,037_S_4015,2.0,08/1937,20.0,1937-08-01,73.89459274469542,True,20.0
037_S_4030,1,3.7509,7,2011-07-25,037_S_4030,2.0,12/1942,12.0,1942-12-01,68.64613278576317,True,12.0
037_S_4146,0,3.7509,5,2011-11-30,037_S_4146,1.0,11/1949,14.0,1949-11-01,62.078028747433265,False,14.0
037_S_4214,0,9.2512,9,2011-11-23,037_S_4214,1.0,06/1937,20.0,1937-06-01,74.47775496235455,False,20.0
037_S_4302,0,4.7502,6,2012-01-13,037_S_4302,1.0,09/1935,20.0,1935-09-01,76.3668720054757,False,20.0
037_S_4381,0,3.7509,5,2012-04-09,037_S_4381,2.0,01/1957,17.0,1957-01-01,55.26899383983573,True,17.0
037_S_4706,1,0.7502,8,2012-07-30,037_S_4706,1.0,08/1951,14.0,1951-08-01,60.99657768651608,False,14.0
037_S_4750,0,1.7495,4,2012-09-03,037_S_4750,2.0,09/1928,18.0,1928-09-01,84.00547570157427,True,18.0
037_S_6222,1,2.4997,4,2018-05-02,037_S_6222,2.0,06/1944,12.0,1944-06-01,73.91649555099247,True,12.0
041_S_0314,1,2.9979,7,2006-05-08,041_S_0314,1.0,01/1934,19.0,1934-01-01,72.34770704996578,False,19.0
041_S_0679,0,15.499,9,2006-08-04,041_S_0679,1.0,07/1943,18.0,1943-07-01,63.09377138945928,False,18.0
041_S_1010,1,1.9986,6,2007-02-07,041_S_1010,1.0,07/1932,20.0,1932-07-01,74.60369609856262,False,20.0
041_S_1260,0,2.9979,5,2007-03-01,041_S_1260,1.0,11/1935,16.0,1935-11-01,71.32922655715264,False,16.0
041_S_1418,0,12.0,10,2007-08-14,041_S_1418,1.0,01/1926,12.0,1926-01-01,81.61533196440794,False,12.0
041_S_1425,1,2.9979,6,2007-08-17,041_S_1425,2.0,01/1932,16.0,1932-01-01,75.6249144421629,True,16.0
041_S_4004,0,3.7509,6,2011-06-28,041_S_4004,2.0,06/1944,14.0,1944-06-01,67.07186858316221,True,14.0
041_S_4051,0,7.7509,7,2011-08-22,041_S_4051,1.0,09/1940,16.0,1940-09-01,70.97056810403834,False,16.0
041_S_4138,0,3.7509,5,2011-10-19,041_S_4138,2.0,02/1923,14.0,1923-02-01,88.71184120465435,True,14.0
041_S_4143,1,5.7495,7,2011-10-25,041_S_4143,2.0,11/1947,19.0,1947-11-01,63.98083504449008,True,19.0
041_S_4271,1,7.7509,8,2011-12-28,041_S_4271,1.0,11/1949,20.0,1949-11-01,62.15468856947297,False,20.0
041_S_4510,0,5.2512,6,2012-05-07,041_S_4510,2.0,08/1945,12.0,1945-08-01,66.76522929500342,True,12.0
041_S_4513,0,10.7515,9,2012-05-24,041_S_4513,1.0,06/1951,19.0,1951-06-01,60.98015058179329,False,19.0
041_S_4720,0,1.7495,4,2012-08-02,041_S_4720,1.0,11/1934,16.0,1934-11-01,77.75222450376455,False,16.0
041_S_4874,0,9.2512,8,2012-10-29,041_S_4874,2.0,11/1954,18.0,1954-11-01,57.99315537303217,True,18.0
041_S_4876,0,4.7502,5,2012-11-07,041_S_4876,1.0,05/1938,20.0,1938-05-01,74.52156057494867,False,20.0
041_S_4877,0,1.7495,4,2012-11-22,041_S_4877,1.0,03/1928,16.0,1928-03-01,84.72826830937714,False,16.0
041_S_4974,1,4.7502,5,2013-01-10,041_S_4974,1.0,04/1939,19.0,1939-04-01,73.77960301163587,False,19.0
041_S_4989,0,1.7495,4,2013-01-14,041_S_4989,2.0,08/1952,19.0,1952-08-01,60.45448323066393,True,19.0
041_S_6731,1,4.0,4,2019-05-16,041_S_6731,2.0,07/1952,20.0,1952-07-01,66.87200547570157,True,20.0
051_S_1072,0,2.9979,6,2006-12-20,051_S_1072,2.0,01/1947,13.0,1947-01-01,59.96714579055441,True,13.0
051_S_1131,0,2.9979,6,2007-01-18,051_S_1131,1.0,07/1920,7.0,1920-07-01,86.54893908281998,False,7.0
051_S_1331,1,0.9993,5,2007-05-16,051_S_1331,2.0,08/1930,11.0,1930-08-01,76.78850102669405,True,11.0
051_S_4929,1,1.7495,4,2012-11-29,051_S_4929,2.0,12/1936,15.0,1936-12-01,75.99452429842573,True,15.0
052_S_0671,1,8.9993,7,2006-07-05,052_S_0671,2.0,06/1945,12.0,1945-06-01,61.09240246406571,True,12.0
052_S_0952,1,1.9986,5,2006-11-17,052_S_0952,2.0,01/1925,13.0,1925-01-01,81.8754277891855,True,13.0
052_S_0989,0,2.9979,5,2006-12-01,052_S_0989,2.0,07/1942,13.0,1942-07-01,64.41889117043121,True,13.0
052_S_1054,1,1.4976,4,2007-02-27,052_S_1054,1.0,12/1936,10.0,1936-12-01,70.23956194387407,False,10.0
052_S_1346,1,8.0,6,2007-03-23,052_S_1346,1.0,08/1934,12.0,1934-08-01,72.64065708418892,False,12.0
052_S_1352,0,11.499,7,2007-03-19,052_S_1352,1.0,04/1921,16.0,1921-04-01,85.96303901437372,False,16.0
052_S_2249,0,7.2498,6,2011-04-06,052_S_2249,1.0,02/1935,15.0,1935-02-01,76.17522245037645,False,15.0
052_S_4626,0,2.7488,5,2012-06-19,052_S_4626,1.0,01/1943,18.0,1943-01-01,69.46475017111567,False,18.0
052_S_4807,1,2.7488,5,2012-09-28,052_S_4807,2.0,06/1940,16.0,1940-06-01,72.32580424366871,True,16.0
052_S_4885,1,3.7509,5,2012-10-24,052_S_4885,1.0,08/1937,20.0,1937-08-01,75.23066392881589,False,20.0
052_S_4944,0,6.2505,7,2013-01-15,052_S_4944,1.0,10/1944,14.0,1944-10-01,68.290212183436,False,14.0
052_S_4945,1,1.7495,4,2013-01-17,052_S_4945,1.0,04/1956,12.0,1956-04-01,56.79671457905544,False,12.0
053_S_0389,0,2.4997,4,2006-11-03,053_S_0389,2.0,10/1934,16.0,1934-10-01,72.09034907597535,True,16.0
053_S_0507,1,0.9993,4,2006-11-27,053_S_0507,2.0,02/1951,18.0,1951-02-01,55.81930184804928,True,18.0
053_S_0621,0,1.9986,5,2006-06-26,053_S_0621,2.0,02/1944,16.0,1944-02-01,62.39835728952772,True,16.0
053_S_0919,0,8.9993,8,2007-02-15,053_S_0919,1.0,05/1944,18.0,1944-05-01,62.79260780287474,False,18.0
053_S_2357,0,3.7509,5,2011-08-09,053_S_2357,1.0,08/1939,12.0,1939-08-01,72.02190280629706,False,12.0
053_S_2396,0,7.2498,7,2011-11-29,053_S_2396,2.0,04/1941,14.0,1941-04-01,70.6611909650924,True,14.0
053_S_4557,0,1.7495,4,2012-05-22,053_S_4557,2.0,10/1928,12.0,1928-10-01,83.63860369609856,True,12.0
053_S_4661,1,0.2491,4,2012-07-03,053_S_4661,1.0,08/1938,18.0,1938-08-01,73.92197125256673,False,18.0
053_S_4813,0,12.7502,10,2012-09-14,053_S_4813,1.0,11/1944,16.0,1944-11-01,67.86858316221766,False,16.0
057_S_0839,1,1.9986,5,2006-10-06,057_S_0839,2.0,03/1927,9.0,1927-03-01,79.60027378507871,True,9.0
057_S_0941,1,1.4976,4,2006-10-25,057_S_0941,2.0,06/1933,14.0,1933-06-01,73.3990417522245,True,14.0
057_S_1007,1,1.9986,5,2006-11-14,057_S_1007,1.0,06/1934,17.0,1934-06-01,72.45448323066393,False,17.0
057_S_1217,1,0.9993,4,2007-02-14,057_S_1217,2.0,03/1939,16.0,1939-03-01,67.95893223819301,True,16.0
057_S_1265,0,1.9986,4,2007-02-13,057_S_1265,2.0,11/1924,8.0,1924-11-01,82.28336755646818,True,8.0
057_S_1269,0,1.9986,4,2007-02-15,057_S_1269,1.0,08/1933,20.0,1933-08-01,73.54140999315537,False,20.0
057_S_2398,1,0.7502,5,2011-10-13,057_S_2398,1.0,12/1939,13.0,1939-12-01,71.86584531143053,False,13.0
057_S_4888,1,0.2491,5,2012-10-24,057_S_4888,1.0,10/1937,12.0,1937-10-01,75.06365503080082,False,12.0
062_S_1182,0,1.9986,4,2007-02-13,062_S_1182,2.0,11/1930,18.0,1930-11-01,76.28473648186174,True,18.0
067_S_0077,1,0.9993,5,2006-02-08,067_S_0077,1.0,03/1926,18.0,1926-03-01,79.94250513347022,False,18.0
067_S_0098,1,2.9979,4,2006-03-29,067_S_0098,2.0,08/1921,16.0,1921-08-01,84.65708418891171,True,16.0
067_S_0176,0,2.9979,5,2006-05-22,067_S_0176,1.0,06/1931,19.0,1931-06-01,74.97330595482546,False,19.0
067_S_0290,0,2.9979,5,2006-05-10,067_S_0290,1.0,01/1931,16.0,1931-01-01,75.35386721423683,False,16.0
067_S_0607,0,1.9986,6,2006-12-05,067_S_0607,2.0,05/1928,14.0,1928-05-01,78.59548254620123,True,14.0
067_S_2195,1,3.7509,6,2011-03-17,067_S_2195,1.0,11/1942,13.0,1942-11-01,68.37234770704997,False,13.0
067_S_2196,0,1.7495,4,2011-03-04,067_S_2196,2.0,08/1942,14.0,1942-08-01,68.5886379192334,True,14.0
067_S_2301,0,8.2491,8,2011-06-01,067_S_2301,1.0,05/1945,19.0,1945-05-01,66.08350444900753,False,19.0
067_S_2304,0,10.2505,10,2011-06-09,067_S_2304,1.0,10/1949,17.0,1949-10-01,61.686516084873375,False,17.0
067_S_4054,0,1.7495,4,2011-08-18,067_S_4054,2.0,01/1943,19.0,1943-01-01,68.62696783025325,True,19.0
067_S_4072,0,5.7495,6,2011-09-09,067_S_4072,2.0,02/1949,16.0,1949-02-01,62.600958247775495,True,16.0
067_S_4184,0,5.7495,6,2011-11-28,067_S_4184,2.0,04/1949,20.0,1949-04-01,62.65845311430527,True,20.0
067_S_4212,0,9.7495,7,2011-11-28,067_S_4212,1.0,12/1946,20.0,1946-12-01,64.99110198494182,False,20.0
067_S_4310,0,3.7509,5,2012-01-13,067_S_4310,2.0,06/1949,17.0,1949-06-01,62.61738535249829,True,17.0
067_S_4767,0,6.7488,8,2012-08-31,067_S_4767,2.0,01/1946,18.0,1946-01-01,66.66392881587953,True,18.0
067_S_4782,1,8.7502,9,2012-10-05,067_S_4782,1.0,07/1940,16.0,1940-07-01,72.26283367556468,False,16.0
067_S_6529,1,2.9979,4,2018-08-21,067_S_6529,2.0,04/1958,16.0,1958-04-01,60.388774811772755,True,16.0
068_S_0802,0,12.501,8,2006-10-18,068_S_0802,2.0,09/1925,8.0,1925-09-01,81.12799452429843,True,8.0
068_S_2168,0,2.7488,4,2011-07-15,068_S_2168,1.0,07/1939,16.0,1939-07-01,72.03832991101984,False,16.0
068_S_2184,0,11.2498,7,2011-07-05,068_S_2184,2.0,06/1930,16.0,1930-06-01,81.09240246406571,True,16.0
068_S_2187,0,9.7495,9,2011-07-05,068_S_2187,2.0,02/1953,13.0,1953-02-01,58.42026009582478,True,13.0
068_S_2248,1,1.7495,4,2011-07-05,068_S_2248,1.0,11/1934,12.0,1934-11-01,76.67351129363449,False,12.0
068_S_2315,0,10.7515,6,2011-10-14,068_S_2315,2.0,11/1942,13.0,1942-11-01,68.95003422313484,True,13.0
068_S_4061,0,8.2491,7,2011-08-26,068_S_4061,2.0,03/1947,16.0,1947-03-01,64.48733744010951,True,16.0
068_S_4067,0,5.7495,4,2011-08-26,068_S_4067,1.0,06/1946,16.0,1946-06-01,65.23477070499658,False,16.0
068_S_4217,0,1.7495,4,2011-12-01,068_S_4217,1.0,04/1935,16.0,1935-04-01,76.66803559206024,False,16.0
068_S_4332,0,7.7509,5,2012-01-30,068_S_4332,1.0,10/1942,14.0,1942-10-01,69.3305954825462,False,14.0
070_S_6229,0,6.4997,5,2018-02-13,070_S_6229,1.0,03/1938,18.0,1938-03-01,79.95619438740589,False,18.0
070_S_6236,0,4.0,5,2018-02-15,070_S_6236,1.0,03/1935,18.0,1935-03-01,82.96235455167694,False,18.0
072_S_2027,0,1.7495,4,2010-12-03,072_S_2027,2.0,08/1948,14.0,1948-08-01,62.338124572210816,True,14.0
072_S_2037,0,3.7509,6,2010-11-23,072_S_2037,1.0,10/1934,16.0,1934-10-01,76.145106091718,False,16.0
072_S_2072,0,3.7509,6,2010-12-21,072_S_2072,1.0,11/1937,16.0,1937-11-01,73.13620807665983,False,16.0
072_S_2083,0,3.7509,6,2010-12-27,072_S_2083,2.0,05/1922,12.0,1922-05-01,88.65708418891171,True,12.0
072_S_2093,0,3.7509,6,2011-01-21,072_S_2093,2.0,03/1951,16.0,1951-03-01,59.893223819301845,True,16.0
072_S_2116,0,3.7509,6,2011-01-28,072_S_2116,1.0,02/1949,17.0,1949-02-01,61.987679671457904,False,17.0
072_S_2164,0,3.7509,6,2011-03-03,072_S_2164,2.0,12/1939,16.0,1939-12-01,71.25256673511294,True,16.0
072_S_4057,1,0.2491,4,2011-08-17,072_S_4057,1.0,03/1930,16.0,1930-03-01,81.46201232032854,False,16.0
072_S_4063,0,2.7488,5,2011-08-19,072_S_4063,2.0,03/1952,13.0,1952-03-01,59.46611909650924,True,13.0
072_S_4206,0,2.7488,5,2011-11-29,072_S_4206,1.0,01/1943,17.0,1943-01-01,68.90896646132786,False,17.0
072_S_4226,0,2.7488,4,2011-12-13,072_S_4226,2.0,10/1948,17.0,1948-10-01,63.19780971937029,True,17.0
072_S_4383,0,2.7488,5,2012-02-27,072_S_4383,1.0,12/1939,18.0,1939-12-01,72.24093086926763,False,18.0
072_S_4390,0,2.7488,5,2012-02-28,072_S_4390,2.0,09/1935,12.0,1935-09-01,76.49281314168378,True,12.0
072_S_4394,0,2.7488,5,2012-03-22,072_S_4394,2.0,01/1936,18.0,1936-01-01,76.22176591375771,True,18.0
072_S_4445,0,1.7495,4,2012-03-22,072_S_4445,1.0,03/1938,14.0,1938-03-01,74.05886379192334,False,14.0
072_S_4462,0,1.7495,4,2012-04-24,072_S_4462,1.0,09/1940,18.0,1940-09-01,71.64407939767283,False,18.0
072_S_4465,0,1.7495,4,2012-04-30,072_S_4465,2.0,12/1950,16.0,1950-12-01,61.412731006160165,True,16.0
072_S_4522,0,2.7488,5,2012-05-10,072_S_4522,1.0,04/1945,18.0,1945-04-01,67.10746064339493,False,18.0
072_S_4539,0,2.7488,5,2012-05-25,072_S_4539,2.0,09/1945,20.0,1945-09-01,66.7296372347707,True,20.0
072_S_4613,0,1.7495,4,2012-06-21,072_S_4613,1.0,05/1944,20.0,1944-05-01,68.13963039014374,False,20.0
072_S_4769,0,1.7495,4,2012-09-27,072_S_4769,2.0,06/1954,14.0,1954-06-01,58.32443531827516,True,14.0
072_S_4871,0,1.7495,4,2012-10-30,072_S_4871,2.0,02/1946,14.0,1946-02-01,66.74332648870636,True,14.0
072_S_4941,0,1.7495,4,2012-12-24,072_S_4941,1.0,07/1952,14.0,1952-07-01,60.48186173853525,False,14.0
073_S_0518,1,1.9986,4,2006-12-21,073_S_0518,1.0,04/1937,20.0,1937-04-01,69.72210814510609,False,20.0
073_S_0746,0,8.9993,9,2007-03-07,073_S_0746,2.0,01/1933,18.0,1933-01-01,74.17659137577002,True,18.0
073_S_0909,1,2.9979,5,2006-11-27,073_S_0909,2.0,07/1937,18.0,1937-07-01,69.4072553045859,True,18.0
073_S_2153,0,2.7488,5,2011-07-01,073_S_2153,1.0,04/1934,14.0,1934-04-01,77.24845995893224,False,14.0
073_S_2182,0,10.7515,6,2011-07-01,073_S_2182,1.0,05/1945,20.0,1945-05-01,66.16563997262149,False,20.0
073_S_2190,0,1.7495,4,2011-07-01,073_S_2190,1.0,07/1928,20.0,1928-07-01,82.99794661190965,False,20.0
073_S_2191,0,8.7502,7,2011-07-01,073_S_2191,2.0,03/1944,18.0,1944-03-01,67.33196440793976,True,18.0
073_S_2225,0,3.7509,6,2011-07-01,073_S_2225,1.0,07/1940,20.0,1940-07-01,70.99794661190965,False,20.0
073_S_2264,0,3.7509,6,2011-07-01,073_S_2264,1.0,08/1941,18.0,1941-08-01,69.91375770020534,False,18.0
073_S_4216,0,8.2491,6,2011-11-28,073_S_4216,1.0,04/1955,14.0,1955-04-01,56.65982203969884,False,14.0
073_S_4259,0,1.7495,4,2012-01-06,073_S_4259,2.0,09/1948,20.0,1948-09-01,63.34565366187543,True,20.0
073_S_4300,0,1.7495,4,2012-01-12,073_S_4300,2.0,03/1931,16.0,1931-03-01,80.86789869952088,True,16.0
073_S_4311,0,3.7509,5,2012-01-19,073_S_4311,2.0,04/1939,18.0,1939-04-01,72.8021902806297,True,18.0
073_S_4312,0,3.7509,5,2012-01-19,073_S_4312,1.0,07/1942,17.0,1942-07-01,69.55236139630391,False,17.0
073_S_4360,0,3.7509,5,2012-02-06,073_S_4360,2.0,05/1952,20.0,1952-05-01,59.76728268309377,True,20.0
073_S_4443,0,3.7509,5,2012-04-03,073_S_4443,1.0,02/1944,12.0,1944-02-01,68.1697467488022,False,12.0
073_S_4614,0,3.7509,5,2012-06-21,073_S_4614,2.0,07/1944,20.0,1944-07-01,67.97262149212868,True,20.0
073_S_4777,1,3.7509,5,2012-09-05,073_S_4777,2.0,09/1927,14.0,1927-09-01,85.01300479123887,True,14.0
082_S_0928,0,1.4976,5,2006-11-02,082_S_0928,2.0,11/1923,20.0,1923-11-01,83.00342231348391,True,20.0
082_S_2099,0,1.7495,4,2011-01-20,082_S_2099,2.0,12/1926,18.0,1926-12-01,84.13689253935661,True,18.0
082_S_2121,0,11.2498,9,2011-02-02,082_S_2121,2.0,12/1942,14.0,1942-12-01,68.17248459958932,True,14.0
082_S_2307,0,1.7495,4,2011-06-09,082_S_2307,2.0,07/1932,18.0,1932-07-01,78.93771389459275,True,18.0
082_S_4244,0,1.7495,4,2012-01-12,082_S_4244,1.0,05/1920,20.0,1920-05-01,91.69883641341546,False,20.0
094_S_0921,0,2.9979,5,2006-10-24,094_S_0921,1.0,05/1935,19.0,1935-05-01,71.48254620123203,False,19.0
094_S_1188,0,1.9986,4,2007-01-18,094_S_1188,2.0,09/1925,18.0,1925-09-01,81.37987679671458,True,18.0
094_S_1293,0,1.9986,5,2007-03-29,094_S_1293,1.0,01/1930,16.0,1930-01-01,77.2375085557837,False,16.0
094_S_1417,0,2.9979,4,2007-08-03,094_S_1417,1.0,06/1944,12.0,1944-06-01,63.17043121149897,False,12.0
094_S_2216,1,1.7495,6,2011-06-23,094_S_2216,1.0,12/1942,14.0,1942-12-01,68.55852156057495,False,14.0
094_S_2238,0,11.2498,9,2011-04-28,094_S_2238,1.0,06/1942,18.0,1942-06-01,68.90622861054072,False,18.0
094_S_2367,1,3.7509,5,2011-08-25,094_S_2367,1.0,07/1936,20.0,1936-07-01,75.14852840520192,False,20.0
094_S_4162,1,1.7495,5,2011-11-03,094_S_4162,2.0,04/1940,16.0,1940-04-01,71.58932238193019,True,16.0
094_S_4434,0,3.7509,5,2012-04-04,094_S_4434,1.0,05/1945,17.0,1945-05-01,66.92676249144422,False,17.0
094_S_4630,0,3.7509,5,2012-07-18,094_S_4630,2.0,10/1946,16.0,1946-10-01,65.79603011635866,True,16.0
094_S_4858,0,3.7509,5,2012-10-29,094_S_4858,1.0,07/1957,16.0,1957-07-01,55.32922655715264,False,16.0
098_S_0160,0,4.0,7,2006-02-14,098_S_0160,1.0,10/1930,16.0,1930-10-01,75.37303216974675,False,16.0
098_S_0667,1,1.9986,6,2006-07-26,098_S_0667,1.0,06/1937,20.0,1937-06-01,69.14989733059548,False,20.0
098_S_2047,1,1.7495,5,2010-12-07,098_S_2047,1.0,03/1933,18.0,1933-03-01,77.76865160848733,False,18.0
098_S_2052,0,3.7509,5,2010-12-30,098_S_2052,1.0,07/1937,20.0,1937-07-01,73.49760438056126,False,20.0
098_S_2079,0,5.7495,7,2011-01-12,098_S_2079,1.0,02/1945,13.0,1945-02-01,65.9438740588638,False,13.0
099_S_0051,0,2.9979,4,2005-12-29,099_S_0051,1.0,05/1939,18.0,1939-05-01,66.66392881587953,False,18.0
099_S_0054,1,0.9993,4,2005-12-29,099_S_0054,2.0,10/1924,20.0,1924-10-01,81.24298425735797,True,20.0
099_S_1034,0,2.9979,6,2006-12-15,099_S_1034,1.0,09/1931,18.0,1931-09-01,75.28815879534565,False,18.0
099_S_2042,0,1.7495,4,2010-11-24,099_S_2042,1.0,01/1941,20.0,1941-01-01,69.89459274469542,False,20.0
099_S_2063,0,3.7509,6,2011-01-31,099_S_2063,1.0,06/1942,16.0,1942-06-01,68.66803559206024,False,16.0
099_S_2146,0,6.7488,8,2011-02-17,099_S_2146,1.0,06/1944,18.0,1944-06-01,66.71321013004791,False,18.0
099_S_2205,0,1.7495,4,2011-04-25,099_S_2205,1.0,02/1926,12.0,1926-02-01,85.22655715263518,False,12.0
099_S_4157,0,1.7495,4,2011-11-03,099_S_4157,2.0,06/1930,19.0,1930-06-01,81.4236824093087,True,19.0
099_S_4205,0,1.7495,4,2011-11-22,099_S_4205,2.0,04/1930,18.0,1930-04-01,81.64271047227926,True,18.0
099_S_4463,0,1.7495,4,2012-04-13,099_S_4463,1.0,07/1945,13.0,1945-07-01,66.78439425051334,False,13.0
099_S_4480,0,1.7495,4,2012-04-17,099_S_4480,2.0,04/1948,12.0,1948-04-01,64.04380561259411,True,12.0
099_S_4498,0,3.7509,5,2012-05-28,099_S_4498,2.0,08/1934,14.0,1934-08-01,77.82340862422998,True,14.0
099_S_4565,0,1.7495,4,2012-05-28,099_S_4565,1.0,10/1929,12.0,1929-10-01,82.65571526351813,False,12.0
099_S_6632,1,1.9986,4,2018-12-10,099_S_6632,2.0,06/1944,14.0,1944-06-01,74.5242984257358,True,14.0
100_S_0006,0,2.9979,6,2005-12-01,100_S_0006,2.0,06/1925,13.0,1925-06-01,80.50102669404518,True,13.0
100_S_0296,0,9.9986,7,2006-04-28,100_S_0296,1.0,01/1927,10.0,1927-01-01,79.32101300479124,False,10.0
100_S_0892,1,1.4976,5,2007-02-28,100_S_0892,2.0,12/1933,12.0,1933-12-01,73.24298425735797,True,12.0
100_S_4556,0,9.2512,8,2012-07-20,100_S_4556,1.0,04/1939,20.0,1939-04-01,73.30321697467488,False,20.0
109_S_0950,0,1.9986,4,2006-12-12,109_S_0950,1.0,03/1933,17.0,1933-03-01,73.782340862423,False,17.0
109_S_1114,0,1.9986,4,2007-01-10,109_S_1114,2.0,07/1928,12.0,1928-07-01,78.52703627652294,True,12.0
109_S_1183,0,1.9986,5,2007-01-23,109_S_1183,1.0,09/1926,16.0,1926-09-01,80.39425051334702,False,16.0
109_S_2200,0,3.7509,5,2011-03-16,109_S_2200,2.0,11/1934,14.0,1934-11-01,76.36960985626284,True,14.0
109_S_4380,0,12.7502,8,2012-02-27,109_S_4380,1.0,01/1940,17.0,1940-01-01,72.15605749486653,False,17.0
109_S_4455,0,2.7488,5,2012-04-12,109_S_4455,1.0,11/1947,18.0,1947-11-01,64.44626967830253,False,18.0
109_S_4531,0,3.7509,6,2012-05-08,109_S_4531,1.0,05/1938,20.0,1938-05-01,74.02053388090349,False,20.0
109_S_4594,0,3.7509,5,2012-06-12,109_S_4594,1.0,02/1950,20.0,1950-02-01,62.36002737850787,False,20.0
114_S_0378,0,2.9979,5,2006-04-30,114_S_0378,2.0,03/1937,16.0,1937-03-01,69.16358658453115,True,16.0
114_S_0410,0,1.4976,4,2006-05-11,114_S_0410,2.0,12/1944,16.0,1944-12-01,61.440109514031484,True,16.0
114_S_1103,0,1.4976,4,2006-12-08,114_S_1103,1.0,11/1923,18.0,1923-11-01,83.10198494182067,False,18.0
114_S_1106,0,2.9979,5,2006-12-12,114_S_1106,2.0,11/1932,18.0,1932-11-01,74.11088295687885,True,18.0
114_S_1118,0,2.9979,6,2007-01-03,114_S_1118,1.0,05/1924,12.0,1924-05-01,82.67488021902807,False,12.0
114_S_2392,0,10.7515,11,2011-10-10,114_S_2392,2.0,01/1947,18.0,1947-01-01,64.77207392197126,True,18.0
114_S_4404,1,5.2512,8,2012-03-02,114_S_4404,2.0,05/1929,12.0,1929-05-01,82.83641341546885,True,12.0
114_S_5047,0,4.2491,6,2013-02-28,114_S_5047,2.0,01/1944,16.0,1944-01-01,69.160848733744,True,16.0
116_S_0361,0,3.5017,5,2006-11-16,116_S_0361,1.0,10/1931,17.0,1931-10-01,75.12662559890487,False,17.0
116_S_0649,1,1.9986,7,2006-08-16,116_S_0649,1.0,11/1919,20.0,1919-11-01,86.78986995208761,False,20.0
116_S_0752,1,0.9993,8,2006-08-29,116_S_0752,2.0,08/1924,16.0,1924-08-01,82.07529089664614,True,16.0
116_S_0834,1,0.9993,6,2006-10-25,116_S_0834,1.0,11/1942,13.0,1942-11-01,63.98083504449008,False,13.0
116_S_1243,1,2.9979,4,2007-03-06,116_S_1243,1.0,10/1929,16.0,1929-10-01,77.42642026009582,False,16.0
116_S_1271,1,1.9986,4,2007-03-27,116_S_1271,1.0,11/1935,16.0,1935-11-01,71.40041067761807,False,16.0
116_S_1315,1,2.9979,4,2007-04-03,116_S_1315,2.0,10/1923,14.0,1923-10-01,83.50444900752909,True,14.0
116_S_4167,1,0.7502,5,2011-11-07,116_S_4167,2.0,01/1942,16.0,1942-01-01,69.84804928131418,True,16.0
116_S_4175,0,3.7509,5,2011-11-09,116_S_4175,1.0,02/1936,20.0,1936-02-01,75.77002053388091,False,20.0
116_S_4199,0,8.2491,8,2011-11-21,116_S_4199,1.0,08/1952,16.0,1952-08-01,59.304585900068446,False,16.0
116_S_4635,0,3.7509,5,2012-06-25,116_S_4635,2.0,07/1939,12.0,1939-07-01,72.98562628336755,True,12.0
116_S_4898,0,1.7495,4,2012-11-02,116_S_4898,1.0,06/1937,20.0,1937-06-01,75.42231348391513,False,20.0
116_S_6550,0,2.9979,4,2018-08-07,116_S_6550,2.0,09/1962,13.0,1962-09-01,55.931553730321696,True,13.0
123_S_0050,1,0.4983,4,2005-12-02,123_S_0050,1.0,03/1928,16.0,1928-03-01,77.75496235455168,False,16.0
123_S_0108,1,1.4976,7,2006-02-14,123_S_0108,1.0,10/1927,18.0,1927-10-01,78.37371663244353,False,18.0
123_S_0390,1,1.5003,4,2006-11-06,123_S_0390,1.0,10/1925,16.0,1925-10-01,81.09787816563997,False,16.0
123_S_1300,0,9.9986,6,2007-03-30,123_S_1300,2.0,09/1933,12.0,1933-09-01,73.57426420260096,True,12.0
123_S_2055,0,3.7509,6,2010-12-08,123_S_2055,1.0,06/1935,18.0,1935-06-01,75.52087611225188,False,18.0
123_S_2363,0,2.7488,5,2011-08-01,123_S_2363,1.0,06/1952,13.0,1952-06-01,59.16495550992471,False,13.0
123_S_4127,0,12.7502,11,2011-10-20,123_S_4127,2.0,06/1948,16.0,1948-06-01,63.383983572895275,True,16.0
123_S_4170,0,12.7502,10,2011-11-03,123_S_4170,2.0,12/1945,18.0,1945-12-01,65.92197125256673,True,18.0
123_S_4780,0,1.7495,4,2012-08-31,123_S_4780,2.0,03/1942,16.0,1942-03-01,70.50239561943874,True,16.0
123_S_4806,0,1.7495,4,2012-09-11,123_S_4806,1.0,07/1956,19.0,1956-07-01,56.19712525667351,False,19.0
126_S_0708,1,1.9986,5,2006-07-26,126_S_0708,1.0,02/1930,16.0,1930-02-01,76.47912388774812,False,16.0
126_S_0709,0,2.9979,5,2006-08-10,126_S_0709,1.0,09/1922,8.0,1922-09-01,83.93976728268309,False,8.0
126_S_0865,1,2.9979,5,2006-11-21,126_S_0865,1.0,03/1933,10.0,1933-03-01,73.72484599589322,False,10.0
126_S_1077,1,1.4976,4,2006-12-19,126_S_1077,1.0,07/1923,15.0,1923-07-01,83.46885694729637,False,15.0
126_S_1187,0,4.9993,5,2007-02-08,126_S_1187,1.0,08/1930,12.0,1930-08-01,76.52292950034223,False,12.0
126_S_2360,0,3.7509,5,2011-08-24,126_S_2360,1.0,04/1948,15.0,1948-04-01,63.39493497604381,False,15.0
126_S_2405,0,3.7509,5,2012-01-10,126_S_2405,2.0,02/1940,13.0,1940-02-01,71.93976728268309,True,13.0
126_S_2407,0,3.7509,5,2012-03-06,126_S_2407,2.0,11/1943,16.0,1943-11-01,68.34496919917865,True,16.0
126_S_4458,1,0.7502,5,2012-04-10,126_S_4458,2.0,12/1935,16.0,1935-12-01,76.3586584531143,True,16.0
126_S_4507,1,1.7495,7,2012-04-26,126_S_4507,1.0,12/1933,16.0,1933-12-01,78.40109514031485,False,16.0
126_S_4514,0,11.2498,10,2012-04-30,126_S_4514,2.0,06/1944,14.0,1944-06-01,67.91238877481177,True,14.0
126_S_4675,1,1.7495,4,2012-07-10,126_S_4675,1.0,06/1932,12.0,1932-06-01,80.10677618069815,False,12.0
126_S_4712,1,0.7502,4,2012-07-30,126_S_4712,1.0,12/1937,17.0,1937-12-01,74.6611909650924,False,17.0
126_S_4891,1,6.7488,11,2012-10-25,126_S_4891,1.0,11/1952,15.0,1952-11-01,59.98083504449008,False,15.0
126_S_4896,0,7.7509,8,2012-10-29,126_S_4896,1.0,06/1944,12.0,1944-06-01,68.41067761806981,False,12.0
126_S_6724,1,0.9993,4,2019-04-23,126_S_6724,1.0,11/1943,17.0,1943-11-01,75.47433264887064,False,17.0
127_S_0112,0,4.0,6,2006-02-01,127_S_0112,1.0,05/1935,18.0,1935-05-01,70.75701574264203,False,18.0
127_S_0925,0,2.9979,6,2006-11-28,127_S_0925,1.0,04/1932,12.0,1932-04-01,74.65845311430527,False,12.0
127_S_1032,1,9.9986,5,2006-12-19,127_S_1032,1.0,02/1922,18.0,1922-02-01,84.8788501026694,False,18.0
127_S_1140,0,2.9979,5,2007-01-16,127_S_1140,1.0,07/1922,18.0,1922-07-01,84.5448323066393,False,18.0
127_S_1419,0,2.9979,5,2007-08-28,127_S_1419,1.0,08/1929,17.0,1929-08-01,78.072553045859,False,17.0
127_S_1427,1,0.9993,9,2007-09-03,127_S_1427,2.0,01/1938,12.0,1938-01-01,69.67008898015058,True,12.0
127_S_2213,1,5.7495,7,2011-03-21,127_S_2213,2.0,08/1928,14.0,1928-08-01,82.63381245722108,True,14.0
127_S_2234,0,13.7495,13,2011-03-21,127_S_2234,2.0,04/1947,16.0,1947-04-01,63.969883641341546,True,16.0
127_S_4197,1,5.7495,8,2011-11-16,127_S_4197,1.0,04/1932,20.0,1932-04-01,79.6249144421629,False,20.0
127_S_4210,0,10.7515,11,2011-11-23,127_S_4210,1.0,09/1947,18.0,1947-09-01,64.22724161533196,False,18.0
127_S_4240,1,0.2491,4,2011-12-16,127_S_4240,1.0,11/1940,20.0,1940-11-01,71.1211498973306,False,20.0
127_S_4301,0,5.7495,7,2012-01-17,127_S_4301,1.0,03/1937,18.0,1937-03-01,74.88021902806297,False,18.0
127_S_4624,0,3.7509,5,2012-08-22,127_S_4624,2.0,08/1934,13.0,1934-08-01,78.05886379192334,True,13.0
127_S_4765,1,3.7509,6,2012-08-31,127_S_4765,1.0,06/1936,16.0,1936-06-01,76.24914442162903,False,16.0
127_S_4928,1,0.2491,6,2012-11-29,127_S_4928,1.0,11/1934,16.0,1934-11-01,78.07802874743327,False,16.0
127_S_6241,1,1.9986,7,2018-05-30,127_S_6241,2.0,03/1946,18.0,1946-03-01,72.24640657084188,True,18.0
127_S_6512,0,7.499,7,2018-08-28,127_S_6512,1.0,06/1940,14.0,1940-06-01,78.23956194387407,False,14.0
128_S_0135,0,1.4976,4,2006-02-17,128_S_0135,2.0,09/1923,18.0,1923-09-01,82.46406570841889,True,18.0
128_S_0188,0,2.9979,5,2006-02-22,128_S_0188,1.0,12/1919,16.0,1919-12-01,86.22861054072553,False,16.0
128_S_0200,0,19.499,7,2006-03-07,128_S_0200,1.0,08/1944,16.0,1944-08-01,61.596167008898014,False,16.0
128_S_0205,0,16.501,7,2006-02-28,128_S_0205,2.0,08/1939,18.0,1939-08-01,66.57905544147845,True,18.0
128_S_0225,0,1.9986,5,2006-03-08,128_S_0225,2.0,10/1923,17.0,1923-10-01,82.43394934976044,True,17.0
128_S_0227,0,1.9986,5,2006-04-13,128_S_0227,2.0,07/1926,12.0,1926-07-01,79.78370978781656,True,12.0
128_S_0258,1,1.5003,4,2006-10-31,128_S_0258,2.0,11/1934,14.0,1934-11-01,71.99726214921287,True,14.0
128_S_0608,0,2.9979,4,2006-06-15,128_S_0608,2.0,12/1937,20.0,1937-12-01,68.5366187542779,True,20.0
128_S_0611,0,1.4976,4,2006-06-21,128_S_0611,2.0,06/1934,16.0,1934-06-01,72.05475701574264,True,16.0
128_S_1088,0,2.9979,5,2007-01-05,128_S_1088,1.0,12/1918,18.0,1918-12-01,88.09582477754962,False,18.0
128_S_1148,1,1.9986,4,2007-01-17,128_S_1148,2.0,03/1937,14.0,1937-03-01,69.88090349075975,True,14.0
128_S_2002,0,10.7515,10,2010-09-15,128_S_2002,1.0,07/1945,16.0,1945-07-01,65.20739219712526,False,16.0
128_S_2036,0,8.7502,7,2010-12-30,128_S_2036,2.0,11/1943,14.0,1943-11-01,67.16221765913758,True,14.0
128_S_2045,0,3.7509,6,2011-01-14,128_S_2045,1.0,04/1938,16.0,1938-04-01,72.78850102669405,False,16.0
128_S_2123,0,10.5024,8,2011-05-10,128_S_2123,2.0,11/1946,18.0,1946-11-01,64.5201916495551,True,18.0
128_S_2130,1,3.0007,6,2012-01-19,128_S_2130,1.0,05/1934,16.0,1934-05-01,77.71937029431896,False,16.0
128_S_2220,1,11.2498,8,2011-04-27,128_S_2220,1.0,11/1928,20.0,1928-11-01,82.48323066392882,False,20.0
128_S_4553,0,1.7495,4,2012-05-17,128_S_4553,2.0,08/1943,17.0,1943-08-01,68.7939767282683,True,17.0
128_S_4571,0,1.7495,4,2012-05-24,128_S_4571,1.0,08/1951,14.0,1951-08-01,60.813141683778234,False,14.0
128_S_4636,0,3.7509,5,2012-06-20,128_S_4636,2.0,03/1935,16.0,1935-03-01,77.30595482546201,True,16.0
128_S_4653,0,1.7495,4,2012-06-28,128_S_4653,2.0,11/1931,12.0,1931-11-01,80.65708418891171,True,12.0
128_S_4742,0,12.7502,10,2012-08-15,128_S_4742,2.0,10/1941,14.0,1941-10-01,70.87200547570157,True,14.0
128_S_4842,0,5.2512,6,2012-09-28,128_S_4842,2.0,06/1939,12.0,1939-06-01,73.32785763175907,True,12.0
128_S_5066,0,1.7495,4,2013-03-13,128_S_5066,1.0,03/1933,17.0,1933-03-01,80.03285420944559,False,17.0
129_S_1246,0,2.9979,5,2007-03-12,129_S_1246,1.0,09/1934,14.0,1934-09-01,72.52566735112936,False,14.0
129_S_2332,0,9.7495,10,2011-06-29,129_S_2332,2.0,08/1940,16.0,1940-08-01,70.90759753593429,True,16.0
129_S_2347,0,2.7488,5,2011-08-15,129_S_2347,1.0,03/1940,18.0,1940-03-01,71.4551676933607,False,18.0
129_S_4220,0,1.7495,4,2011-12-02,129_S_4220,2.0,06/1940,18.0,1940-06-01,71.50171115674196,True,18.0
129_S_4287,0,3.7509,5,2012-01-04,129_S_4287,2.0,11/1940,17.0,1940-11-01,71.1731690622861,True,17.0
129_S_6830,0,2.9979,4,2019-11-04,129_S_6830,1.0,10/1929,16.0,1929-10-01,90.09171800136893,False,16.0
130_S_0102,0,1.4976,4,2006-01-13,130_S_0102,2.0,09/1935,20.0,1935-09-01,70.36824093086926,True,20.0
130_S_0285,0,4.0,4,2006-04-03,130_S_0285,1.0,07/1940,10.0,1940-07-01,65.75496235455168,False,10.0
130_S_0449,0,1.9986,4,2006-06-28,130_S_0449,2.0,10/1939,14.0,1939-10-01,66.74058863791923,True,14.0
130_S_0505,0,2.9979,5,2006-10-11,130_S_0505,1.0,12/1926,16.0,1926-12-01,79.86036960985626,False,16.0
130_S_0783,0,1.9986,5,2006-08-29,130_S_0783,2.0,05/1927,18.0,1927-05-01,79.32922655715264,True,18.0
130_S_2373,1,5.7495,11,2011-09-05,130_S_2373,2.0,04/1932,13.0,1932-04-01,79.42778918548939,True,13.0
130_S_2391,0,4.7502,4,2011-09-23,130_S_2391,2.0,09/1939,12.0,1939-09-01,72.06023271731691,True,12.0
130_S_2403,1,1.7495,6,2012-12-15,130_S_2403,2.0,07/1932,15.0,1932-07-01,80.45722108145107,True,15.0
130_S_4250,1,1.7495,4,2011-12-29,130_S_4250,1.0,03/1933,20.0,1933-03-01,78.82819986310746,False,20.0
130_S_4294,1,5.7495,10,2012-01-06,130_S_4294,2.0,07/1936,16.0,1936-07-01,75.51540041067761,True,16.0
130_S_4405,0,6.2505,7,2012-03-02,130_S_4405,1.0,06/1940,18.0,1940-06-01,71.75085557837097,False,18.0
130_S_4415,1,1.7495,6,2012-03-05,130_S_4415,2.0,10/1936,13.0,1936-10-01,75.42505133470226,True,13.0
130_S_4417,0,8.2491,9,2012-03-06,130_S_4417,1.0,07/1937,16.0,1937-07-01,74.68035592060232,False,16.0
130_S_4468,0,1.7495,4,2012-04-11,130_S_4468,2.0,09/1949,16.0,1949-09-01,62.60917180013689,True,16.0
130_S_4542,1,0.2491,5,2012-05-11,130_S_4542,2.0,11/1932,16.0,1932-11-01,79.52361396303901,True,16.0
130_S_4817,0,8.7502,9,2012-09-20,130_S_4817,1.0,10/1951,20.0,1951-10-01,60.9719370294319,False,20.0
130_S_4883,0,1.7495,4,2012-10-23,130_S_4883,2.0,06/1936,18.0,1936-06-01,76.39425051334702,True,18.0
130_S_4925,0,1.7495,4,2012-11-27,130_S_4925,1.0,09/1937,12.0,1937-09-01,75.23887748117727,False,12.0
130_S_6047,0,2.9979,4,2017-06-28,130_S_6047,2.0,06/1946,16.0,1946-06-01,71.07460643394936,True,16.0
130_S_6604,0,2.9979,4,2018-10-08,130_S_6604,1.0,06/1933,15.0,1933-06-01,85.35249828884326,False,15.0
130_S_6688,0,3.499,4,2019-02-07,130_S_6688,1.0,08/1940,18.0,1940-08-01,78.51882272416154,False,18.0
131_S_0384,0,11.0007,6,2006-10-24,131_S_0384,1.0,06/1926,14.0,1926-06-01,80.39698836413416,False,14.0
131_S_1389,1,1.4976,5,2007-04-26,131_S_1389,1.0,01/1931,18.0,1931-01-01,76.31485284052019,False,18.0
133_S_0629,0,1.4976,5,2006-07-19,133_S_0629,1.0,08/1935,20.0,1935-08-01,70.96509240246407,False,20.0
133_S_0638,1,0.9993,7,2006-09-06,133_S_0638,1.0,04/1923,17.0,1923-04-01,83.43326488706366,False,17.0
133_S_0727,1,1.4976,6,2006-09-20,133_S_0727,2.0,05/1937,12.0,1937-05-01,69.38809034907598,True,12.0
133_S_0771,0,1.9986,5,2006-10-04,133_S_0771,2.0,06/1932,19.0,1932-06-01,74.34086242299794,True,19.0
133_S_0792,0,1.9986,4,2006-09-25,133_S_0792,1.0,02/1933,16.0,1933-02-01,73.64544832306639,False,16.0
133_S_0912,0,1.9986,5,2006-10-24,133_S_0912,2.0,10/1932,18.0,1932-10-01,74.06160164271047,True,18.0
133_S_0913,1,1.4976,4,2007-02-01,133_S_0913,2.0,04/1950,15.0,1950-04-01,56.837782340862425,True,15.0
133_S_1031,0,2.9979,6,2006-11-21,133_S_1031,2.0,09/1929,18.0,1929-09-01,77.22108145106091,True,18.0
135_S_4281,0,4.7502,6,2012-01-05,135_S_4281,2.0,04/1934,18.0,1934-04-01,77.76317590691308,True,18.0
135_S_4309,0,4.7502,6,2012-01-17,135_S_4309,1.0,07/1943,16.0,1943-07-01,68.54757015742642,False,16.0
135_S_4356,0,13.7495,11,2012-02-05,135_S_4356,1.0,09/1943,20.0,1943-09-01,68.42984257357973,False,20.0
135_S_4406,1,1.7495,4,2012-02-29,135_S_4406,1.0,01/1933,19.0,1933-01-01,79.15947980835044,False,19.0
135_S_4489,0,13.2512,12,2012-04-25,135_S_4489,1.0,10/1937,20.0,1937-10-01,74.56536618754278,False,20.0
135_S_4689,1,0.2491,4,2012-07-20,135_S_4689,1.0,09/1942,16.0,1942-09-01,69.88364134154689,False,16.0
135_S_4722,0,9.7495,11,2012-08-08,135_S_4722,2.0,05/1944,18.0,1944-05-01,68.27104722792608,True,18.0
135_S_4723,0,12.7502,12,2012-08-08,135_S_4723,2.0,12/1942,18.0,1942-12-01,69.68651608487338,True,18.0
135_S_6110,0,2.9979,4,2017-10-30,135_S_6110,2.0,03/1946,12.0,1946-03-01,71.66598220396989,True,12.0
135_S_6446,0,4.9993,6,2018-06-21,135_S_6446,1.0,01/1957,12.0,1957-01-01,61.46748802190281,False,12.0
135_S_6544,0,6.9979,7,2018-08-01,135_S_6544,2.0,03/1941,18.0,1941-03-01,77.41820670773443,True,18.0
135_S_6586,0,5.5003,6,2018-09-19,135_S_6586,1.0,03/1940,16.0,1940-03-01,78.55167693360711,False,16.0
135_S_6703,0,4.0,5,2019-03-22,135_S_6703,2.0,07/1956,17.0,1956-07-01,62.72142368240931,True,17.0
136_S_0107,0,5.9986,8,2006-02-27,136_S_0107,2.0,05/1945,19.0,1945-05-01,60.82683093771389,True,19.0
136_S_0195,1,0.9993,6,2006-04-04,136_S_0195,1.0,08/1926,18.0,1926-08-01,79.67419575633129,False,18.0
136_S_0695,1,0.9993,5,2006-09-25,136_S_0695,1.0,05/1932,16.0,1932-05-01,74.40109514031485,False,16.0
136_S_0873,1,1.4976,4,2006-10-17,136_S_0873,2.0,09/1928,14.0,1928-09-01,78.1245722108145,True,14.0
136_S_0874,1,1.9986,6,2006-11-27,136_S_0874,2.0,09/1940,16.0,1940-09-01,66.23682409308692,True,16.0
136_S_1227,0,2.9979,5,2007-02-19,136_S_1227,2.0,06/1942,12.0,1942-06-01,64.72005475701575,True,12.0
137_S_0158,0,2.9979,6,2006-03-20,137_S_0158,2.0,08/1925,13.0,1925-08-01,80.63244353182752,True,13.0
137_S_0443,0,1.5003,4,2007-05-04,137_S_0443,1.0,05/1943,18.0,1943-05-01,64.0082135523614,False,18.0
137_S_0481,0,1.5003,4,2006-12-11,137_S_0481,1.0,06/1921,18.0,1921-06-01,85.52772073921972,False,18.0
137_S_0631,1,0.4983,5,2006-07-13,137_S_0631,1.0,04/1929,14.0,1929-04-01,77.28131416837782,False,14.0
137_S_0668,0,9.9986,8,2006-09-11,137_S_0668,1.0,02/1933,12.0,1933-02-01,73.60711841204655,False,12.0
137_S_0669,0,1.9986,5,2006-08-23,137_S_0669,1.0,12/1942,13.0,1942-12-01,63.72621492128679,False,13.0
137_S_0722,0,7.5017,7,2007-03-13,137_S_0722,1.0,06/1936,12.0,1936-06-01,70.77891854893909,False,12.0
137_S_0800,0,9.9986,8,2006-09-01,137_S_0800,1.0,07/1932,12.0,1932-07-01,74.16837782340862,False,12.0
137_S_0973,1,2.9979,6,2006-12-12,137_S_0973,1.0,01/1930,20.0,1930-01-01,76.94455852156058,False,20.0
137_S_0994,1,5.9986,8,2006-12-20,137_S_0994,2.0,09/1951,18.0,1951-09-01,55.30184804928131,True,18.0
137_S_1414,0,8.0,9,2007-09-18,137_S_1414,1.0,03/1933,18.0,1933-03-01,74.54893908281998,False,18.0
137_S_4299,0,6.7488,6,2012-01-11,137_S_4299,2.0,12/1934,12.0,1934-12-01,77.11156741957564,True,12.0
137_S_4331,1,3.7509,5,2012-01-24,137_S_4331,2.0,06/1936,15.0,1936-06-01,75.64681724845995,True,15.0
137_S_4351,0,7.7509,7,2012-01-31,137_S_4351,2.0,01/1944,16.0,1944-01-01,68.08213552361396,True,16.0
137_S_4536,0,8.2491,9,2012-05-09,137_S_4536,2.0,03/1934,17.0,1934-03-01,78.19028062970568,True,17.0
137_S_4596,1,1.7495,4,2012-06-06,137_S_4596,1.0,06/1946,20.0,1946-06-01,66.01505817932923,False,20.0
137_S_4623,1,3.7509,5,2012-06-19,137_S_4623,2.0,02/1951,13.0,1951-02-01,61.379876796714576,True,13.0
137_S_4631,1,3.7509,9,2012-06-20,137_S_4631,1.0,10/1942,20.0,1942-10-01,69.71937029431896,False,20.0
137_S_4678,0,1.7495,4,2012-07-11,137_S_4678,2.0,12/1939,12.0,1939-12-01,72.61054072553046,True,12.0
137_S_4815,1,1.7495,4,2012-09-17,137_S_4815,2.0,09/1942,12.0,1942-09-01,70.04517453798768,True,12.0
137_S_4816,1,1.7495,5,2012-09-18,137_S_4816,1.0,04/1938,16.0,1938-04-01,74.46680355920603,False,16.0
137_S_6693,1,4.9993,4,2019-02-22,137_S_6693,1.0,10/1944,16.0,1944-10-01,74.39288158795345,False,16.0
141_S_0915,1,1.4976,4,2006-10-31,141_S_0915,2.0,02/1926,14.0,1926-02-01,80.74469541409994,True,14.0
141_S_1004,1,0.4983,4,2006-11-10,141_S_1004,2.0,11/1932,12.0,1932-11-01,74.02327173169063,True,12.0
141_S_1052,0,14.4997,9,2006-11-30,141_S_1052,2.0,11/1937,8.0,1937-11-01,69.07871321013005,True,8.0
141_S_1378,0,12.0,4,2007-04-09,141_S_1378,2.0,05/1945,16.0,1945-05-01,61.93839835728953,True,16.0
141_S_2210,1,2.7488,4,2011-05-17,141_S_2210,2.0,01/1931,12.0,1931-01-01,80.37234770704997,True,12.0
141_S_2333,0,10.2505,8,2011-07-11,141_S_2333,1.0,03/1944,12.0,1944-03-01,67.35934291581108,False,12.0
141_S_4160,0,6.7488,6,2011-10-31,141_S_4160,1.0,06/1937,12.0,1937-06-01,74.41478439425052,False,12.0
141_S_4232,0,1.7495,4,2011-12-09,141_S_4232,1.0,07/1937,16.0,1937-07-01,74.43942505133471,False,16.0
153_S_2109,0,4.7502,6,2011-01-17,153_S_2109,1.0,07/1935,14.0,1935-07-01,75.5482546201232,False,14.0
153_S_2148,0,2.7488,5,2011-02-16,153_S_2148,2.0,01/1943,14.0,1943-01-01,68.12594113620807,True,14.0
153_S_4077,0,3.7509,5,2011-09-07,153_S_4077,1.0,12/1935,18.0,1935-12-01,75.76728268309377,False,18.0
153_S_4133,0,1.7495,4,2011-10-11,153_S_4133,1.0,10/1931,18.0,1931-10-01,80.02737850787132,False,18.0
153_S_4159,0,3.7509,5,2011-10-31,153_S_4159,2.0,07/1940,19.0,1940-07-01,71.33196440793976,True,19.0
153_S_4838,0,1.7495,4,2012-10-01,153_S_4838,1.0,11/1936,14.0,1936-11-01,75.9151266255989,False,14.0
168_S_6180,0,4.4983,4,2018-02-23,168_S_6180,1.0,04/1931,16.0,1931-04-01,86.89938398357289,False,16.0
168_S_6541,0,3.499,4,2018-08-17,168_S_6541,2.0,09/1936,18.0,1936-09-01,81.95756331279945,True,18.0
168_S_6634,1,0.9993,4,2018-12-07,168_S_6634,2.0,08/1938,16.0,1938-08-01,80.3504449007529,True,16.0
301_S_6056,0,8.0,5,2017-07-24,301_S_6056,1.0,07/1952,16.0,1952-07-01,65.06228610540725,False,16.0
301_S_6297,0,4.0,5,2018-04-04,301_S_6297,1.0,10/1936,20.0,1936-10-01,81.50581793292265,False,20.0
305_S_6378,0,2.9979,4,2018-05-18,305_S_6378,1.0,03/1949,20.0,1949-03-01,69.21286789869951,False,20.0
305_S_6498,0,5.9986,4,2018-07-20,305_S_6498,1.0,02/1939,18.0,1939-02-01,79.4633812457221,False,18.0
305_S_6744,0,5.9986,5,2019-06-28,305_S_6744,1.0,04/1957,16.0,1957-04-01,62.23956194387406,False,16.0
305_S_6871,0,4.0,4,2020-06-08,305_S_6871,2.0,04/1952,13.0,1952-04-01,68.18617385352498,True,13.0
941_S_1311,1,0.9993,4,2007-03-19,941_S_1311,1.0,01/1938,12.0,1938-01-01,69.21013004791239,False,12.0
941_S_2060,0,4.7502,5,2011-01-31,941_S_2060,2.0,09/1936,13.0,1936-09-01,74.41478439425052,True,13.0
941_S_4036,0,9.2512,9,2011-08-05,941_S_4036,1.0,04/1937,20.0,1937-04-01,74.34360027378509,False,20.0
941_S_4187,0,10.7515,10,2011-11-14,941_S_4187,1.0,08/1949,16.0,1949-08-01,62.286105407255306,False,16.0
941_S_6068,1,4.0,4,2017-08-16,941_S_6068,1.0,11/1941,12.0,1941-11-01,75.78918548939083,False,12.0
