feature,gain,pct,block
long_brain_bg_ratio_std,733.4775277160003,15.789854686133365,T1
long_brain_vol_std,463.12254044500025,9.96981821415925,T1
long_snr_std,433.55043112199996,9.333207968680235,T1
long_snr_slope_yr,310.50653041499965,6.6843942848739335,T1
long_brain_vol_slope_yr,226.28360921400014,4.871294855438704,T1
long_brain_bg_ratio_slope_yr,174.252433708,3.7511995977874695,T1
long_brain_vol_pctchg,98.50549559400005,2.120565937525289,T1
bsc_dir_bin_1_mean_slope,93.79545031999996,2.019170969538803,BSC
long_brain_intensity_std,92.43352591000003,1.98985229553067,T1
Nboundary_slope,92.20305032600004,1.984890758411198,BSC
long_brain_bg_ratio_mean,86.756291159,1.8676362652502352,T1
long_brain_bg_ratio_last,81.54912461900001,1.7555395753228364,T1
bsc_dir_bin_5_mean_slope,70.39990108900004,1.515525924256921,BSC
bsc_dir_bin_3_mean_slope,70.19598224999997,1.511136084467824,BSC
seg_brain_mm3_bl,70.08546020500002,1.5087568336193382,T1
long_brain_vol_last,69.94849693000002,1.5058083721765982,T1
long_brain_intensity_slope_yr,64.58096056999999,1.3902593390510003,T1
qc_brain_bg_ratio_bl,63.68006907000002,1.3708654989734896,T1
bsc_mag_bin_6_mean_slope,60.69738665500001,1.3066561399568748,BSC
long_snr_delta,58.48952127999999,1.2591265673108618,T1
long_brain_bg_ratio_delta,54.908690087000004,1.1820406279923015,T1
bsc_dir_bin_7_mean_slope,54.441907969999995,1.1719920286569314,BSC
long_brain_intensity_last,54.31106375999999,1.1691752946952851,T1
bsc_mag_bin_0_mean_slope,52.19748224200001,1.1236754071384862,BSC
long_snr_pctchg,49.280880755999995,1.0608885978619895,T1
bsc_mag_bin_3_mean_slope,48.87288611999999,1.0521055393881704,BSC
bsc_mag_bin_2_mean_slope,47.741514710999994,1.027750069085237,BSC
bsc_mag_bin_5_mean_slope,47.546978413999994,1.023562210909986,BSC
long_brain_vol_delta,45.270132323999995,0.9745476637080559,T1
seg_tiv_mm3_bl,43.4455376,0.9352689067395115,T1
long_brain_vol_mean,43.28711697000001,0.9318585245090225,T1
long_brain_intensity_pctchg,42.784360365999994,0.9210354884654045,T1
seg_bpf_bl,41.525031396,0.8939254262113403,T1
seg_csf_mm3_bl,40.97567023,0.8820991157197889,T1
qc_brain_mask_vol_mm3_bl,39.50205310000002,0.8503759892892463,T1
long_snr_mean,36.02740736699999,0.7755759454750791,T1
bsc_mag_bin_1_mean_slope,34.97337852,0.7528854584455069,BSC
long_brain_intensity_mean,34.73928419399999,0.7478460192660975,T1
long_snr_last,34.619698084999996,0.7452716428029631,T1
long_brain_intensity_delta,31.76836241000001,0.6838898359058468,T1
bsc_mag_bin_7_mean_slope,31.660668259999994,0.6815714622477717,BSC
qc_brain_mean_bl,31.31151756000001,0.6740551599641439,T1
long_brain_bg_ratio_pctchg,31.147658000000003,0.6705276917820024,T1
seg_wm_total_mm3_bl,30.820192970000004,0.6634782253115146,T1
qc_snr_bl,27.251955256,0.5866633906906287,T1
bsc_mag_p50_slope,26.677645019999996,0.5742999919107956,BSC
bsc_mag_bin_4_mean_slope,24.184013697,0.5206186250752382,BSC
bsc_mag_mean_slope,22.466052680000004,0.4836354131977843,BSC
bsc_mag_p90_slope,22.271807461999995,0.4794538211928496,BSC
seg_gm_total_mm3_bl,20.06879620699999,0.43202874506722494,T1
bsc_dir_p90_slope,19.631190057999994,0.42260822808971804,BSC
qc_brain_std_bl,18.839688569,0.4055692691265374,T1
bsc_mag_p75_slope,17.086916774999995,0.36783667217650595,BSC
bsc_dir_p75_slope,9.366213870000001,0.20163011186868937,BSC
field_strength_mode_t,8.34535032,0.17965358702672912,T1
bsc_mag_median_slope,6.230761409999999,0.13413201295235982,BSC
meta_field_strength_t_bl,5.1519318599999995,0.11090763158835115,T1
