model,feature_set,n_features,cv_cindex_mean,cv_cindex_sd,n_folds,cv_auc_3.0y,cv_auc_1.0y,cv_uno_c,cv_auc_2.0y,holdout_cindex,sign_flipped
xgb_aft,F9b_cov_regional_stdmri,201,0.7964741445433982,0.03521649035200311,5,0.8665428934805128,0.8079782015884337,0.7790777118933481,0.8793874446652165,0.7181467181467182,0
aft_weibull,F0_covariates,8,0.7912249716075068,0.04295145076103123,5,0.867480198778852,0.7859991304877075,0.787511540500941,0.8374639233031367,0.7400257400257401,0
cox_l2,F8_cov_stdmri,77,0.7907308501676926,0.025528034568744556,5,0.8451653233778769,0.7948891939939788,0.7787310446376795,0.8382536464175934,0.7078507078507078,0
cox_l2,F0_covariates,8,0.7893587102829175,0.037525321884154555,5,0.8804713368936193,0.7941379742896151,0.7842783521181437,0.8257034012807685,0.7348777348777349,0
cox_lasso,F0_covariates,8,0.7884893602004451,0.038769302419809346,5,0.8698638675358925,0.8007163810935903,0.7866807491753648,0.8305594648716275,0.749034749034749,0
aft_loglogistic,F0_covariates,8,0.7884858218369519,0.026513004489591055,5,0.8708549442337045,0.7873030342110143,0.786458444053137,0.8288207928217487,0.7374517374517374,0
cox_lasso,F6_cov_bsc,41,0.7883470634727826,0.039016105703234334,5,0.8725808342611797,0.8003051827792594,0.7855932558083967,0.8326846498864839,0.7503217503217503,0
xgb_aft,F6_cov_bsc,41,0.7873968243606018,0.03007475157657081,5,0.8664824201948363,0.789616028141358,0.786541417604304,0.8428950725279958,0.7374517374517374,0
aft_weibull,F4b_cov_adsig,10,0.7855695807740058,0.039341235059867516,5,0.8653130678742167,0.7782879391977262,0.7813661064176001,0.8316969868680208,0.7284427284427284,0
cox_l2,F9c_cov_adsig_stdmri,79,0.7853006988496889,0.02374832383220231,5,0.8391796649714524,0.791951949921444,0.7733239495979766,0.8337816811479275,0.7065637065637066,0
aft_loglogistic,F4b_cov_adsig,10,0.7845424877903143,0.018518154143657324,5,0.8708969395060814,0.7849375289046746,0.781826421281511,0.8231511756588331,0.7335907335907336,0
cox_lasso,F9_cov_bsc_stdmri,110,0.7840529166411587,0.02465749723181754,5,0.856862744585954,0.798177758424622,0.7726215612715317,0.8242174464094957,0.7451737451737451,0
aft_lognormal,F0_covariates,8,0.7832080214568335,0.03426092292627675,5,0.8660402849691291,0.7811358023980812,0.7824186674161198,0.8278127557328533,0.7425997425997426,0
cox_lasso,F8_cov_stdmri,77,0.7830879092424236,0.026813355449006517,5,0.8510315370650956,0.7956836571798218,0.7726298571579913,0.8216849408572708,0.7361647361647362,0
cox_lasso,F4b_cov_adsig,10,0.7823355140465991,0.035151114871044886,5,0.8659050517774961,0.7938009580185099,0.7807798891376618,0.8221063237496103,0.7503217503217503,0
cox_l2,F4b_cov_adsig,10,0.781469869960358,0.03505426312053811,5,0.8696005620758113,0.7888262949683873,0.7803913046672026,0.8167103619278979,0.731016731016731,0
xgb_aft,F9c_cov_adsig_stdmri,79,0.7809296548730352,0.027929391688494214,5,0.8608429535760512,0.8008319816164375,0.7659705010549882,0.8473604063372637,0.7245817245817245,0
cox_lasso,F9c_cov_adsig_stdmri,79,0.7802907064452208,0.021306882012343632,5,0.8480114850541118,0.7924437350930855,0.7705127167982506,0.8162931159258437,0.7451737451737451,0
xgb_aft,F4b_cov_adsig,10,0.7800193019996142,0.02600684643348645,5,0.8518189540968475,0.7888438866349687,0.771379886465952,0.8188101860414608,0.6988416988416989,0
aft_lognormal,F4b_cov_adsig,10,0.7798234612615023,0.019506295851128386,5,0.8641106964748341,0.7802328286568441,0.7773337102657042,0.8198947137377417,0.7387387387387387,0
rsf,F8_cov_stdmri,77,0.779433301168118,0.05139253272188062,5,0.8549311188716577,0.8055124775036301,0.7621523136633528,0.853752598052935,0.722007722007722,0
rsf,F4b_cov_adsig,10,0.779255013804211,0.030968772750247755,5,0.8677999927548224,0.7872993633578829,0.7789504418622777,0.8326172673551756,0.731016731016731,0
xgb_aft,F8_cov_stdmri,77,0.7779460008814009,0.03519490114847625,5,0.8653035076082262,0.7957091007557036,0.7617041663845907,0.8461941622805782,0.7297297297297297,0
rsf,F9c_cov_adsig_stdmri,79,0.7778422309638211,0.04999393194010499,5,0.8552203185083274,0.8011596841482047,0.7641661245893735,0.8511155139889135,0.7117117117117117,0
rsf,F0_covariates,8,0.7775334477990588,0.04120609907920242,5,0.8767770058710243,0.7699329891190796,0.7845396594640237,0.838742825693443,0.7413127413127413,0
aft_loglogistic,F8_cov_stdmri,77,0.776627203236902,0.03709148948057767,5,0.8336460092701319,0.7902948512271746,0.7628127980362638,0.817305262347175,0.7027027027027027,0
cox_l2,F9_cov_bsc_stdmri,110,0.7764135252795177,0.03428857008907095,5,0.8430069317344859,0.7870636120725983,0.7642762475856628,0.8159823966375196,0.7155727155727156,0
aft_weibull,F8_cov_stdmri,77,0.7762578631586969,0.03288464042652284,5,0.8382483676197612,0.7850740956375312,0.7644496102824496,0.8200037342599593,0.7065637065637066,0
cox_l2,F9b_cov_regional_stdmri,201,0.7762462079389806,0.03481198122559493,5,0.8346665781837135,0.7928292308827121,0.7664478183160697,0.8274756337900617,0.7181467181467182,0
xgb_aft,F0_covariates,8,0.7732436511228636,0.030811354397148067,5,0.8567168971903184,0.7767730093007956,0.7721727392036908,0.8158093987140402,0.731016731016731,0
xgb_aft,F7_cov_regional,132,0.7728768628434721,0.06112273908645094,5,0.8289800085394485,0.7854517821661905,0.761869385057589,0.8359043680091635,0.7464607464607464,0
aft_loglogistic,F9c_cov_adsig_stdmri,79,0.7701178172385894,0.03198511799330245,5,0.8295939879075561,0.7846120200337354,0.7548498161599897,0.810116206189608,0.7014157014157014,0
rsf,F9_cov_bsc_stdmri,110,0.7699429570515173,0.05765010876921084,5,0.8447884191880306,0.799002537368013,0.753183905145524,0.8477746334525363,0.7155727155727156,0
aft_weibull,F9c_cov_adsig_stdmri,79,0.7695752147608192,0.030515460983761615,5,0.8319950097054669,0.7798445798664269,0.7578393258801052,0.8118715817791127,0.7027027027027027,0
cox_l2,F7_cov_regional,132,0.7688539475818088,0.04082836519792339,5,0.8425074209939567,0.7737974255666253,0.7687662028523242,0.789882479520135,0.7400257400257401,0
rsf,F7_cov_regional,132,0.7684536012012011,0.05386701960689471,5,0.8216047208333815,0.7735485242688835,0.7540510613123079,0.8368338492399392,0.7271557271557272,0
rsf,F9b_cov_regional_stdmri,201,0.7681720228276339,0.054465390356280764,5,0.8466427813219631,0.7901091471857646,0.7513358155042649,0.851108172961714,0.6962676962676962,0
aft_lognormal,F8_cov_stdmri,77,0.7681499431554494,0.03125814920513484,5,0.8281623790887294,0.7772472535884193,0.7591866622717188,0.8027037641942455,0.7001287001287001,0
cox_lasso,F7_cov_regional,132,0.7680163646011815,0.03513920078962821,5,0.856949405700959,0.7782242432644249,0.76854343260764,0.814587079461724,0.7477477477477478,0
xgb_aft,F9_cov_bsc_stdmri,110,0.7679919007368847,0.028852207794462653,5,0.8565635615359032,0.7915521373815109,0.753279043889507,0.8541870205234912,0.7271557271557272,0
aft_lognormal,F6_cov_bsc,41,0.7662142523790478,0.04997935519240222,5,0.8434226333678355,0.7667060638346104,0.7625830669308785,0.8047991559436612,0.7297297297297297,0
aft_weibull,F6_cov_bsc,41,0.7641894562902772,0.05376219026967676,5,0.8514679573506724,0.7654357973865658,0.7625478322077901,0.8089037245104083,0.7258687258687259,0
cox_l2,F6_cov_bsc,41,0.7639229353604057,0.04526949490807844,5,0.8273877123802087,0.7671675967040967,0.7609482577312642,0.7967402894563629,0.7052767052767053,0
aft_lognormal,F9c_cov_adsig_stdmri,79,0.7620907590279253,0.02464185483446739,5,0.824224313189798,0.7734373443811053,0.7518376962171488,0.7991801195878577,0.6988416988416989,0
cox_lasso,F9b_cov_regional_stdmri,201,0.7615531354055664,0.023759473348157378,5,0.8419931296064238,0.7691787554378136,0.7576069469759052,0.8054441695795918,0.7451737451737451,0
aft_lognormal,F7_cov_regional,132,0.7587216817647419,0.02948012650131056,5,0.8257691325160254,0.7863038681579878,0.7537899232707637,0.7795831575520297,0.7451737451737451,0
rsf,F6_cov_bsc,41,0.7577249211303707,0.06134031233309328,5,0.848915890817205,0.761151613510607,0.7595210313518288,0.8177843114154661,0.749034749034749,0
aft_loglogistic,F9_cov_bsc_stdmri,110,0.7568331948891546,0.03315331528678934,5,0.8168005854277218,0.7759987578132022,0.7411963927661784,0.7934303916318016,0.7117117117117117,0
aft_lognormal,F9b_cov_regional_stdmri,201,0.7564476340355414,0.041487696898268166,5,0.8111505247132695,0.7749006086125299,0.7534021756570691,0.7835606955807346,0.7091377091377091,0
aft_loglogistic,F6_cov_bsc,41,0.7554828715548861,0.062055913819585085,5,0.8313120222177597,0.7569626847306513,0.7546317123784079,0.7906078054261039,0.7361647361647362,0
aft_weibull,F9_cov_bsc_stdmri,110,0.7552905551192806,0.03220139871758576,5,0.8153577489839601,0.7679874687972628,0.7442712313280896,0.7898994340087476,0.7168597168597168,0
aft_loglogistic,F9b_cov_regional_stdmri,201,0.754300168665795,0.043166528209915574,5,0.8089317575942772,0.7736232182406947,0.7449123688159033,0.7858955617201951,0.7194337194337195,0
aft_weibull,F7_cov_regional,132,0.7528268193934775,0.05910637479548268,5,0.8232811440506005,0.7772950176416573,0.7497811920212745,0.769379234958184,0.7477477477477478,0
aft_weibull,F9b_cov_regional_stdmri,201,0.7512771344111071,0.0437348143189664,5,0.8125000735285262,0.7691765777186577,0.7382327561794682,0.7879846220107282,0.7091377091377091,0
aft_lognormal,F9_cov_bsc_stdmri,110,0.7509239974375695,0.027933502698165583,5,0.8147752473621266,0.7696632848187897,0.7387310713263282,0.7831204910973155,0.7052767052767053,0
aft_loglogistic,F7_cov_regional,132,0.7507599622155067,0.0506772986108109,5,0.8176737510305448,0.7700570166982956,0.7493919486538887,0.7756204746794426,0.7567567567567568,0
rsf,F5_std_mri_slopes,69,0.7108635551221834,0.06742023292586267,5,0.7607012632464373,0.7698916387382013,0.6889839906259363,0.7811986302459086,0.6126126126126126,0
xgb_aft,F5_std_mri_slopes,69,0.6850145989313228,0.05347351965085619,5,0.7215992714489786,0.7284991551333636,0.6591624724891869,0.752035037702603,0.5456885456885456,0
rsf,F3_regional_slopes,124,0.6150481565811707,0.08405112058593626,5,0.6029950954896606,0.6529523690671815,0.581721984946299,0.6520023479391338,0.5315315315315315,0
aft_weibull,F5_std_mri_slopes,69,0.6095877495200492,0.025768273176732612,5,0.5896870421055362,0.645711237409133,0.5843581309291126,0.6494554128535609,0.5315315315315315,0
rsf,F4_adsig_slope,2,0.6081810029863354,0.04774918036848129,5,0.5635525167925717,0.653931483406831,0.5671424695215721,0.6048691221531286,0.45366795366795365,0
xgb_aft,F4_adsig_slope,2,0.5985596131869234,0.08748019485039212,5,0.5869823464234523,0.5896588939299623,0.583066207096658,0.5910065078045605,0.3667953667953668,0
aft_lognormal,F1_bsc_baseline,33,0.5892268520766599,0.04474376571346525,5,0.5816714657695655,0.6038538823584823,0.5497988472585267,0.6198187069480181,0.6396396396396397,0
aft_lognormal,F5_std_mri_slopes,69,0.5865047517231401,0.031009462717652213,5,0.5680864425321851,0.6052399934075609,0.574439116877748,0.6173886642487203,0.5444015444015444,0
aft_loglogistic,F1_bsc_baseline,33,0.5859516665171014,0.0524266903462986,5,0.5695782728262838,0.5947168909875279,0.5504437421077217,0.6194589275870988,0.6718146718146718,0
xgb_aft,F3_regional_slopes,124,0.5826918023471453,0.05882052910749806,5,0.565054691728118,0.6331374425246461,0.5517995868786354,0.6334133009582658,0.5315315315315315,0
cox_l2,F1_bsc_baseline,33,0.5780106834650047,0.050453534045896344,5,0.5771255364417106,0.5759478816865755,0.5519294835631107,0.6180194120988168,0.6525096525096525,0
cox_l2,F5_std_mri_slopes,69,0.5730564742812579,0.07746040897612305,5,0.5490868905523114,0.5946111610355734,0.5492704980530834,0.6199253493443825,0.5366795366795367,0
aft_weibull,F1_bsc_baseline,33,0.5706764544012268,0.0529160531481061,5,0.5735087773940407,0.5761389870370974,0.5440797079573179,0.596477039472267,0.685971685971686,0
cox_lasso,F1_bsc_baseline,33,0.5651139839504379,0.062154811122349635,5,0.5625571519631293,0.5544689793619536,0.5456782038375149,0.5810641031347172,0.6975546975546976,0
aft_loglogistic,F5_std_mri_slopes,69,0.5614561905975227,0.09528986625647103,5,0.544470363695743,0.5680817285192383,0.5515955125540827,0.5952471950765454,0.5508365508365508,0
xgb_aft,F1_bsc_baseline,33,0.5462007787232872,0.03455395706090828,5,0.47840722717936385,0.5827362282741808,0.5163489579567097,0.5468745038850653,0.7091377091377091,0
aft_lognormal,F3_regional_slopes,124,0.5390726943816609,0.09674942828053684,5,0.4944056748624869,0.6010839204160877,0.5194400344093744,0.5267423487729284,0.5482625482625483,0
cox_l2,F3_regional_slopes,124,0.5363798042587945,0.10888589460390496,5,0.5130986892255187,0.5840412042988035,0.5202217295452956,0.5240907010849929,0.5688545688545689,0
aft_weibull,F3_regional_slopes,124,0.5361135645729084,0.11686728001857305,5,0.487534588938236,0.6000865955773965,0.5124159633330732,0.5174923087687702,0.5508365508365508,0
aft_loglogistic,F3_regional_slopes,124,0.5303799956095746,0.10958500013218289,5,0.490616249104023,0.5828931122155605,0.511798141992766,0.5232452888978645,0.5482625482625483,0
rsf,F2_bsc_slopes,33,0.5303768945476227,0.08484432856561325,5,0.4572961320880321,0.5613231450550182,0.49038025012940756,0.5606505569096547,0.47104247104247104,0
rsf,F1_bsc_baseline,33,0.529207205266651,0.030043478600645813,5,0.5061319333978831,0.5559020330743227,0.5245593490483819,0.5509069414045491,0.7059202059202059,0
xgb_aft,F2_bsc_slopes,33,0.5183431902287984,0.0936467698257646,5,0.4525538082408495,0.5739783999447992,0.4819785028456951,0.528978738834026,0.40025740025740025,0
cox_lasso,F5_std_mri_slopes,69,0.5182596289700084,0.05936744269851644,5,0.5035928425217534,0.5408076723353226,0.49904629152047536,0.5546866658741972,0.5148005148005148,0
cox_lasso,F3_regional_slopes,124,0.5050330936560633,0.10714206447396592,5,0.4996608764298095,0.5021654689144293,0.523463452467168,0.5218415958109762,0.5186615186615187,0
cox_lasso,F4_adsig_slope,2,0.4940876066037202,0.0835934382457449,5,0.5072914312527924,0.48288769461623415,0.5118615786568574,0.4704976116207395,0.5,0
aft_lognormal,F4_adsig_slope,2,0.48117991593216747,0.07986845545410995,5,0.5128241261008795,0.4382751648703557,0.5087181212454797,0.4786327664232245,0.35135135135135137,0
aft_weibull,F4_adsig_slope,2,0.4635506234089693,0.10484459427720978,5,0.4639971353777785,0.5213299785839022,0.4756123390434482,0.4252175328494506,0.35263835263835264,0
aft_loglogistic,F4_adsig_slope,2,0.4578031560781498,0.10478340501605801,5,0.45426194943805037,0.5178517408047467,0.4694628845820219,0.4205203139413077,0.35263835263835264,0
cox_l2,F4_adsig_slope,2,0.4473318034668233,0.10810638701312221,5,0.4422796932984707,0.5043776449115159,0.462492949459396,0.404620455293007,0.3436293436293436,0
aft_lognormal,F2_bsc_slopes,33,0.44333551482974587,0.11036266812733686,5,0.43031838947964707,0.4676144863451544,0.4334954276499211,0.4353562016442803,0.47104247104247104,0
aft_loglogistic,F2_bsc_slopes,33,0.43511166960453773,0.1176105526848918,5,0.4205607515871894,0.45993902873930115,0.4223056031190017,0.4494309685382552,0.49034749034749037,0
cox_l2,F2_bsc_slopes,33,0.4320182091661435,0.11017587389494377,5,0.4269921780729297,0.4216771146786552,0.4478310398927968,0.434065780581918,0.435006435006435,0
aft_weibull,F2_bsc_slopes,33,0.4274922220164723,0.09837276753729646,5,0.39791424603751563,0.45116028048758416,0.41916425876470387,0.39329533934606487,0.4749034749034749,0
cox_lasso,F2_bsc_slopes,33,0.39013781936766556,0.08952145181861745,5,0.3949406704611688,0.34786777710294625,0.4270036668204204,0.36804146944355776,0.6718146718146718,1
