subject,event,time_years,cr_time,cr_status,death_source,death_precision
002_S_0782,0,0.8980150581793293,0.8980150581793293,0,,
002_S_1070,1,0.109514031485284,0.109514031485284,1,,
002_S_1155,0,6.0862422997946615,6.0862422997946615,0,,
002_S_1268,1,0.9774127310061602,0.9774127310061602,1,,
002_S_4229,0,0.0027378507871321,0.0027378507871321,0,,
002_S_4237,0,0.0027378507871321,0.5776865160848734,2,TREATDIS withdrawal form,exact date
002_S_4521,1,0.9117043121149896,0.9117043121149896,1,,
002_S_4799,0,6.264202600958248,6.264202600958248,0,,
003_S_0908,0,5.297741273100616,5.297741273100616,0,,
003_S_1074,1,0.9363449691991786,0.9363449691991786,1,,
003_S_1122,1,6.151950718685832,6.151950718685832,1,,
003_S_4354,1,2.3956194387405887,2.3956194387405887,1,,
003_S_6258,0,2.0451745379876796,2.0451745379876796,0,,
003_S_6268,0,2.113620807665982,2.113620807665982,0,,
005_S_0324,0,0.0383299110198494,0.0383299110198494,0,,
005_S_0448,1,5.963039014373717,5.963039014373717,1,TREATDIS withdrawal form,exact date
005_S_0546,0,5.281314168377824,7.227926078028747,2,TREATDIS withdrawal form,exact date
005_S_1224,1,1.0184804928131417,1.0184804928131417,1,,
005_S_2390,0,1.0732375085557837,1.0732375085557837,0,,
005_S_4168,0,9.659137577002053,9.659137577002053,0,,
005_S_4185,0,0.0109514031485284,0.0109514031485284,0,,
006_S_4363,1,0.9883641341546886,0.9883641341546886,1,,
006_S_4679,0,1.4702258726899384,1.4702258726899384,0,,
006_S_4713,1,2.5845311430527036,2.5845311430527036,1,,
006_S_4960,0,0.0958247775496235,0.0958247775496235,0,,
006_S_6243,0,0.0219028062970568,0.0219028062970568,0,,
007_S_0101,1,0.4955509924709103,0.4955509924709103,1,,
007_S_0698,1,4.191649555099247,4.191649555099247,1,,
007_S_2394,0,0.0054757015742642,0.0054757015742642,0,,
007_S_4272,1,0.9883641341546886,0.9883641341546886,1,,
007_S_4467,0,1.1498973305954825,1.1498973305954825,0,,
009_S_1030,1,1.3059548254620124,1.3059548254620124,1,TREATDIS withdrawal form,exact date
009_S_2208,0,0.0027378507871321,0.0027378507871321,0,,
009_S_4359,0,0.0109514031485284,0.0109514031485284,0,,
009_S_5000,0,1.1937029431895962,1.1937029431895962,0,,
011_S_0362,1,0.9582477754962354,0.9582477754962354,1,TREATDIS withdrawal form,exact date
011_S_1080,1,1.0924024640657084,1.0924024640657084,1,,
011_S_4235,0,1.0787132101300478,1.0787132101300478,0,,
011_S_4547,1,1.45927446954141,1.45927446954141,1,,
011_S_4893,1,2.0451745379876796,2.0451745379876796,1,,
012_S_0634,0,1.0239561943874058,1.0239561943874058,0,,
012_S_1165,0,0.1204654346338124,0.1204654346338124,0,,
012_S_1175,0,0.1177275838466803,0.1177275838466803,0,,
012_S_1321,0,0.0684462696783025,0.0684462696783025,0,,
012_S_4012,0,0.0520191649555099,0.0520191649555099,0,,
012_S_4128,0,0.2299794661190965,0.2299794661190965,0,,
012_S_4188,1,1.0130047912388775,1.0130047912388775,1,,
013_S_1120,0,0.8076659822039699,0.8076659822039699,0,,
013_S_1186,1,1.1143052703627652,1.1143052703627652,1,,
013_S_1275,0,0.5776865160848734,0.5776865160848734,0,,
013_S_2389,0,7.668720054757015,7.668720054757015,0,,
013_S_4395,0,9.3305954825462,9.3305954825462,0,,
014_S_0169,0,5.073237508555784,5.073237508555784,0,,
014_S_0557,0,3.9370294318959616,3.9370294318959616,0,,
014_S_0563,1,0.9965776865160848,0.9965776865160848,1,,
014_S_2185,1,5.804243668720055,5.804243668720055,1,ADVERSE AEHDTHDT,year only
014_S_4328,0,0.0301163586584531,0.0301163586584531,0,,
016_S_0702,1,0.4818617385352498,0.4818617385352498,1,TREATDIS withdrawal form,exact date
016_S_0769,1,0.5284052019164955,0.5284052019164955,1,,
016_S_1117,1,1.434633812457221,1.434633812457221,1,,
016_S_2007,1,3.373032169746749,3.373032169746749,1,TREATDIS withdrawal form,exact date
016_S_2031,0,1.136208076659822,1.136208076659822,0,,
016_S_4646,0,0.188911704312115,0.188911704312115,0,,
016_S_5007,0,0.0574948665297741,0.0574948665297741,0,,
018_S_0142,1,5.812457221081451,5.812457221081451,1,,
018_S_0155,1,1.4921286789869952,1.4921286789869952,1,TREATDIS withdrawal form,exact date
018_S_2133,1,3.263518138261465,3.263518138261465,1,,
018_S_2155,1,0.974674880219028,0.974674880219028,1,,
018_S_2180,0,4.39151266255989,4.39151266255989,0,,
018_S_4809,0,0.2245037645448323,0.2245037645448323,0,,
018_S_4868,0,0.1943874058863792,0.9308692676249144,2,ADVERSE AEHDTHDT,year only
018_S_4889,0,11.0362765229295,11.0362765229295,0,,
018_S_6414,0,2.6036960985626285,2.6036960985626285,0,,
019_S_4285,0,0.0164271047227926,0.0164271047227926,0,,
019_S_6483,1,1.9603011635865848,1.9603011635865848,1,,
019_S_6635,0,0.0191649555099247,0.0191649555099247,0,,
021_S_0178,0,0.0136892539356605,0.0136892539356605,0,,
021_S_0231,1,0.5037645448323066,0.5037645448323066,1,,
021_S_0273,0,0.0027378507871321,0.5530458590006845,2,TREATDIS withdrawal form,exact date
021_S_0276,1,4.010951403148528,4.010951403148528,1,TREATDIS withdrawal form,exact date
021_S_0424,1,1.0595482546201231,1.0595482546201231,1,,
021_S_0626,1,4.008213552361396,4.008213552361396,1,,
021_S_2077,0,0.9555099247091032,0.9555099247091032,0,,
021_S_2100,0,0.9965776865160848,0.9965776865160848,0,,
021_S_4245,1,2.0917180013689256,2.0917180013689256,1,,
021_S_4419,0,0.0027378507871321,0.0027378507871321,0,,
021_S_4659,1,1.0102669404517457,1.0102669404517457,1,,
022_S_1097,1,1.1143052703627652,1.1143052703627652,1,,
022_S_1351,1,0.9965776865160848,0.9965776865160848,1,,
022_S_2087,1,1.9739904175222451,1.9739904175222451,1,,
022_S_2167,0,0.0027378507871321,0.0027378507871321,0,,
022_S_2263,0,0.0383299110198494,0.0383299110198494,0,,
022_S_4444,0,0.2847364818617385,0.2847364818617385,0,,
022_S_4805,0,0.0164271047227926,0.6433949349760438,2,TREATDIS withdrawal form,exact date
022_S_5004,0,2.6803559206023273,2.6803559206023273,0,,
022_S_6716,0,2.735112936344969,2.735112936344969,0,,
023_S_0126,1,1.0075290896646132,1.0075290896646132,1,,
023_S_0331,1,1.0431211498973303,1.0431211498973303,1,TREATDIS withdrawal form,exact date
023_S_0376,1,1.0431211498973303,1.0431211498973303,1,TREATDIS withdrawal form,exact date
023_S_1046,0,2.1245722108145104,2.1245722108145104,0,,
023_S_4115,1,0.9774127310061602,0.9774127310061602,1,,
023_S_4122,0,0.0191649555099247,0.0191649555099247,0,,
023_S_6334,0,1.0157426420260096,1.0157426420260096,0,,
024_S_2239,0,3.797399041752224,3.797399041752224,0,,
024_S_4169,0,0.0602327173169062,0.0602327173169062,0,,
024_S_4392,0,0.0082135523613963,0.0082135523613963,0,,
024_S_4674,0,0.0355920602327173,0.0355920602327173,0,,
024_S_6033,0,0.0136892539356605,0.0136892539356605,0,,
027_S_0116,0,4.079397672826831,4.079397672826831,0,,
027_S_0307,0,4.123203285420945,4.618754277891855,2,TREATDIS withdrawal form,exact date
027_S_0408,1,0.919917864476386,0.919917864476386,1,TREATDIS withdrawal form,exact date
027_S_0644,0,2.004106776180698,2.004106776180698,0,,
027_S_0835,1,0.459958932238193,0.459958932238193,1,,
027_S_1045,0,6.094455852156058,6.094455852156058,0,,
027_S_1277,0,0.0410677618069815,0.27104722792607805,2,TREATDIS withdrawal form,exact date
027_S_1387,1,0.5256673511293635,0.5256673511293635,1,,
027_S_2183,0,1.938398357289528,7.446954140999315,2,ADVERSE AEHDTHDT,year only
027_S_2219,0,2.1711156741957565,2.425735797399042,2,ADVERSE AEHDTHDT,year only
027_S_4873,1,2.302532511978097,2.302532511978097,1,,
027_S_4919,1,2.43668720054757,2.43668720054757,1,,
027_S_4926,0,9.612594113620808,9.612594113620808,0,,
029_S_0914,1,5.114305270362765,5.114305270362765,1,,
029_S_1073,1,1.0239561943874058,1.0239561943874058,1,,
029_S_1218,0,0.9637234770704995,0.9637234770704995,0,,
029_S_1318,1,2.841889117043121,2.841889117043121,1,,
029_S_2376,0,2.346338124572211,2.346338124572211,0,,
029_S_2395,0,0.0027378507871321,0.0027378507871321,0,,
031_S_0351,0,0.0602327173169062,0.0602327173169062,0,,
031_S_0830,1,1.0732375085557837,1.0732375085557837,1,TREATDIS withdrawal form,exact date
031_S_0867,0,4.068446269678303,4.068446269678303,0,,
031_S_2022,0,3.540041067761807,3.540041067761807,0,,
031_S_4029,0,1.7248459958932238,1.7248459958932238,0,,
031_S_4149,1,5.259411362080766,5.259411362080766,1,,
031_S_4194,0,0.1122518822724161,0.1122518822724161,0,,
031_S_4476,0,2.8966461327857633,2.8966461327857633,0,,
032_S_0187,1,0.5284052019164955,0.5284052019164955,1,,
032_S_0718,0,0.0191649555099247,0.0191649555099247,0,,
032_S_2119,0,0.0739219712525667,1.0403832991101984,2,ADVERSE AEHDTHDT,year only
032_S_2247,0,0.0958247775496235,0.0958247775496235,0,,
033_S_0513,1,1.0157426420260096,1.0157426420260096,1,,
033_S_0514,1,1.9712525667351128,1.9712525667351128,1,TREATDIS withdrawal form,exact date
033_S_1116,1,1.4674880219028064,1.4674880219028064,1,TREATDIS withdrawal form,exact date
033_S_1309,0,0.0136892539356605,0.0136892539356605,0,,
035_S_0033,0,0.0082135523613963,0.0082135523613963,0,,
035_S_0292,1,1.0704996577686516,1.0704996577686516,1,,
035_S_2061,0,1.0184804928131417,1.0184804928131417,0,,
035_S_4582,1,1.4017796030116358,1.4017796030116358,1,,
035_S_6480,0,1.9904175222450375,1.9904175222450375,0,,
036_S_0656,0,0.9828884325804244,0.9828884325804244,0,,
036_S_0673,0,1.297741273100616,1.297741273100616,0,,
036_S_0869,1,0.5284052019164955,0.5284052019164955,1,,
036_S_0945,1,1.0787132101300478,1.0787132101300478,1,,
036_S_0976,1,1.0184804928131417,1.0184804928131417,1,,
036_S_1135,1,0.4982888432580424,0.4982888432580424,1,,
036_S_1240,1,0.5147159479808351,0.5147159479808351,1,,
036_S_2380,1,1.6098562628336757,1.6098562628336757,1,,
036_S_4538,1,1.136208076659822,1.136208076659822,1,,
036_S_4714,1,1.952087611225188,1.952087611225188,1,,
036_S_4736,0,0.9609856262833676,0.9609856262833676,0,,
037_S_0150,1,1.7440109514031483,1.7440109514031483,1,,
037_S_0377,0,0.0985626283367556,1.0732375085557837,2,ADVERSE AEHDTHDT,year only
037_S_0501,1,1.212867898699521,1.212867898699521,1,ADVERSE AEHDTHDT,year only
037_S_0566,1,1.3716632443531829,1.3716632443531829,1,TREATDIS withdrawal form,exact date
037_S_0588,1,2.461327857631759,2.461327857631759,1,TREATDIS withdrawal form,exact date
037_S_1078,1,0.9774127310061602,0.9774127310061602,1,ADVERSE AEHDTHDT,year only
037_S_1225,1,0.5968514715947981,0.5968514715947981,1,,
037_S_1421,0,0.0465434633812457,0.0465434633812457,0,,
037_S_4030,1,0.9883641341546886,0.9883641341546886,1,ADVERSE AEHDTHDT,year only
037_S_4146,0,0.0438056125941136,0.0438056125941136,0,,
037_S_4214,0,3.619438740588638,3.619438740588638,0,,
037_S_4302,0,0.027378507871321,0.027378507871321,0,,
037_S_4381,0,9.44558521560575,9.44558521560575,0,,
037_S_4750,0,1.051334702258727,1.051334702258727,0,,
041_S_0314,1,1.0157426420260096,1.0157426420260096,1,,
041_S_0679,0,2.6009582477754964,2.6009582477754964,0,,
041_S_1010,1,0.5503080082135524,0.5503080082135524,1,TREATDIS withdrawal form,exact date
041_S_1260,0,1.2895277207392195,1.2895277207392195,0,,
041_S_1418,0,0.0054757015742642,0.9390828199863107,2,ADVERSE AEHDTHDT,year only
041_S_1425,1,1.514031485284052,1.514031485284052,1,TREATDIS withdrawal form,exact date
041_S_4004,0,3.8302532511978096,3.8302532511978096,0,,
041_S_4051,0,6.075290896646133,6.075290896646133,0,,
041_S_4138,1,2.0479123887748116,2.0479123887748116,1,ADVERSE AEHDTHDT,year only
041_S_4143,1,1.8836413415468856,1.8836413415468856,1,ADVERSE AEHDTHDT,year only
041_S_4271,1,0.9089664613278576,0.9089664613278576,1,,
041_S_4510,0,0.4271047227926078,0.7419575633127995,2,ADVERSE AEHDTHDT,year only
041_S_4720,1,1.1745379876796715,1.1745379876796715,1,,
041_S_4874,0,2.535249828884326,2.535249828884326,0,,
041_S_4877,0,0.027378507871321,0.027378507871321,0,,
041_S_4974,1,3.4277891854893907,3.4277891854893907,1,,
041_S_4989,0,1.3470225872689938,1.3470225872689938,0,,
051_S_1072,0,5.13347022587269,5.13347022587269,0,,
051_S_1131,0,1.702943189596167,2.308008213552361,2,TREATDIS withdrawal form,exact date
052_S_0671,1,4.20807665982204,4.20807665982204,1,,
052_S_0989,0,2.403832991101985,2.403832991101985,0,,
052_S_1346,1,0.9911019849418208,0.9911019849418208,1,,
052_S_1352,0,0.0958247775496235,3.7973990417522243,2,ADVERSE AEHDTHDT,year only
052_S_2249,0,0.1423682409308692,5.987679671457905,2,ADVERSE AEHDTHDT,year only
052_S_4626,0,1.0184804928131417,1.0184804928131417,0,,
052_S_4807,1,0.9911019849418208,0.9911019849418208,1,,
052_S_4885,1,2.242299794661191,2.242299794661191,1,,
052_S_4944,0,5.993155373032169,5.993155373032169,0,,
053_S_0389,1,0.9637234770704995,0.9637234770704995,1,,
053_S_0621,0,1.431895961670089,1.431895961670089,0,,
053_S_0919,0,1.0157426420260096,1.0157426420260096,0,,
053_S_2357,0,1.264887063655031,1.264887063655031,0,,
053_S_4557,0,3.0417522245037647,3.0417522245037647,0,,
053_S_4813,0,0.2847364818617385,0.2847364818617385,0,,
057_S_1265,1,1.054072553045859,1.054072553045859,1,,
057_S_1269,0,4.024640657084189,4.024640657084189,0,,
062_S_1182,0,0.9801505817932924,0.9801505817932924,0,,
067_S_0607,0,0.7446954140999316,1.7193702943189597,2,TREATDIS withdrawal form,exact date
067_S_2195,1,1.0294318959616702,1.0294318959616702,1,,
067_S_2196,0,4.848733744010952,4.848733744010952,0,,
067_S_2301,0,6.2121834360027375,6.2121834360027375,0,,
067_S_2304,0,3.9452429842573578,3.9452429842573578,0,,
067_S_4054,0,2.0369609856262834,2.0369609856262834,0,,
067_S_4072,0,1.2785763175906912,1.2785763175906912,0,,
067_S_4184,0,7.728952772073922,7.728952772073922,0,,
067_S_4212,0,3.79192334017796,3.79192334017796,0,,
067_S_4767,0,0.1560574948665297,0.1560574948665297,0,,
067_S_4782,1,2.026009582477755,2.026009582477755,1,,
068_S_0872,1,2.844626967830253,2.844626967830253,1,,
068_S_1075,0,1.5852156057494866,1.5852156057494866,0,,
068_S_2168,0,1.700205338809035,1.700205338809035,0,,
068_S_2315,0,0.2053388090349076,0.2053388090349076,0,,
068_S_4061,0,0.0027378507871321,0.0027378507871321,0,,
068_S_4067,0,0.191649555099247,0.191649555099247,0,,
068_S_4217,0,1.7084188911704312,1.7084188911704312,0,,
068_S_4332,0,4.9253935660506505,4.9253935660506505,0,,
070_S_6236,1,2.565366187542779,2.565366187542779,1,,
072_S_1380,0,0.8350444900752909,0.8350444900752909,0,,
072_S_2027,0,0.0903490759753593,0.0903490759753593,0,,
072_S_2037,0,1.1909650924024642,1.1909650924024642,0,,
072_S_2072,0,1.0130047912388775,1.0130047912388775,0,,
072_S_2083,0,0.0355920602327173,0.0355920602327173,0,,
072_S_2093,0,1.2457221081451062,1.2457221081451062,0,,
072_S_2116,0,1.002053388090349,1.002053388090349,0,,
072_S_2164,0,1.08145106091718,1.08145106091718,0,,
072_S_4063,0,1.593429158110883,1.593429158110883,0,,
072_S_4206,0,1.4647501711156743,1.4647501711156743,0,,
072_S_4226,0,1.4154688569472964,1.4154688569472964,0,,
072_S_4383,0,1.163586584531143,1.163586584531143,0,,
072_S_4390,0,0.9418206707734428,0.9418206707734428,0,,
072_S_4394,0,1.0431211498973303,1.0431211498973303,0,,
072_S_4445,0,0.0136892539356605,0.0136892539356605,0,,
072_S_4462,1,0.8268309377138946,0.8268309377138946,1,,
072_S_4465,0,1.9794661190965093,1.9794661190965093,0,,
072_S_4522,0,0.5859000684462696,0.5859000684462696,0,,
072_S_4539,0,0.9664613278576316,0.9664613278576316,0,,
072_S_4613,0,1.4428473648186173,1.4428473648186173,0,,
072_S_4769,0,0.0164271047227926,0.0164271047227926,0,,
072_S_4871,0,1.2511978097193703,1.2511978097193703,0,,
072_S_4941,0,0.9774127310061602,0.9774127310061602,0,,
073_S_0746,0,0.2080766598220397,0.2080766598220397,0,,
073_S_0909,1,0.9938398357289528,0.9938398357289528,1,,
073_S_2153,0,0.0027378507871321,0.0027378507871321,0,,
073_S_2190,0,0.191649555099247,0.191649555099247,0,,
073_S_2191,0,0.1040383299110198,0.1040383299110198,0,,
073_S_2225,0,1.0212183436002735,1.0212183436002735,0,,
073_S_2264,0,1.136208076659822,1.136208076659822,0,,
073_S_4216,0,0.0082135523613963,0.0082135523613963,0,,
073_S_4259,0,0.0054757015742642,1.6290212183436004,2,TREATDIS withdrawal form,exact date
073_S_4300,0,0.8459958932238193,0.8459958932238193,0,,
073_S_4311,0,0.0027378507871321,0.0027378507871321,0,,
073_S_4312,0,0.0054757015742642,0.0054757015742642,0,,
073_S_4360,0,0.2135523613963039,0.2135523613963039,0,,
073_S_4443,0,0.3285420944558521,0.3285420944558521,0,,
073_S_4614,0,4.339493497604381,4.339493497604381,0,,
073_S_4777,1,2.3572895277207393,2.3572895277207393,1,,
082_S_0928,0,0.7474332648870636,0.7474332648870636,0,,
082_S_2099,0,0.0355920602327173,0.0355920602327173,0,,
082_S_2121,0,3.3127994524298425,3.3127994524298425,0,,
082_S_2307,0,0.7392197125256673,0.7392197125256673,0,,
094_S_0921,0,0.3066392881587953,0.3066392881587953,0,,
094_S_1188,0,1.0951403148528405,1.0951403148528405,0,,
094_S_1293,0,0.8268309377138946,0.8268309377138946,0,,
094_S_1417,0,1.0130047912388775,1.0130047912388775,0,,
094_S_2238,0,2.6365503080082138,2.6365503080082138,0,,
094_S_2367,1,2.220396988364134,2.220396988364134,1,,
094_S_4434,1,0.9418206707734428,0.9418206707734428,1,,
094_S_4630,0,0.4955509924709103,0.4955509924709103,0,,
094_S_4858,0,0.5859000684462696,0.5859000684462696,0,,
098_S_0160,1,1.0787132101300478,1.0787132101300478,1,,
098_S_2052,0,1.1471594798083504,1.1471594798083504,0,,
098_S_2079,0,1.700205338809035,1.700205338809035,0,,
099_S_0051,1,2.642026009582478,2.642026009582478,1,,
099_S_1034,0,1.5906913073237507,1.5906913073237507,0,,
099_S_2063,0,0.0465434633812457,0.0465434633812457,0,,
099_S_2146,0,2.116358658453114,2.116358658453114,0,,
099_S_4157,1,0.9774127310061602,0.9774127310061602,1,,
099_S_4205,0,2.967830253251198,2.967830253251198,0,,
099_S_4463,0,1.8206707734428471,1.8206707734428471,0,,
099_S_4498,0,0.0136892539356605,0.0136892539356605,0,,
100_S_0296,0,0.7529089664613279,3.1759069130732374,2,ADVERSE AEHDTHDT,year only
100_S_4556,0,3.2306639288158796,3.2306639288158796,0,,
109_S_0950,0,1.0349075975359343,1.0349075975359343,0,,
109_S_1114,0,0.9965776865160848,0.9965776865160848,0,,
109_S_1183,0,0.9938398357289528,0.9938398357289528,0,,
109_S_2200,0,0.9856262833675564,3.5592060232717317,2,ADVERSE AEHDTHDT,year only
109_S_4380,0,0.3805612594113621,0.3805612594113621,0,,
109_S_4455,0,0.9117043121149896,0.9117043121149896,0,,
114_S_0378,1,2.7214236824093088,2.7214236824093088,1,,
114_S_0410,0,0.2874743326488706,0.2874743326488706,0,,
114_S_1103,0,0.5776865160848734,2.0533880903490758,2,TREATDIS withdrawal form,exact date
114_S_1106,1,3.1129363449691994,3.1129363449691994,1,,
114_S_1118,0,5.100616016427105,5.100616016427105,0,,
114_S_2392,0,3.0910335386721424,3.0910335386721424,0,,
114_S_4404,1,1.8617385352498288,1.8617385352498288,1,ADVERSE AEHDTHDT,year only
114_S_5047,1,6.080766598220397,6.080766598220397,1,,
116_S_0361,1,1.0321697467488022,1.0321697467488022,1,TREATDIS withdrawal form,exact date
116_S_0649,1,0.5311430527036276,0.5311430527036276,1,TREATDIS withdrawal form,exact date
116_S_4175,1,2.54072553045859,2.54072553045859,1,ADVERSE AEHDTHDT,year only
116_S_4199,0,4.884325804243669,4.884325804243669,0,,
116_S_4635,0,0.0164271047227926,0.9555099247091033,2,TREATDIS withdrawal form,exact date
116_S_4898,0,1.1498973305954825,1.1498973305954825,0,,
116_S_6550,0,3.430527036276523,3.430527036276523,0,,
123_S_2055,0,0.0027378507871321,0.0027378507871321,0,,
123_S_2363,0,2.0506502395619437,2.0506502395619437,0,,
123_S_4127,0,0.1451060917180013,0.1451060917180013,0,,
123_S_4780,0,1.0102669404517457,1.0102669404517457,0,,
123_S_4806,0,0.9363449691991786,0.9363449691991786,0,,
126_S_0709,0,4.944558521560575,7.222450376454483,2,TREATDIS withdrawal form,exact date
126_S_0865,1,1.002053388090349,1.002053388090349,1,TREATDIS withdrawal form,exact date
126_S_1187,0,3.975359342915811,6.234086242299795,2,TREATDIS withdrawal form,exact date
126_S_2360,0,2.053388090349076,2.053388090349076,0,,
126_S_2405,0,2.00684462696783,2.00684462696783,0,,
126_S_2407,0,0.9965776865160848,0.9965776865160848,0,,
126_S_4514,0,2.0342231348391513,2.0342231348391513,0,,
126_S_4891,1,1.054072553045859,1.054072553045859,1,,
126_S_4896,0,5.136208076659822,5.136208076659822,0,,
127_S_0112,1,6.1273100616016425,6.1273100616016425,1,ADVERSE AEHDTHDT,year only
127_S_0925,1,6.034223134839151,6.034223134839151,1,ADVERSE AEHDTHDT,year only
127_S_1032,1,7.112936344969199,7.112936344969199,1,,
127_S_1140,0,0.0766598220396988,0.0766598220396988,0,,
127_S_1419,0,1.2867898699520877,1.2867898699520877,0,,
127_S_2213,1,2.943189596167009,2.943189596167009,1,,
127_S_2234,0,0.0301163586584531,0.0301163586584531,0,,
127_S_4197,1,1.0732375085557837,1.0732375085557837,1,ADVERSE AEHDTHDT,year only
127_S_4301,0,0.3969883641341546,5.68104038329911,2,ADVERSE AEHDTHDT,year only
127_S_4624,0,0.0520191649555099,0.0520191649555099,0,,
127_S_4765,1,1.0376454483230664,1.0376454483230664,1,ADVERSE AEHDTHDT,year only
128_S_0135,1,3.0390143737166326,3.0390143737166326,1,,
128_S_0188,0,0.5530458590006845,0.5530458590006845,0,,
128_S_0225,0,8.049281314168377,8.049281314168377,0,,
128_S_0227,1,1.3963039014373717,1.3963039014373717,1,,
128_S_0608,0,0.3668720054757016,0.3668720054757016,0,,
128_S_0611,1,1.7631759069130732,1.7631759069130732,1,,
128_S_1088,0,0.1232032854209445,0.1232032854209445,0,,
128_S_2002,0,0.0985626283367556,0.0985626283367556,0,,
128_S_2045,0,1.0184804928131417,1.0184804928131417,0,,
128_S_2123,0,3.901437371663244,3.901437371663244,0,,
128_S_2220,1,3.0362765229295,3.0362765229295,1,,
128_S_4553,0,2.026009582477755,2.026009582477755,0,,
128_S_4571,0,2.2039698836413417,2.2039698836413417,0,,
128_S_4653,0,1.9630390143737169,1.9630390143737169,0,,
128_S_4842,0,0.0903490759753593,0.0903490759753593,0,,
128_S_5066,0,1.0184804928131417,1.0184804928131417,0,,
129_S_1246,0,4.0,4.0,0,,
129_S_2332,0,0.0876112251882272,0.0876112251882272,0,,
129_S_2347,0,0.0082135523613963,0.0082135523613963,0,,
129_S_4220,0,2.0506502395619437,2.0506502395619437,0,,
129_S_4287,0,1.1718001368925393,1.1718001368925393,0,,
129_S_6830,0,0.6543463381245722,0.6543463381245722,0,,
130_S_0102,0,1.4948665297741273,1.4948665297741273,0,,
130_S_0285,1,4.435318275154004,4.435318275154004,1,,
130_S_0449,0,0.974674880219028,0.974674880219028,0,,
130_S_0505,0,5.305954825462012,5.305954825462012,0,,
130_S_0783,0,1.0075290896646132,1.0075290896646132,0,,
130_S_2373,1,1.1690622861054072,1.1690622861054072,1,,
130_S_2391,1,2.809034907597536,2.809034907597536,1,,
130_S_4294,1,1.9164955509924708,1.9164955509924708,1,,
130_S_4417,0,0.0246406570841889,0.0246406570841889,0,,
130_S_4817,0,0.0082135523613963,0.0082135523613963,0,,
130_S_4883,0,3.0992470910335386,3.0992470910335386,0,,
130_S_4925,0,0.0109514031485284,0.11225188227241616,2,TREATDIS withdrawal form,exact date
130_S_6604,1,3.7371663244353184,3.7371663244353184,1,,
130_S_6688,0,3.0992470910335386,3.0992470910335386,0,,
131_S_0384,0,1.9904175222450375,1.9904175222450375,0,,
133_S_0727,1,0.4736481861738535,0.4736481861738535,1,,
133_S_0771,0,1.0431211498973303,1.0431211498973303,0,,
133_S_0792,0,1.056810403832991,1.056810403832991,0,,
133_S_0912,0,1.0458590006844628,1.0458590006844628,0,,
135_S_4722,0,2.85284052019165,2.85284052019165,0,,
135_S_6446,0,2.0123203285420943,2.0123203285420943,0,,
135_S_6586,0,1.0376454483230664,1.0376454483230664,0,,
135_S_6703,0,0.947296372347707,0.947296372347707,0,,
136_S_0107,0,0.5256673511293635,0.5256673511293635,0,,
136_S_0874,1,0.6132785763175906,0.6132785763175906,1,,
137_S_0158,0,0.0465434633812457,0.0465434633812457,0,,
137_S_0443,0,0.8295687885010267,0.8295687885010267,0,,
137_S_0481,0,1.0321697467488022,1.0321697467488022,0,,
137_S_0669,0,1.0403832991101984,1.0978781656399725,2,TREATDIS withdrawal form,exact date
137_S_0722,0,0.1341546885694729,0.1341546885694729,0,,
137_S_0800,0,0.731006160164271,0.731006160164271,0,,
137_S_0973,1,1.2566735112936345,1.2566735112936345,1,TREATDIS withdrawal form,exact date
137_S_0994,1,1.0239561943874058,1.0239561943874058,1,,
137_S_4299,0,0.4845995893223819,0.4845995893223819,0,,
137_S_4331,1,2.0150581793292264,2.0150581793292264,1,,
137_S_4351,0,5.938398357289528,5.938398357289528,0,,
137_S_4536,0,0.4928131416837782,0.4928131416837782,0,,
137_S_4623,1,1.0157426420260096,1.0157426420260096,1,,
137_S_4631,1,2.0177960301163584,2.0177960301163584,1,,
137_S_4678,0,1.0349075975359343,1.0349075975359343,0,,
141_S_1052,0,0.027378507871321,0.027378507871321,0,,
141_S_1378,0,0.0876112251882272,0.0876112251882272,0,,
141_S_4160,0,0.0438056125941136,0.9226557152635181,2,ADVERSE AEHDTHDT,year only
141_S_4232,0,0.1232032854209445,0.1232032854209445,0,,
153_S_2148,0,0.0027378507871321,0.0027378507871321,0,,
153_S_4077,0,0.0355920602327173,0.0355920602327173,0,,
153_S_4838,0,1.0704996577686516,1.0704996577686516,0,,
168_S_6180,0,3.2580424366872007,3.2580424366872007,0,,
168_S_6541,1,3.293634496919918,3.293634496919918,1,,
301_S_6056,0,0.0793976728268309,0.0793976728268309,0,,
301_S_6297,0,2.11088295687885,2.11088295687885,0,,
305_S_6378,0,0.4271047227926078,0.4271047227926078,0,,
941_S_4036,0,3.983572895277208,3.983572895277208,0,,
941_S_4187,0,0.0109514031485284,0.0109514031485284,0,,
