subject,image_id,reason
021_S_4419,021_S_4419_m114_2021-06-06,qc zero_frac=0.97 global=0.000
027_S_4919,027_S_4919_m48_2016-08-23,qc zero_frac=0.97 global=0.000
027_S_4919,027_S_4919_m60_2017-08-23,qc zero_frac=0.98 global=0.000
027_S_4919,027_S_4919_m78_2019-02-22,qc zero_frac=0.98 global=0.000
027_S_4919,027_S_4919_m90_2020-02-22,qc zero_frac=0.98 global=0.000
027_S_4919,027_S_4919_m102_2021-02-21,qc zero_frac=0.98 global=0.000
052_S_1352,052_S_1352_m96_2015-03-19,qc zero_frac=0.97 global=0.000
094_S_4630,094_S_4630_m03_2012-07-18,qc zero_frac=0.96 global=0.000
127_S_4197,127_S_4197_m48_2015-08-17,no_surface_maps
128_S_2123,128_S_2123_m132_2021-11-09,qc zero_frac=0.96 global=0.000
129_S_2347,129_S_2347_m03_2011-08-15,qc zero_frac=0.76 global=0.000
135_S_6586,135_S_6586_m48_2022-09-19,qc zero_frac=1.00 global=0.000
135_S_6703,135_S_6703_m12_2020-03-21,qc zero_frac=1.00 global=0.000
135_S_6703,135_S_6703_m48_2023-03-22,qc zero_frac=1.00 global=0.000
