hemi,cluster,n_vertices,area_mm2,peak_t,peak_vertex,sign,peak_aparc,cwp,model
lh,1,157,274.14536431119666,-3.419917242368133,16683,neg,superiorfrontal,0.3294670532946705,A
rh,5,154,217.0929270520926,4.400409883539781,9407,pos,isthmuscingulate,0.43725627437256276,A
rh,3,69,142.83509145866103,-3.146445107962718,12459,neg,parsopercularis,0.6537346265373463,A
lh,2,80,105.132691442859,-3.740924049751003,25941,neg,postcentral,0.7912208779122087,A
rh,9,45,103.10822852396733,-2.896057365223302,24470,neg,middletemporal,0.7998200179982001,A
rh,11,32,98.81318583356982,3.062187920084901,13978,pos,pericalcarine,0.8158184181581842,A
rh,2,61,86.04600051659156,-3.351857216202089,36532,neg,superiorfrontal,0.8596140385961404,A
rh,8,60,78.78236099263259,-3.263729565750249,37520,neg,postcentral,0.8878112188781122,A
rh,7,39,67.18569795050631,-3.2076413716381147,4412,neg,superiorfrontal,0.9226077392260774,A
rh,1,40,62.0331672174358,-3.144430940596049,29935,neg,caudalanteriorcingulate,0.9371062893710629,A
lh,7,44,61.68625165380205,3.8511958427947146,22157,pos,unknown,0.938006199380062,A
rh,15,25,47.784013963577706,-3.116662043602004,24598,neg,caudalanteriorcingulate,0.9696030396960303,A
lh,3,33,47.52892804859901,3.0290027270983555,4475,pos,rostralmiddlefrontal,0.9699030096990301,A
rh,12,31,40.95831088106521,-3.2005984511737897,18010,neg,rostralmiddlefrontal,0.98000199980002,A
rh,4,26,40.69227030528436,-3.0533263723049253,13716,neg,parsopercularis,0.9802019798020198,A
lh,4,37,36.46887801676708,2.95646199149344,2321,pos,superiorparietal,0.985001499850015,A
rh,13,16,33.44192868838578,-2.7965238869424973,15636,neg,fusiform,0.9877012298770123,A
lh,6,26,30.69519966003661,2.9302676190048107,20951,pos,superiortemporal,0.9897010298970103,A
rh,14,17,28.46522215234781,-2.82053818082905,15861,neg,superiorfrontal,0.9916008399160084,A
rh,10,12,24.25574321323888,2.7683692378296105,24701,pos,unknown,0.9945005499450055,A
lh,8,12,16.532500985460064,2.801898555378637,28176,pos,unknown,0.9976002399760024,A
rh,17,8,15.61635512899605,-2.737379138874218,37211,neg,caudalmiddlefrontal,0.9978002199780022,A
rh,16,7,14.02576930434633,-2.682360652697537,5730,neg,superiortemporal,0.998000199980002,A
rh,19,4,9.676211027299352,-2.6238153816568444,40951,neg,inferiortemporal,0.9992000799920008,A
rh,6,10,8.979670128113474,-2.827823134869029,3992,neg,precentral,0.9993000699930007,A
lh,5,7,6.138974128647279,2.651201834470745,1011,pos,rostralmiddlefrontal,0.9993000699930007,A
lh,11,1,2.194898269547199,2.607665541603335,24335,pos,superiortemporal,0.9999000099990001,A
lh,9,1,1.815719259950788,2.593676682883767,16012,pos,rostralmiddlefrontal,0.9999000099990001,A
lh,10,1,1.7512455823667,-2.593622110328124,16386,neg,postcentral,0.9999000099990001,A
rh,18,3,2.232952295988956,-2.6103315324355103,15373,neg,supramarginal,0.9999000099990001,A
rh,20,1,1.865712678075073,-2.6076365837580777,30836,neg,postcentral,0.9999000099990001,A
