subject,event,time_years,n_scans_window,age_at_landmark,female,apoe4,field_strength_bl,field_strength_changed,field_3t
002_S_0782,0,0.8980150581793293,5,83.87679671457906,0.0,0.0,1.5,0,0.0
002_S_1070,1,0.109514031485284,4,75.45242984257358,0.0,0.0,1.5,1,0.0
002_S_1155,0,6.0862422997946615,11,70.36824093086926,0.0,0.0,1.5,1,0.0
002_S_1268,1,0.9774127310061602,8,87.89048596851471,0.0,1.0,3.0,1,1.0
002_S_4229,0,0.0027378507871321,8,74.61738535249829,0.0,0.0,3.0,0,1.0
002_S_4237,0,0.0027378507871321,4,83.05544147843942,1.0,0.0,3.0,0,1.0
002_S_4521,1,0.9117043121149896,4,72.19712525667352,0.0,1.0,3.0,0,1.0
002_S_4799,0,6.264202600958248,8,75.0444900752909,0.0,0.0,3.0,0,1.0
003_S_0908,0,5.297741273100616,10,76.0766598220397,1.0,0.0,1.494,1,0.0
003_S_1074,1,0.9363449691991786,7,93.55509924709104,1.0,0.0,1.5,1,0.0
003_S_1122,1,6.151950718685832,8,89.18275154004107,1.0,0.0,1.5,1,0.0
003_S_4354,1,2.3956194387405887,8,83.3949349760438,0.0,0.0,3.0,0,1.0
003_S_6258,0,2.04517453798768,4,83.9917864476386,0.0,1.0,3.0,0,1.0
003_S_6268,0,2.113620807665982,4,73.80971937029432,0.0,2.0,3.0,0,1.0
005_S_0324,0,0.0383299110198494,4,78.4996577686516,1.0,0.0,1.5,0,0.0
005_S_0448,1,5.963039014373717,4,87.75085557837097,0.0,0.0,1.5,1,0.0
005_S_0546,0,5.281314168377824,4,81.77138945927447,0.0,1.0,1.5,0,0.0
005_S_1224,1,1.0184804928131417,5,83.2580424366872,0.0,0.0,1.5,0,0.0
005_S_2390,0,1.0732375085557837,5,91.9671457905544,1.0,0.0,3.0,0,1.0
005_S_4168,0,9.659137577002053,5,86.2861054072553,0.0,1.0,3.0,0,1.0
005_S_4185,0,0.0109514031485284,7,87.57563312799452,0.0,0.0,3.0,0,1.0
006_S_4363,1,0.9883641341546886,4,75.69609856262834,1.0,0.0,3.0,0,1.0
006_S_4679,0,1.4702258726899384,4,71.32101300479124,0.0,1.0,3.0,0,1.0
006_S_4713,1,2.584531143052704,7,79.88227241615331,0.0,1.0,3.0,0,1.0
006_S_4960,0,0.0958247775496235,6,65.31964407939768,0.0,1.0,3.0,0,1.0
006_S_6243,0,0.0219028062970568,5,72.69815195071868,0.0,0.0,3.0,0,1.0
007_S_0101,1,0.4955509924709103,4,75.19233401779603,0.0,2.0,1.5,0,0.0
007_S_0698,1,4.191649555099247,5,78.48323066392882,0.0,1.0,1.5,0,0.0
007_S_2394,0,0.0054757015742642,12,81.80698151950719,0.0,2.0,3.0,0,1.0
007_S_4272,1,0.9883641341546886,10,81.22929500342231,0.0,0.0,3.0,0,1.0
007_S_4467,0,1.1498973305954825,4,64.0082135523614,1.0,2.0,3.0,0,1.0
009_S_1030,1,1.3059548254620124,4,70.52703627652294,0.0,0.0,1.5,0,0.0
009_S_2208,0,0.0027378507871321,6,72.91444216290212,0.0,1.0,3.0,0,1.0
009_S_4359,0,0.0109514031485284,5,80.96098562628337,0.0,1.0,3.0,0,1.0
009_S_5000,0,1.1937029431895962,4,78.83641341546885,0.0,1.0,3.0,0,1.0
011_S_0362,1,0.9582477754962354,4,72.64065708418892,1.0,1.0,1.5,0,0.0
011_S_1080,1,1.0924024640657084,6,84.5284052019165,0.0,0.0,1.5,0,0.0
011_S_4235,0,1.0787132101300478,5,67.89322381930185,0.0,0.0,3.0,0,1.0
011_S_4547,1,1.45927446954141,5,81.43463381245722,0.0,0.0,3.0,0,1.0
011_S_4893,1,2.04517453798768,4,70.2943189596167,1.0,1.0,3.0,0,1.0
012_S_0634,0,1.0239561943874058,4,84.30937713894593,0.0,0.0,1.5,0,0.0
012_S_1165,0,0.1204654346338124,5,83.5482546201232,0.0,1.0,,0,0.0
012_S_1175,0,0.1177275838466803,4,74.80082135523614,0.0,0.0,,0,0.0
012_S_1321,0,0.0684462696783025,5,85.28405201916496,0.0,0.0,3.0,1,1.0
012_S_4012,0,0.0520191649555099,5,73.01574264202601,1.0,0.0,3.0,0,1.0
012_S_4128,0,0.2299794661190965,5,77.04312114989733,1.0,1.0,3.0,0,1.0
012_S_4188,1,1.0130047912388775,4,79.35386721423683,0.0,1.0,3.0,0,1.0
013_S_1120,0,0.8076659822039699,4,79.41957563312799,1.0,0.0,1.494,0,0.0
013_S_1186,1,1.1143052703627652,9,90.29979466119096,0.0,0.0,1.494,1,0.0
013_S_1275,0,0.5776865160848734,4,80.75564681724846,1.0,2.0,1.494,0,0.0
013_S_2389,0,7.668720054757015,4,64.33127994524298,1.0,0.0,3.0,0,1.0
013_S_4395,0,9.3305954825462,5,76.55304585900069,1.0,0.0,3.0,0,1.0
014_S_0169,0,5.073237508555784,7,76.0082135523614,1.0,1.0,1.5,0,0.0
014_S_0557,0,3.9370294318959616,4,75.09924709103353,0.0,1.0,1.5,0,0.0
014_S_0563,1,0.9965776865160848,4,82.80629705681041,0.0,0.0,1.5,0,0.0
014_S_2185,1,5.804243668720055,4,75.27173169062286,0.0,0.0,3.0,0,1.0
014_S_4328,0,0.0301163586584531,4,69.72484599589322,1.0,1.0,3.0,0,1.0
016_S_0702,1,0.4818617385352498,4,86.65845311430527,0.0,1.0,1.494,0,0.0
016_S_0769,1,0.5284052019164955,4,63.83846680355921,0.0,0.0,3.0,1,1.0
016_S_1117,1,1.434633812457221,5,71.12662559890487,1.0,0.0,1.494,1,0.0
016_S_2007,1,3.373032169746749,4,85.31690622861053,1.0,0.0,3.0,0,1.0
016_S_2031,0,1.136208076659822,5,75.55373032169747,0.0,0.0,3.0,0,1.0
016_S_4646,0,0.188911704312115,4,63.02532511978097,1.0,1.0,3.0,0,1.0
016_S_5007,0,0.0574948665297741,4,73.89733059548254,0.0,0.0,3.0,0,1.0
018_S_0142,1,5.812457221081451,6,83.5400410677618,0.0,1.0,1.5,0,0.0
018_S_0155,1,1.4921286789869952,4,82.72142368240931,0.0,1.0,1.5,0,0.0
018_S_2133,1,3.263518138261465,6,66.68856947296372,1.0,2.0,3.0,0,1.0
018_S_2155,1,0.974674880219028,11,79.99726214921287,1.0,2.0,3.0,0,1.0
018_S_2180,0,4.39151266255989,11,87.67693360711841,1.0,0.0,3.0,0,1.0
018_S_4809,0,0.2245037645448323,5,82.37371663244353,0.0,1.0,3.0,0,1.0
018_S_4868,0,0.1943874058863792,7,83.23613963039014,0.0,2.0,3.0,0,1.0
018_S_4889,0,11.0362765229295,4,77.6974674880219,0.0,0.0,3.0,0,1.0
018_S_6414,0,2.6036960985626285,4,73.08145106091717,1.0,1.0,3.0,0,1.0
019_S_4285,0,0.0164271047227926,4,76.10130047912389,0.0,0.0,3.0,0,1.0
019_S_6483,1,1.9603011635865848,4,65.7659137577002,1.0,2.0,3.0,0,1.0
019_S_6635,0,0.0191649555099247,5,60.73100616016427,1.0,2.0,3.0,0,1.0
021_S_0178,0,0.0136892539356605,4,80.03832991101984,0.0,0.0,1.5,1,0.0
021_S_0231,1,0.5037645448323066,4,61.96577686516085,0.0,0.0,1.5,0,0.0
021_S_0273,0,0.0027378507871321,4,66.01779603011636,0.0,0.0,1.5,0,0.0
021_S_0276,1,4.010951403148528,4,74.99520876112251,0.0,0.0,1.5,0,0.0
021_S_0424,1,1.0595482546201231,4,83.77823408624229,0.0,1.0,1.5,0,0.0
021_S_0626,1,4.008213552361396,7,87.37850787132102,0.0,0.0,1.5,0,0.0
021_S_2077,0,0.9555099247091032,5,85.13620807665983,0.0,0.0,3.0,0,1.0
021_S_2100,0,0.9965776865160848,6,91.9671457905544,1.0,0.0,3.0,0,1.0
021_S_4245,1,2.0917180013689256,4,75.68514715947981,0.0,1.0,3.0,0,1.0
021_S_4419,0,0.0027378507871321,5,73.21560574948666,1.0,1.0,3.0,0,1.0
021_S_4659,1,1.0102669404517457,4,87.96167008898016,0.0,2.0,3.0,0,1.0
022_S_1097,1,1.1143052703627652,4,76.18617385352498,0.0,0.0,1.494,0,0.0
022_S_1351,1,0.9965776865160848,4,73.96851471594798,1.0,2.0,1.494,0,0.0
022_S_2087,1,1.9739904175222447,4,71.67419575633129,0.0,1.0,3.0,0,1.0
022_S_2167,0,0.0027378507871321,6,85.88637919233402,0.0,0.0,3.0,0,1.0
022_S_2263,0,0.0383299110198494,9,72.35318275154005,0.0,1.0,3.0,0,1.0
022_S_4444,0,0.2847364818617385,5,81.73032169746749,0.0,0.0,3.0,0,1.0
022_S_4805,0,0.0164271047227926,4,74.02600958247776,1.0,1.0,3.0,0,1.0
022_S_5004,0,2.6803559206023277,10,74.22861054072553,0.0,0.0,3.0,0,1.0
022_S_6716,0,2.735112936344969,4,78.71321013004791,0.0,0.0,3.0,0,1.0
023_S_0126,1,1.0075290896646132,5,79.74537987679672,1.0,1.0,1.494,0,0.0
023_S_0331,1,1.0431211498973303,6,66.65571526351813,1.0,2.0,2.89362,1,1.0
023_S_0376,1,1.0431211498973303,4,73.58247775496235,0.0,0.0,1.494,0,0.0
023_S_1046,0,2.1245722108145104,7,74.68309377138947,0.0,1.0,3.0,1,1.0
023_S_4115,1,0.9774127310061602,6,73.97946611909651,0.0,0.0,3.0,0,1.0
023_S_4122,0,0.0191649555099247,4,70.17932922655716,0.0,0.0,3.0,0,1.0
023_S_6334,0,1.0157426420260096,5,78.51334702258727,0.0,0.0,3.0,0,1.0
024_S_2239,0,3.797399041752224,10,84.47091033538672,1.0,1.0,3.0,0,1.0
024_S_4169,0,0.0602327173169062,6,68.08213552361396,1.0,0.0,3.0,0,1.0
024_S_4392,0,0.0082135523613963,4,84.61054072553046,0.0,0.0,3.0,0,1.0
024_S_4674,0,0.0355920602327173,10,88.0848733744011,0.0,1.0,3.0,0,1.0
024_S_6033,0,0.0136892539356605,4,61.79329226557152,1.0,0.0,3.0,0,1.0
027_S_0116,0,4.079397672826831,7,82.55167693360711,0.0,0.0,1.5,0,0.0
027_S_0307,0,4.123203285420945,5,82.68856947296372,0.0,0.0,1.5,0,0.0
027_S_0408,1,0.919917864476386,4,85.34976043805612,0.0,0.0,1.5,0,0.0
027_S_0644,0,2.004106776180698,5,79.14852840520192,0.0,0.0,1.5,0,0.0
027_S_0835,1,0.459958932238193,4,74.41752224503765,0.0,1.0,2.89362,1,1.0
027_S_1045,0,6.094455852156058,5,85.70020533880904,1.0,0.0,1.5,0,0.0
027_S_1277,0,0.0410677618069815,4,87.46611909650925,0.0,1.0,2.89362,1,1.0
027_S_1387,1,0.5256673511293635,4,86.77618069815195,0.0,1.0,2.89362,1,1.0
027_S_2183,0,1.938398357289528,7,88.30116358658454,0.0,0.0,3.0,0,1.0
027_S_2219,0,2.1711156741957565,10,83.4880219028063,0.0,0.0,3.0,0,1.0
027_S_4873,1,2.302532511978097,4,84.70088980150582,0.0,0.0,3.0,0,1.0
027_S_4919,1,2.43668720054757,11,84.24914442162903,1.0,0.0,3.0,0,1.0
027_S_4926,0,9.612594113620808,5,65.71937029431896,0.0,1.0,3.0,0,1.0
029_S_0914,1,5.114305270362765,5,77.84531143052703,0.0,1.0,1.5,0,0.0
029_S_1073,1,1.0239561943874058,4,67.77275838466804,1.0,1.0,1.5,0,0.0
029_S_1218,0,0.9637234770704995,4,88.50650239561944,1.0,0.0,1.5,0,0.0
029_S_1318,1,2.841889117043121,5,86.19301848049281,1.0,0.0,1.5,0,0.0
029_S_2376,0,2.346338124572211,4,84.12046543463381,0.0,1.0,3.0,0,1.0
029_S_2395,0,0.0027378507871321,8,81.3305954825462,0.0,1.0,3.0,0,1.0
031_S_0351,0,0.0602327173169062,4,71.48528405201917,0.0,0.0,1.5,0,0.0
031_S_0830,1,1.0732375085557837,6,73.88911704312115,0.0,1.0,3.0,1,1.0
031_S_0867,0,4.068446269678303,5,74.88843258042436,0.0,0.0,1.5,0,0.0
031_S_2022,0,3.540041067761807,5,69.06502395619438,0.0,1.0,3.0,0,1.0
031_S_4029,0,1.7248459958932238,4,63.15400410677618,0.0,2.0,3.0,0,1.0
031_S_4149,1,5.259411362080766,4,75.3949349760438,0.0,1.0,3.0,0,1.0
031_S_4194,0,0.1122518822724161,4,64.09582477754962,0.0,0.0,3.0,0,1.0
031_S_4476,0,2.8966461327857638,4,90.84462696783024,0.0,0.0,3.0,0,1.0
032_S_0187,1,0.5284052019164955,5,78.72416153319644,0.0,2.0,3.0,1,1.0
032_S_0718,0,0.0191649555099247,5,83.68788501026694,1.0,0.0,1.5,0,0.0
032_S_2119,0,0.0739219712525667,7,78.45585215605749,0.0,0.0,3.0,0,1.0
032_S_2247,0,0.0958247775496235,5,70.43668720054757,0.0,0.0,3.0,0,1.0
033_S_0513,1,1.0157426420260096,4,70.98973305954826,0.0,2.0,1.5,0,0.0
033_S_0514,1,1.9712525667351128,4,82.88295687885011,0.0,0.0,1.5,0,0.0
033_S_1116,1,1.4674880219028064,5,84.9719370294319,0.0,2.0,2.89362,1,1.0
033_S_1309,0,0.0136892539356605,5,71.24161533196441,1.0,2.0,2.89362,1,1.0
035_S_0033,0,0.0082135523613963,4,86.60917180013689,0.0,0.0,1.494,0,0.0
035_S_0292,1,1.0704996577686516,5,79.52087611225188,0.0,0.0,1.494,0,0.0
035_S_2061,0,1.0184804928131417,8,72.12046543463381,1.0,0.0,3.0,0,1.0
035_S_4582,1,1.4017796030116358,4,69.64544832306639,1.0,1.0,3.0,0,1.0
035_S_6480,0,1.990417522245037,5,84.98562628336755,1.0,1.0,3.0,0,1.0
036_S_0656,0,0.9828884325804244,4,84.65982203969884,0.0,1.0,1.494,0,0.0
036_S_0673,0,1.297741273100616,6,81.38261464750171,0.0,2.0,1.494,0,0.0
036_S_0869,1,0.5284052019164955,4,84.51745379876797,1.0,1.0,1.5,0,0.0
036_S_0945,1,1.0787132101300478,4,75.44695414099931,0.0,0.0,1.494,0,0.0
036_S_0976,1,1.0184804928131417,4,82.6611909650924,0.0,0.0,1.5,0,0.0
036_S_1135,1,0.4982888432580424,4,77.22929500342231,0.0,1.0,1.5,0,0.0
036_S_1240,1,0.5147159479808351,4,68.65982203969884,1.0,2.0,1.5,0,0.0
036_S_2380,1,1.6098562628336757,8,75.92881587953457,0.0,2.0,3.0,0,1.0
036_S_4538,1,1.136208076659822,5,84.58316221765914,1.0,1.0,3.0,0,1.0
036_S_4714,1,1.952087611225188,4,66.60643394934976,1.0,2.0,3.0,0,1.0
036_S_4736,0,0.9609856262833676,4,73.99589322381931,0.0,2.0,3.0,0,1.0
037_S_0150,1,1.7440109514031483,8,84.12046543463381,0.0,0.0,1.5,1,0.0
037_S_0377,0,0.0985626283367556,8,92.50924024640658,0.0,1.0,1.5,1,0.0
037_S_0501,1,1.212867898699521,5,84.97467488021903,0.0,0.0,1.5,1,0.0
037_S_0566,1,1.3716632443531829,4,81.09514031485284,0.0,1.0,1.5,0,0.0
037_S_0588,1,2.461327857631759,4,67.01437371663245,0.0,2.0,1.5,0,0.0
037_S_1078,1,0.9774127310061602,4,73.91375770020534,0.0,2.0,1.5,0,0.0
037_S_1225,1,0.5968514715947981,4,77.53045859000684,0.0,0.0,2.89362,1,1.0
037_S_1421,0,0.0465434633812457,4,77.56605065023956,1.0,1.0,1.5,0,0.0
037_S_4030,1,0.9883641341546886,4,70.49144421629022,1.0,1.0,3.0,0,1.0
037_S_4146,0,0.0438056125941136,5,65.83436002737851,0.0,2.0,3.0,0,1.0
037_S_4214,0,3.619438740588638,9,83.79466119096509,0.0,0.0,3.0,0,1.0
037_S_4302,0,0.027378507871321,6,81.40177960301163,0.0,0.0,3.0,0,1.0
037_S_4381,0,9.44558521560575,5,59.08829568788501,1.0,1.0,3.0,0,1.0
037_S_4750,0,1.051334702258727,4,85.94113620807666,1.0,0.0,3.0,0,1.0
041_S_0314,1,1.0157426420260096,5,74.28336755646818,0.0,1.0,1.494,0,0.0
041_S_0679,0,2.6009582477754964,9,78.63655030800821,0.0,0.0,1.494,1,0.0
041_S_1010,1,0.5503080082135524,4,75.9835728952772,0.0,1.0,1.5,0,0.0
041_S_1260,0,1.2895277207392195,5,74.73511293634498,0.0,0.0,1.5,0,0.0
041_S_1418,0,0.0054757015742642,10,93.55783709787816,0.0,0.0,1.5,1,0.0
041_S_1425,1,1.514031485284052,5,77.63175906913074,1.0,0.0,1.5,0,0.0
041_S_4004,0,3.8302532511978096,6,70.91033538672143,1.0,0.0,3.0,0,1.0
041_S_4051,0,6.075290896646133,7,78.98425735797399,0.0,0.0,3.0,0,1.0
041_S_4138,1,2.047912388774812,5,92.54757015742642,1.0,0.0,3.0,0,1.0
041_S_4143,1,1.8836413415468856,5,67.81382614647502,1.0,0.0,3.0,0,1.0
041_S_4271,1,0.9089664613278576,7,69.02121834360027,0.0,0.0,3.0,0,1.0
041_S_4510,0,0.4271047227926078,6,72.17248459958932,1.0,1.0,3.0,0,1.0
041_S_4720,1,1.1745379876796715,4,79.52635181382615,0.0,2.0,3.0,0,1.0
041_S_4874,0,2.535249828884326,8,67.40588637919234,1.0,1.0,3.0,0,1.0
041_S_4877,0,0.027378507871321,4,86.6009582477755,0.0,1.0,3.0,0,1.0
041_S_4974,1,3.4277891854893907,4,75.61396303901438,0.0,0.0,3.0,0,1.0
041_S_4989,0,1.3470225872689938,4,62.27789185489391,1.0,0.0,3.0,0,1.0
051_S_1072,0,5.13347022587269,6,63.096509240246405,1.0,0.0,3.0,1,1.0
051_S_1131,0,1.702943189596167,6,89.67008898015058,0.0,0.0,3.0,1,1.0
052_S_0671,1,4.20807665982204,6,64.55578370978782,1.0,1.0,1.5,0,0.0
052_S_0989,0,2.403832991101985,5,67.63039014373716,1.0,1.0,1.5,0,0.0
052_S_1346,1,0.9911019849418208,5,75.86036960985626,0.0,1.0,1.5,0,0.0
052_S_1352,0,0.0958247775496235,7,97.45106091718002,0.0,0.0,1.5,1,0.0
052_S_2249,0,0.1423682409308692,6,83.42505133470226,0.0,0.0,3.0,0,1.0
052_S_4626,0,1.0184804928131417,5,72.28473648186174,0.0,0.0,3.0,0,1.0
052_S_4807,1,0.9911019849418208,4,74.18206707734429,1.0,1.0,3.0,0,1.0
052_S_4885,1,2.242299794661191,4,77.056810403833,0.0,1.0,3.0,0,1.0
052_S_4944,0,5.993155373032169,7,74.79260780287474,0.0,1.0,3.0,0,1.0
053_S_0389,1,0.9637234770704995,4,74.652977412731,1.0,1.0,1.5,0,0.0
053_S_0621,0,1.431895961670089,5,64.37782340862422,1.0,1.0,1.5,0,0.0
053_S_0919,0,1.0157426420260096,8,71.51266255989049,0.0,1.0,1.5,1,0.0
053_S_2357,0,1.264887063655031,5,75.77823408624229,0.0,0.0,3.0,0,1.0
053_S_4557,0,3.0417522245037647,4,85.42915811088295,1.0,0.0,3.0,0,1.0
053_S_4813,0,0.2847364818617385,10,80.70088980150582,0.0,0.0,3.0,0,1.0
057_S_1265,1,1.054072553045859,4,84.2984257357974,1.0,1.0,1.5,0,0.0
057_S_1269,0,4.024640657084189,4,75.55099247091033,0.0,0.0,1.5,0,0.0
062_S_1182,0,0.9801505817932924,4,78.33812457221082,1.0,0.0,1.494,0,0.0
067_S_0607,0,0.7446954140999316,6,80.53935660506502,1.0,1.0,3.0,1,1.0
067_S_2195,1,1.0294318959616702,5,71.09377138945928,0.0,2.0,3.0,0,1.0
067_S_2196,0,4.848733744010952,4,70.32717316906229,1.0,1.0,3.0,0,1.0
067_S_2301,0,6.2121834360027375,8,74.26146475017111,0.0,0.0,3.0,0,1.0
067_S_2304,0,3.9452429842573578,10,71.88227241615331,0.0,0.0,3.0,0,1.0
067_S_4054,0,2.036960985626284,4,70.48049281314168,1.0,0.0,3.0,0,1.0
067_S_4072,0,1.2785763175906912,6,68.56125941136209,1.0,0.0,3.0,0,1.0
067_S_4184,0,7.728952772073922,6,68.63791923340177,1.0,0.0,3.0,0,1.0
067_S_4212,0,3.79192334017796,7,75.01711156741958,0.0,0.0,3.0,0,1.0
067_S_4767,0,0.1560574948665297,8,73.42094455852155,1.0,1.0,3.0,0,1.0
067_S_4782,1,2.026009582477755,8,79.25256673511294,0.0,2.0,3.0,0,1.0
068_S_0872,1,2.844626967830253,4,72.19986310746064,0.0,0.0,,0,0.0
068_S_1075,0,1.5852156057494866,4,69.14989733059548,0.0,1.0,,0,1.0
068_S_2168,0,1.700205338809035,4,74.47227926078028,0.0,0.0,3.0,0,1.0
068_S_2315,0,0.2053388090349076,6,79.58110882956879,1.0,0.0,3.0,0,1.0
068_S_4061,0,0.0027378507871321,7,72.73921971252567,1.0,1.0,3.0,0,1.0
068_S_4067,0,0.191649555099247,4,71.20876112251882,0.0,0.0,3.0,0,1.0
068_S_4217,0,1.7084188911704312,4,78.71321013004791,0.0,0.0,3.0,0,1.0
068_S_4332,0,4.9253935660506505,5,76.97741273100615,0.0,0.0,3.0,0,1.0
070_S_6236,1,2.565366187542779,5,87.15947980835044,0.0,0.0,3.0,0,1.0
072_S_1380,0,0.8350444900752909,4,88.09034907597535,0.0,0.0,,0,0.0
072_S_2027,0,0.0903490759753593,4,64.02190280629706,1.0,0.0,3.0,0,1.0
072_S_2037,0,1.1909650924024642,6,79.92060232717317,0.0,1.0,3.0,0,1.0
072_S_2072,0,1.0130047912388775,6,76.87337440109513,0.0,0.0,3.0,0,1.0
072_S_2083,0,0.0355920602327173,6,92.4435318275154,1.0,0.0,3.0,0,1.0
072_S_2093,0,1.2457221081451062,6,63.715263518138265,1.0,1.0,3.0,0,1.0
072_S_2116,0,1.002053388090349,6,65.75496235455168,0.0,0.0,3.0,0,1.0
072_S_2164,0,1.08145106091718,6,75.19233401779603,1.0,0.0,3.0,0,1.0
072_S_4063,0,1.593429158110883,5,62.3709787816564,1.0,0.0,3.0,0,1.0
072_S_4206,0,1.4647501711156743,5,71.72347707049965,0.0,0.0,3.0,0,1.0
072_S_4226,0,1.4154688569472964,4,66.02327173169063,1.0,0.0,3.0,0,1.0
072_S_4383,0,1.163586584531143,5,75.1813826146475,0.0,0.0,3.0,0,1.0
072_S_4390,0,0.9418206707734428,5,79.26899383983573,1.0,0.0,3.0,0,1.0
072_S_4394,0,1.0431211498973303,5,79.08008213552361,1.0,0.0,3.0,0,1.0
072_S_4445,0,0.0136892539356605,4,75.89869952087611,0.0,0.0,3.0,0,1.0
072_S_4462,1,0.8268309377138946,4,73.42642026009582,0.0,0.0,3.0,0,1.0
072_S_4465,0,1.9794661190965093,4,63.23613963039014,1.0,1.0,3.0,0,1.0
072_S_4522,0,0.5859000684462696,5,69.88637919233402,0.0,0.0,3.0,0,1.0
072_S_4539,0,0.9664613278576316,5,69.55783709787816,1.0,0.0,3.0,0,1.0
072_S_4613,0,1.4428473648186173,4,70.04791238877482,0.0,0.0,3.0,0,1.0
072_S_4769,0,0.0164271047227926,4,60.14236824093087,1.0,0.0,3.0,0,1.0
072_S_4871,0,1.2511978097193703,4,68.52566735112936,1.0,0.0,3.0,0,1.0
072_S_4941,0,0.9774127310061602,4,62.34633812457221,0.0,1.0,3.0,0,1.0
073_S_0746,0,0.2080766598220397,9,83.34017796030116,1.0,0.0,1.494,1,0.0
073_S_0909,1,0.9938398357289528,4,71.4633812457221,1.0,1.0,1.494,0,0.0
073_S_2153,0,0.0027378507871321,5,79.92060232717317,0.0,0.0,3.0,0,1.0
073_S_2190,0,0.191649555099247,4,84.71457905544148,0.0,0.0,3.0,0,1.0
073_S_2191,0,0.1040383299110198,7,75.89869952087611,1.0,0.0,3.0,0,1.0
073_S_2225,0,1.0212183436002735,6,74.76796714579055,0.0,0.0,3.0,0,1.0
073_S_2264,0,1.136208076659822,6,73.56878850102669,0.0,1.0,3.0,0,1.0
073_S_4216,0,0.0082135523613963,6,64.82409308692677,0.0,0.0,3.0,0,1.0
073_S_4259,0,0.0054757015742642,4,65.17453798767967,1.0,1.0,3.0,0,1.0
073_S_4300,0,0.8459958932238193,4,82.85557837097878,1.0,0.0,3.0,0,1.0
073_S_4311,0,0.0027378507871321,5,76.78850102669405,1.0,0.0,3.0,0,1.0
073_S_4312,0,0.0054757015742642,5,73.53593429158111,0.0,1.0,3.0,0,1.0
073_S_4360,0,0.2135523613963039,5,63.6413415468857,1.0,0.0,3.0,0,1.0
073_S_4443,0,0.3285420944558521,5,72.19712525667352,0.0,0.0,3.0,0,1.0
073_S_4614,0,4.339493497604381,5,72.16427104722793,1.0,1.0,3.0,0,1.0
073_S_4777,1,2.3572895277207397,4,86.88569472963724,1.0,0.0,3.0,0,1.0
082_S_0928,0,0.7474332648870636,5,84.59411362080766,1.0,0.0,3.0,1,1.0
082_S_2099,0,0.0355920602327173,4,85.97125256673512,1.0,0.0,3.0,0,1.0
082_S_2121,0,3.3127994524298425,9,79.13210130047912,1.0,1.0,3.0,0,1.0
082_S_2307,0,0.7392197125256673,4,80.9883641341547,1.0,0.0,3.0,0,1.0
094_S_0921,0,0.3066392881587953,5,74.43394934976044,0.0,1.0,1.5,0,0.0
094_S_1188,0,1.0951403148528405,4,83.3867214236824,1.0,1.0,1.5,0,0.0
094_S_1293,0,0.8268309377138946,5,79.24435318275154,0.0,2.0,3.0,1,1.0
094_S_1417,0,1.0130047912388775,4,66.25598904859685,0.0,0.0,1.5,0,0.0
094_S_2238,0,2.6365503080082138,9,80.15879534565366,0.0,0.0,3.0,0,1.0
094_S_2367,1,2.220396988364134,4,76.8870636550308,0.0,1.0,3.0,0,1.0
094_S_4434,1,0.9418206707734428,4,68.85968514715948,0.0,0.0,3.0,0,1.0
094_S_4630,0,0.4955509924709103,5,69.66461327857631,1.0,0.0,3.0,0,1.0
094_S_4858,0,0.5859000684462696,5,59.38398357289528,0.0,2.0,3.0,0,1.0
098_S_0160,1,1.0787132101300478,7,79.37303216974675,0.0,1.0,1.5,0,0.0
098_S_2052,0,1.1471594798083504,5,77.21286789869951,0.0,0.0,3.0,0,1.0
098_S_2079,0,1.700205338809035,7,71.84941820670774,0.0,0.0,3.0,0,1.0
099_S_0051,1,2.642026009582478,4,69.6290212183436,0.0,2.0,1.494,0,0.0
099_S_1034,0,1.5906913073237507,6,78.21492128678987,0.0,0.0,1.494,0,0.0
099_S_2063,0,0.0465434633812457,6,72.42436687200548,0.0,1.0,3.0,0,1.0
099_S_2146,0,2.116358658453114,8,73.347022587269,0.0,0.0,3.0,0,1.0
099_S_4157,1,0.9774127310061602,4,83.37850787132102,1.0,0.0,3.0,0,1.0
099_S_4205,0,2.967830253251198,4,83.72073921971253,1.0,0.0,3.0,0,1.0
099_S_4463,0,1.8206707734428471,4,68.85147159479808,0.0,1.0,3.0,0,1.0
099_S_4498,0,0.0136892539356605,5,81.72210814510609,1.0,0.0,3.0,0,1.0
100_S_0296,0,0.7529089664613279,7,89.31964407939768,0.0,0.0,1.5,1,0.0
100_S_4556,0,3.23066392881588,8,82.63381245722108,0.0,0.0,3.0,0,1.0
109_S_0950,0,1.0349075975359343,4,75.75906913073237,0.0,0.0,1.494,0,0.0
109_S_1114,0,0.9965776865160848,4,80.54209445585215,1.0,0.0,1.5,0,0.0
109_S_1183,0,0.9938398357289528,5,82.3709787816564,0.0,0.0,1.5,0,0.0
109_S_2200,0,0.9856262833675564,5,80.10403832991102,1.0,0.0,3.0,0,1.0
109_S_4380,0,0.3805612594113621,8,84.90622861054072,0.0,0.0,3.0,0,1.0
109_S_4455,0,0.9117043121149896,5,67.43600273785079,0.0,0.0,3.0,0,1.0
114_S_0378,1,2.7214236824093088,5,72.15605749486653,1.0,1.0,1.494,0,0.0
114_S_0410,0,0.2874743326488706,4,62.91581108829569,1.0,1.0,1.494,0,0.0
114_S_1103,0,0.5776865160848734,4,84.70636550308008,0.0,0.0,1.5,0,0.0
114_S_1106,1,3.1129363449692,5,77.15537303216975,1.0,0.0,1.5,0,0.0
114_S_1118,0,5.100616016427105,6,85.68377823408625,0.0,0.0,1.5,0,0.0
114_S_2392,0,3.0910335386721424,11,75.56194387405887,1.0,0.0,3.0,0,1.0
114_S_4404,1,1.8617385352498288,5,86.68035592060232,1.0,0.0,3.0,0,1.0
114_S_5047,1,6.080766598220397,6,73.40999315537303,1.0,2.0,3.0,0,1.0
116_S_0361,1,1.0321697467488022,5,78.59000684462697,0.0,1.0,1.5,0,0.0
116_S_0649,1,0.5311430527036276,5,88.26830937713895,0.0,1.0,2.89362,1,1.0
116_S_4175,1,2.54072553045859,5,79.58658453114305,0.0,1.0,3.0,0,1.0
116_S_4199,0,4.884325804243669,8,67.98904859685148,0.0,0.0,3.0,0,1.0
116_S_4635,0,0.0164271047227926,5,76.85968514715948,1.0,1.0,3.0,0,1.0
116_S_4898,0,1.1498973305954825,4,77.21560574948666,0.0,1.0,3.0,0,1.0
116_S_6550,0,3.430527036276523,4,58.98151950718686,1.0,0.0,3.0,0,1.0
123_S_2055,0,0.0027378507871321,6,79.37029431895962,0.0,1.0,3.0,0,1.0
123_S_2363,0,2.050650239561944,5,61.91375770020534,0.0,0.0,3.0,0,1.0
123_S_4127,0,0.1451060917180013,11,76.22724161533196,1.0,0.0,3.0,0,1.0
123_S_4780,0,1.0102669404517457,4,72.39698836413416,1.0,0.0,3.0,0,1.0
123_S_4806,0,0.9363449691991786,4,58.157426420260094,0.0,0.0,3.0,0,1.0
126_S_0709,0,4.944558521560575,5,86.9596167008898,0.0,1.0,1.5,0,0.0
126_S_0865,1,1.002053388090349,4,75.7180013689254,0.0,1.0,1.5,0,0.0
126_S_1187,0,3.975359342915811,5,81.51950718685832,0.0,1.0,1.5,0,0.0
126_S_2360,0,2.053388090349076,5,67.13210130047912,0.0,1.0,3.0,0,1.0
126_S_2405,0,2.00684462696783,5,75.69883641341546,1.0,0.0,3.0,0,1.0
126_S_2407,0,0.9965776865160848,5,72.08213552361396,1.0,0.0,3.0,0,1.0
126_S_4514,0,2.0342231348391517,10,79.0116358658453,1.0,1.0,3.0,0,1.0
126_S_4891,1,1.054072553045859,6,65.73305954825462,0.0,2.0,3.0,0,1.0
126_S_4896,0,5.136208076659822,8,76.21355236139631,0.0,1.0,3.0,0,1.0
127_S_0112,1,6.1273100616016425,6,74.7460643394935,0.0,1.0,1.5,0,0.0
127_S_0925,1,6.034223134839151,6,77.59342915811088,0.0,0.0,1.5,0,0.0
127_S_1032,1,7.112936344969199,4,87.86584531143053,0.0,1.0,1.5,0,0.0
127_S_1140,0,0.0766598220396988,5,87.53456536618754,0.0,0.0,1.5,0,0.0
127_S_1419,0,1.2867898699520877,5,81.04312114989733,0.0,1.0,1.5,0,0.0
127_S_2213,1,2.943189596167009,6,86.36276522929501,1.0,0.0,3.0,0,1.0
127_S_2234,0,0.0301163586584531,13,77.94113620807666,1.0,0.0,3.0,0,1.0
127_S_4197,1,1.0732375085557837,6,84.4517453798768,0.0,1.0,3.0,0,1.0
127_S_4301,0,0.3969883641341546,7,80.65160848733744,0.0,0.0,3.0,0,1.0
127_S_4624,0,0.0520191649555099,5,81.91375770020534,1.0,1.0,3.0,0,1.0
127_S_4765,1,1.0376454483230664,4,78.02874743326488,0.0,1.0,3.0,0,1.0
128_S_0135,1,3.0390143737166326,4,83.97809719370294,1.0,0.0,1.5,0,0.0
128_S_0188,0,0.5530458590006845,5,89.47296372347706,0.0,1.0,1.5,0,0.0
128_S_0225,0,8.049281314168377,5,84.46543463381246,1.0,0.0,1.5,0,0.0
128_S_0227,1,1.3963039014373717,5,81.79329226557152,1.0,2.0,1.5,0,0.0
128_S_0608,0,0.3668720054757016,4,71.50444900752909,1.0,0.0,1.5,0,0.0
128_S_0611,1,1.7631759069130732,4,73.59069130732375,1.0,1.0,1.5,0,0.0
128_S_1088,0,0.1232032854209445,5,90.90212183436005,0.0,0.0,2.89362,1,1.0
128_S_2002,0,0.0985626283367556,10,76.18617385352498,0.0,0.0,3.0,0,1.0
128_S_2045,0,1.0184804928131417,6,76.54209445585215,0.0,1.0,3.0,0,1.0
128_S_2123,0,3.901437371663244,8,74.96235455167694,1.0,0.0,3.0,0,1.0
128_S_2220,1,3.0362765229295,7,90.69130732375086,0.0,0.0,3.0,0,1.0
128_S_4553,0,2.026009582477755,4,70.61738535249829,1.0,0.0,3.0,0,1.0
128_S_4571,0,2.2039698836413417,4,62.691307323750856,0.0,1.0,3.0,0,1.0
128_S_4653,0,1.9630390143737169,4,82.5681040383299,1.0,0.0,3.0,0,1.0
128_S_4842,0,0.0903490759753593,6,78.91854893908283,1.0,0.0,3.0,0,1.0
128_S_5066,0,1.0184804928131417,4,81.99041752224504,0.0,1.0,3.0,0,1.0
129_S_1246,0,4.0,5,75.50718685831622,0.0,1.0,1.5,0,0.0
129_S_2332,0,0.0876112251882272,10,80.72279260780287,1.0,0.0,3.0,0,1.0
129_S_2347,0,0.0082135523613963,5,74.09993155373031,0.0,1.0,3.0,0,1.0
129_S_4220,0,2.050650239561944,4,73.3141683778234,1.0,0.0,3.0,0,1.0
129_S_4287,0,1.1718001368925393,5,75.11567419575633,1.0,1.0,3.0,0,1.0
129_S_6830,0,0.6543463381245722,4,93.12251882272416,0.0,0.0,3.0,0,1.0
130_S_0102,0,1.4948665297741273,4,71.87132101300479,1.0,1.0,1.5,0,0.0
130_S_0285,1,4.435318275154004,4,69.7905544147844,0.0,1.0,1.5,0,0.0
130_S_0449,0,0.974674880219028,4,68.79123887748118,1.0,2.0,3.0,1,1.0
130_S_0505,0,5.305954825462012,5,82.92950034223135,0.0,0.0,3.0,1,1.0
130_S_0783,0,1.0075290896646132,5,81.31964407939768,1.0,0.0,1.5,0,0.0
130_S_2373,1,1.1690622861054072,6,83.15674195756331,1.0,1.0,3.0,0,1.0
130_S_2391,1,2.809034907597536,4,76.8104038329911,1.0,1.0,3.0,0,1.0
130_S_4294,1,1.9164955509924708,5,79.45790554414785,1.0,1.0,3.0,0,1.0
130_S_4417,0,0.0246406570841889,9,83.13210130047912,0.0,0.0,3.0,0,1.0
130_S_4817,0,0.0082135523613963,9,69.59890485968515,0.0,2.0,3.0,0,1.0
130_S_4883,0,3.0992470910335386,4,78.23956194387407,1.0,0.0,3.0,0,1.0
130_S_4925,0,0.0109514031485284,4,77.10609171800137,0.0,0.0,3.0,0,1.0
130_S_6604,1,3.7371663244353184,4,88.49828884325804,0.0,0.0,3.0,0,1.0
130_S_6688,0,3.0992470910335386,4,81.87268993839835,0.0,1.0,3.0,0,1.0
131_S_0384,0,1.990417522245037,6,91.61396303901438,0.0,0.0,1.5,1,0.0
133_S_0727,1,0.4736481861738535,4,70.3874058863792,1.0,2.0,2.89362,1,1.0
133_S_0771,0,1.0431211498973303,5,76.34770704996578,1.0,0.0,2.89362,1,1.0
133_S_0792,0,1.056810403832991,4,75.6249144421629,0.0,0.0,2.89362,1,1.0
133_S_0912,0,1.0458590006844628,5,76.09856262833675,1.0,1.0,2.89362,1,1.0
135_S_4722,0,2.85284052019165,11,78.13826146475017,1.0,0.0,3.0,0,1.0
135_S_6446,0,2.0123203285420943,6,66.5242984257358,0.0,0.0,3.0,0,1.0
135_S_6586,0,1.0376454483230664,6,84.26283367556468,0.0,0.0,3.0,0,1.0
136_S_0107,0,0.5256673511293635,8,66.82546201232033,1.0,0.0,1.5,1,0.0
136_S_0874,1,0.6132785763175906,4,67.75085557837097,1.0,2.0,1.5,0,0.0
137_S_0158,0,0.0465434633812457,6,83.64407939767283,1.0,0.0,1.5,0,0.0
137_S_0443,0,0.8295687885010267,4,65.51676933607118,0.0,0.0,1.5,0,0.0
137_S_0481,0,1.0321697467488022,4,87.01437371663245,0.0,1.0,1.5,0,0.0
137_S_0669,0,1.0403832991101984,5,65.71937029431896,0.0,1.0,1.5,0,0.0
137_S_0722,0,0.1341546885694729,7,78.23134839151267,0.0,0.0,1.5,1,0.0
137_S_0800,0,0.731006160164271,8,84.20807665982204,0.0,2.0,1.5,1,0.0
137_S_0973,1,1.2566735112936345,5,78.92128678986995,0.0,0.0,1.5,0,0.0
137_S_0994,1,1.0239561943874058,5,58.25051334702259,1.0,1.0,1.5,0,0.0
137_S_4299,0,0.4845995893223819,6,84.19712525667352,1.0,0.0,3.0,0,1.0
137_S_4331,1,2.0150581793292264,4,77.50855578370978,1.0,1.0,3.0,0,1.0
137_S_4351,0,5.938398357289528,7,75.83299110198494,1.0,1.0,3.0,0,1.0
137_S_4536,0,0.4928131416837782,9,86.71594798083504,1.0,0.0,3.0,0,1.0
137_S_4623,1,1.0157426420260096,4,63.26351813826147,1.0,1.0,3.0,0,1.0
137_S_4631,1,2.0177960301163584,4,71.68788501026694,0.0,0.0,3.0,0,1.0
137_S_4678,0,1.0349075975359343,4,74.46680355920603,1.0,1.0,3.0,0,1.0
141_S_1052,0,0.027378507871321,9,83.77002053388091,1.0,1.0,1.494,1,0.0
141_S_1378,0,0.0876112251882272,4,74.00136892539356,1.0,1.0,1.494,1,0.0
141_S_4160,0,0.0438056125941136,6,81.15811088295688,0.0,0.0,3.0,0,1.0
141_S_4232,0,0.1232032854209445,4,76.56947296372347,0.0,0.0,3.0,0,1.0
153_S_2148,0,0.0027378507871321,5,70.9596167008898,1.0,0.0,3.0,0,1.0
153_S_4077,0,0.0355920602327173,5,79.6167008898015,0.0,0.0,3.0,0,1.0
153_S_4838,0,1.0704996577686516,4,77.81519507186859,0.0,0.0,3.0,0,1.0
168_S_6180,0,3.2580424366872007,4,91.32375085557835,0.0,0.0,3.0,0,1.0
168_S_6541,1,3.293634496919918,4,85.74948665297741,1.0,0.0,3.0,0,1.0
301_S_6056,0,0.0793976728268309,5,73.23203285420945,0.0,0.0,3.0,0,1.0
301_S_6297,0,2.11088295687885,5,85.54688569472964,0.0,0.0,3.0,0,1.0
305_S_6378,0,0.4271047227926078,4,72.22997946611909,0.0,0.0,3.0,0,1.0
941_S_4036,0,3.983572895277208,9,83.9835728952772,0.0,0.0,3.0,0,1.0
941_S_4187,0,0.0109514031485284,10,73.18275154004107,0.0,0.0,3.0,0,1.0
