feature,p_before,p_after
Nboundary,0.0,6.175877040157602e-53
bsc_mag_bin_4_mean,0.0,3.184923821218074e-12
bsc_mag_bin_2_mean,0.0,2.457182729854305e-19
bsc_mag_bin_0_mean,0.0,7.423489789025072e-15
bsc_dir_bin_7_mean,0.0,8.67561927552664e-30
bsc_dir_bin_6_mean,0.0,1.09301422414402e-23
bsc_dir_bin_4_mean,0.0,3.768597603135693e-15
bsc_dir_bin_3_mean,0.0,5.363212537578076e-26
bsc_dir_bin_2_mean,0.0,3.070788332255671e-17
bsc_dir_bin_0_mean,0.0,7.68206278027979e-18
bsc_mag_bin_6_mean,0.0,1.4696137629389275e-27
bsc_mag_p50,0.0,2.2398800642985963e-26
bsc_mag_p25,0.0,5.495271002621593e-35
bsc_mag_bin_7_mean,0.0,2.8561260540683244e-26
bsc_mag_median,0.0,2.240072127418883e-26
bsc_dir_mean,0.0,1.1667328638248945e-27
bsc_dir_median,0.0,2.7441382655081875e-34
bsc_dir_p10,0.0,1.1999684383152115e-41
bsc_mag_p10,0.0,2.466094501300304e-33
bsc_dir_p50,0.0,2.7441382655081875e-34
bsc_dir_p25,0.0,1.1821808195396444e-41
bsc_mag_mean,0.0,1.1163630393149051e-23
bsc_dir_p75,0.0,1.2242172531512019e-24
bsc_dir_p90,2.9333313711466527e-295,6.343891961826003e-20
bsc_dir_bin_1_mean,7.607454449634688e-291,2.3766348123866964e-34
bsc_mag_p75,5.84473249873227e-286,4.054145887314059e-17
bsc_dir_bin_5_mean,3.1615956849029947e-283,5.039678578293839e-31
bsc_mag_bin_3_mean,1.0168982746657324e-280,8.310896162866847e-23
bsc_dir_std,7.705266131005844e-279,4.417019291024185e-18
bsc_mag_p90,2.870600726469141e-274,1.6800450770003594e-16
bsc_mag_bin_5_mean,3.877491992600858e-259,1.3968963671118602e-26
bsc_mag_bin_1_mean,3.674694535094266e-258,4.158038511960393e-30
bsc_mag_std,3.5281218712546797e-249,1.5410665517465072e-14
