feature,mean_converters,mean_stable,cohens_d,p,q
mmse_at_landmark,25.73,28.30952380952381,-0.911,2.2339778784891462e-10,5.361546908373951e-09
age_at_landmark,77.57090646106957,74.29388897664052,0.452,6.634851333341769e-05,0.0007961821600010123
bsc_dir_bin_5_mean_slope,-0.018589497004381283,-0.003671566210573607,-0.207,0.0606176971210809,0.4380776875888234
bsc_mag_bin_5_mean_slope,-0.023105072594655336,-0.0048969816971379376,-0.188,0.0857661997290001,0.4380776875888234
bsc_dir_bin_1_mean_slope,-0.016772142369573997,-0.0031988316184597943,-0.184,0.09657258685211613,0.4380776875888234
bsc_mag_bin_1_mean_slope,-0.020578877712568364,-0.0036045722998424797,-0.172,0.11219368358820286,0.4380776875888234
bsc_dir_p75_slope,-0.015785877085068848,-0.004183734854081274,-0.147,0.1708637137207044,0.4380776875888234
bsc_mag_median_slope,-0.014713287224079403,-0.0051225176136210585,-0.142,0.18081137518879908,0.4380776875888234
bsc_mag_p50_slope,-0.0147132870308254,-0.005122517815419625,-0.142,0.18081138626389165,0.4380776875888234
bsc_dir_bin_7_mean_slope,-0.011906070685316827,-0.0031260631932467976,-0.142,0.18253236982867643,0.4380776875888234
bsc_mag_bin_7_mean_slope,-0.014547443292658658,-0.0039897409868531524,-0.13,0.21837420451914724,0.4688027209174212
bsc_dir_bin_3_mean_slope,-0.013394116870347346,-0.0058165078694514954,-0.119,0.2625915015895156,0.4688027209174212
bsc_mag_p75_slope,-0.017077466904381264,-0.005916189693703934,-0.113,0.27629997640496223,0.4688027209174212
bsc_mag_bin_4_mean_slope,-0.012919780494346403,-0.005305140060308457,-0.107,0.2917154068925532,0.4688027209174212
bsc_mag_bin_3_mean_slope,-0.016305560870523993,-0.007553720973989619,-0.103,0.31917251804578245,0.4688027209174212
bsc_dir_p90_slope,-0.01632165398701077,-0.006139636300236221,-0.103,0.3259698210396835,0.4688027209174212
bsc_mag_mean_slope,-0.012718536729149315,-0.005756412547476437,-0.101,0.33206859398317334,0.4688027209174212
bsc_mag_bin_6_mean_slope,-0.008380406337176433,-0.0033908163736849307,-0.079,0.4425998451083908,0.5818713854583003
Nboundary_slope,-168.36315747686055,-498.5209577668988,0.08,0.4606481801544877,0.5818713854583003
bsc_mag_bin_0_mean_slope,-0.00831512429231387,-0.004002802740491866,-0.067,0.518353250227075,0.6220239002724901
bsc_mag_p90_slope,-0.016872268220128706,-0.010642170513968697,-0.051,0.6210384043001754,0.7065748328500486
bsc_mag_bin_2_mean_slope,-0.007231261272546081,-0.004119086264035917,-0.047,0.6476935967792112,0.7065748328500486
female,0.39622641509433965,0.40705128205128205,-0.022,0.8449355957366215,0.8816719259860398
educ_years,16.18867924528302,16.17628205128205,0.005,0.9676680336296937,0.9676680336296938
