feature,hr,p,q
bscdir_roi2034_slope,0.7339863909765222,0.00019087028465819702,0.030348375260653326
bscmag_roi1026_slope,0.8260915904828426,0.0007631425918891227,0.06066983605518526
bscdir_roi1026_slope,0.8217768556950414,0.0023320039252162,0.08629015075310538
bscmag_roi2034_slope,0.7555910325332705,0.0024333444120101084,0.08629015075310538
bscdir_roi2023_slope,0.7309885195377318,0.0027341623528301983,0.08629015075310538
bscmag_roi2026_slope,1.2966980424089558,0.003256232103890769,0.08629015075310538
bscdir_roi1034_slope,0.7781955841333439,0.008462430311139305,0.19221805992444993
bscmag_roi2020_slope,1.1888624727659267,0.010618860190547452,0.2110498462871306
bscdir_roi2026_slope,1.2735427938307384,0.015210325373541167,0.24527387345450294
bscmag_roi1007_slope,1.1425871143594348,0.016668038795946714,0.24527387345450294
bscmag_roi1035_slope,0.7717149169205042,0.01696863275471404,0.24527387345450294
bscdir_roi2020_slope,1.1837227765381664,0.019271246545101026,0.2553440167225886
bscdir_roi1035_slope,0.7850340690447237,0.022414501495063077,0.2741465952088484
bscmag_roi2023_slope,0.7587480419500869,0.02439801639919001,0.27558959474357103
bscmag_roi2013_slope,1.3254701105453985,0.025999018372035002,0.27558959474357103
bscmag_roi1008_slope,1.229848983563319,0.07646040193934509,0.6599545190035103
bscdir_roi1011_slope,0.8459830526705786,0.08357994107985646,0.6599545190035103
bscdir_roi1023_slope,0.8172727159884522,0.08643281711859839,0.6599545190035103
bscdir_roi2007_slope,1.2611128127840343,0.08813036535621205,0.6599545190035103
bscdir_roi1016_slope,1.4350104748293386,0.09254379401853459,0.6599545190035103
bscmag_roi1002_slope,1.2191681594578077,0.09414725121231063,0.6599545190035103
bscdir_roi2013_slope,1.2162916812528517,0.09619958852347112,0.6599545190035103
bscmag_roi2007_slope,1.2485428739151483,0.10331617362926723,0.6599545190035103
bscmag_roi2028_slope,1.2085145316677224,0.10337756394762429,0.6599545190035103
bscmag_roi2012_slope,1.1569181566182933,0.10376643380558338,0.6599545190035103
bscmag_roi1016_slope,1.4461726491204339,0.11790914670666923,0.7210597817830926
bscmag_roi1034_slope,0.8487746631895005,0.14006506461231724,0.8248276027169793
bsc_dir_bin_0_mean_slope,0.8876420214115082,0.1525143435178992,0.8529732756070199
bscdir_roi2009_slope,1.07982243230982,0.16193856288969316,0.8529732756070199
bscdir_roi2015_slope,1.1398640249453675,0.16372082017409045,0.8529732756070199
bscmag_roi1009_slope,1.0939493212685543,0.16751575811639535,0.8529732756070199
Nboundary_slope,1.1408672619806741,0.17299079221484817,0.8529732756070199
bsc_dir_bin_1_mean_slope,0.9007010680758334,0.17703218927692865,0.8529732756070199
bscdir_roi2028_slope,1.1655961398633559,0.18664662714644498,0.8728474622436692
bscdir_roi2012_slope,1.1154971965511777,0.19725188716148226,0.8868153265331836
bscmag_adsig_slope,1.1387690228361236,0.2019461589048285,0.8868153265331836
bscmag_roi2015_slope,1.1341355553254011,0.20636583070269052,0.8868153265331836
bscmag_roi2017_slope,1.1460003451758414,0.2134721657558648,0.8932124830311186
bscdir_roi1009_slope,1.107903215757838,0.22138496492186557,0.895902121581248
bscdir_roi1002_slope,1.1557564383603671,0.2333370650328359,0.895902121581248
bsc_mag_bin_0_mean_slope,0.9013786370914285,0.25485197746822524,0.895902121581248
bsc_dir_std_slope,0.906203795735275,0.2564153553385427,0.895902121581248
bscdir_roi1008_slope,1.1511348473063938,0.25728426346269445,0.895902121581248
bscmag_roi1025_slope,1.1315650866976337,0.2634194058449074,0.895902121581248
bsc_dir_p90_slope,0.9098203697475337,0.26808759588763764,0.895902121581248
bscmag_roi2009_slope,1.0715018322034737,0.2703379177412996,0.895902121581248
bscdir_roi2035_slope,0.878775024287894,0.2796645272874436,0.895902121581248
bsc_dir_bin_5_mean_slope,0.9186635706532147,0.2860495249110629,0.895902121581248
bscmag_roi1029_slope,1.1073876759445591,0.28810154031183366,0.895902121581248
bscmag_roi2008_slope,1.1100483285109515,0.28835189905933056,0.895902121581248
bscmag_roi1017_slope,1.1200352400359672,0.2913096498976728,0.895902121581248
bsc_mag_bin_1_mean_slope,0.9169412158001794,0.2943437611583639,0.895902121581248
bsc_dir_p75_slope,0.9168206716583877,0.2986340405270827,0.895902121581248
bscdir_roi2017_slope,1.1147233469541833,0.3115943429017046,0.907406195154405
bscmag_roi1023_slope,0.880862955545304,0.31721219865950956,0.907406195154405
bscmag_roi2005_slope,1.1039313519666831,0.3200782908730778,0.907406195154405
bscmag_roi1015_slope,1.1051002917275998,0.3313567633617862,0.907406195154405
bscdir_adsig_slope,1.097651417947266,0.3406000826189935,0.907406195154405
bscmag_roi1006_slope,1.1225053216275183,0.34645563437152616,0.907406195154405
bscmag_roi1022_slope,1.100925309656312,0.35494192879573583,0.907406195154405
bsc_dir_mean_slope,0.9293027389439684,0.36529980419225805,0.907406195154405
bscdir_roi2002_slope,0.9191983205864918,0.36971523937252326,0.907406195154405
bscdir_roi2016_slope,0.91720054407945,0.3767587437792622,0.907406195154405
bscmag_roi2018_slope,0.901246630080655,0.3839558680357762,0.907406195154405
bscmag_roi2019_slope,1.0818740172553365,0.3922972556907719,0.907406195154405
bsc_mag_bin_5_mean_slope,0.932541590391513,0.40538431275094444,0.907406195154405
bsc_mag_p75_slope,0.9279546939451145,0.4079322500227833,0.907406195154405
bsc_dir_bin_6_mean_slope,0.9291018618145407,0.40850965305567644,0.907406195154405
bscdir_roi2018_slope,0.913394530819716,0.4227601687027498,0.907406195154405
bscdir_roi2006_slope,0.931546642027117,0.4252772309138507,0.907406195154405
bscdir_roi2019_slope,1.0775966180900909,0.42784233427390306,0.907406195154405
bscmag_roi1011_slope,1.0834759454266965,0.44731907734705956,0.907406195154405
bsc_mag_median_slope,0.9366748595962426,0.4507320871269087,0.907406195154405
bsc_mag_p50_slope,0.9366748860542853,0.4507323024400758,0.907406195154405
bscdir_roi1013_slope,1.0941210809425952,0.4581584434872489,0.907406195154405
bscdir_roi1031_slope,1.1076457107700248,0.46457956961076274,0.907406195154405
bscmag_roi2025_slope,1.083949103627341,0.4693368458582665,0.907406195154405
bsc_dir_bin_3_mean_slope,0.9406565706395695,0.4697170833032439,0.907406195154405
bsc_dir_median_slope,0.9456592439416119,0.48360426660696276,0.907406195154405
bsc_dir_p50_slope,0.945659245687627,0.4836042726436397,0.907406195154405
bscdir_roi1015_slope,1.0728050942349083,0.4838301678305591,0.907406195154405
bsc_dir_bin_7_mean_slope,0.9437901998058151,0.49063094387476214,0.907406195154405
bscmag_roi2014_slope,1.0591411086090339,0.4947009751395378,0.907406195154405
bscmag_roi2031_slope,1.0627311998104059,0.49795143065362113,0.907406195154405
bscmag_roi1013_slope,1.0876227820564495,0.5034493193279255,0.907406195154405
bscdir_roi1017_slope,1.071959152425865,0.5069102761032366,0.907406195154405
bscmag_roi1021_slope,1.072898025772454,0.50778484277587,0.907406195154405
bsc_dir_bin_4_mean_slope,0.9447031331354726,0.5256974479097332,0.907406195154405
bsc_mag_mean_slope,0.9471533256280124,0.535461773313403,0.907406195154405
bscdir_roi1006_slope,1.07032425454083,0.5385294864661874,0.907406195154405
bscmag_roi1031_slope,1.0683396730852255,0.5385765270698923,0.907406195154405
bsc_dir_p25_slope,0.9564380120481459,0.5553341816345568,0.907406195154405
bsc_mag_bin_7_mean_slope,0.9506306759407848,0.5590196350769672,0.907406195154405
bscdir_roi2014_slope,1.0484763781897204,0.5615156928601708,0.907406195154405
bscmag_roi1014_slope,1.0829768531029942,0.5691706423756653,0.907406195154405
bscmag_roi2006_slope,0.9506129596948508,0.5758457631489684,0.907406195154405
bsc_mag_p25_slope,0.9557271601837406,0.5874089216131165,0.907406195154405
bscmag_roi2016_slope,0.9467889473600669,0.5970109057579522,0.907406195154405
bsc_dir_bin_2_mean_slope,0.95676190964893,0.6077581159145831,0.907406195154405
bscmag_roi1010_slope,1.0602835866999556,0.6248802980911856,0.907406195154405
bscdir_roi2029_slope,0.960167196167263,0.6279006852312348,0.907406195154405
bscdir_roi2005_slope,1.0462163650070992,0.6331599536426868,0.907406195154405
bscmag_roi2035_slope,0.9363466863590466,0.633757176755657,0.907406195154405
bsc_mag_p10_slope,0.9615265515757275,0.6374904503996546,0.907406195154405
bscmag_roi2022_slope,1.0565084614119589,0.6398588551637394,0.907406195154405
bscmag_roi1012_slope,1.0451558790663145,0.6407032518403979,0.907406195154405
bscdir_roi1025_slope,1.0470120161294638,0.6426686231936041,0.907406195154405
bscmag_roi2003_slope,0.956426749473683,0.643594788824656,0.907406195154405
bscmag_roi2011_slope,0.8220831057696012,0.6436848106295565,0.907406195154405
bscdir_roi1019_slope,0.9527767263919329,0.6551206335008033,0.907406195154405
bscdir_roi2027_slope,0.9531374138064397,0.6584529955961465,0.907406195154405
bscdir_roi2021_slope,0.9598524087860304,0.6655525361777058,0.907406195154405
bsc_mag_bin_4_mean_slope,0.9595804977755332,0.6677529649709761,0.907406195154405
bsc_mag_std_slope,0.9614589423004962,0.669548601948051,0.907406195154405
bsc_dir_p10_slope,0.9673990371550005,0.6717314963803713,0.907406195154405
bsc_mag_bin_6_mean_slope,0.9628281655110107,0.6818342482911175,0.907406195154405
bscdir_roi1012_slope,1.0388683141291801,0.6820022934781425,0.907406195154405
bscdir_roi1020_slope,0.957344659941977,0.6849041621073069,0.907406195154405
bscdir_roi2008_slope,0.95995425895545,0.6849657186118631,0.907406195154405
bscdir_roi2011_slope,0.8344848561806354,0.6910264446997949,0.907406195154405
bsc_mag_p90_slope,0.9654546822033849,0.6939661512286492,0.907406195154405
bscdir_roi2024_slope,0.969796465238895,0.7011567340728765,0.907406195154405
bscmag_roi2027_slope,0.9578336052015717,0.7084580056547443,0.907406195154405
bsc_mag_bin_3_mean_slope,0.9680127760238191,0.709920672111042,0.907406195154405
bscmag_roi2021_slope,1.0384598367461175,0.7133696502786203,0.907406195154405
bscdir_roi1005_slope,0.9713812582239296,0.7435539393145368,0.9231885659805198
bscdir_roi1018_slope,0.9687572637348987,0.756579407768392,0.9231885659805198
bscdir_roi2031_slope,1.031906957243865,0.7574330939461035,0.9231885659805198
bscmag_roi2030_slope,1.0285772536707656,0.7589254870716091,0.9231885659805198
bscdir_roi2022_slope,1.031845860888388,0.7639783732451131,0.9231885659805198
bscdir_roi1022_slope,1.0269328477539865,0.7667044845918279,0.9231885659805198
bscdir_roi2010_slope,0.9711361704585942,0.7766180115335775,0.9231885659805198
bscdir_roi1030_slope,0.9717463554082469,0.7789697167441303,0.9231885659805198
bscmag_roi2002_slope,1.0297638068587351,0.7859628769777227,0.9231885659805198
bscdir_roi1029_slope,1.0244047487045984,0.7872465072898188,0.9231885659805198
bscmag_roi1018_slope,1.0287992622129432,0.7940034831242797,0.9231885659805198
bscmag_roi1019_slope,0.972118022598602,0.7979788919786576,0.9231885659805198
bscdir_roi1010_slope,0.9687976074279118,0.801258000662338,0.9231885659805198
bscmag_roi1020_slope,0.9745029611183661,0.8167505957788972,0.9342686671139903
bscmag_roi1005_slope,1.0224827516023074,0.8280914389384079,0.9351109442294454
bscdir_roi1028_slope,0.9792055935361592,0.8292493279015837,0.9351109442294454
bscmag_roi2010_slope,1.023146231591971,0.8354152243980171,0.9354297230935542
bscmag_roi1027_slope,1.0181677844527206,0.847595222506561,0.9368786496190996
bscdir_roi1024_slope,0.9848893005635752,0.8519005188636588,0.9368786496190996
bscmag_roi1030_slope,0.974937278187825,0.8543861899042103,0.9368786496190996
bscmag_roi1024_slope,0.9869289974887793,0.8727069855296063,0.9375001430681332
bscdir_roi2003_slope,1.015236334463727,0.8756673253430921,0.9375001430681332
bscdir_roi1003_slope,0.9874196048576287,0.8770076902167523,0.9375001430681332
bscmag_roi2024_slope,0.9859188753349394,0.8788652593753687,0.9375001430681332
bscmag_roi1003_slope,1.0128962334232645,0.884434097234088,0.9375001430681332
bscmag_roi1028_slope,1.0131757374298107,0.9057822284611866,0.9528674515924505
bscdir_roi1027_slope,1.0099701988654455,0.9119550318511102,0.9528674515924505
bsc_mag_bin_2_mean_slope,1.009269364030515,0.920017373482615,0.9528674515924505
bscmag_roi2029_slope,1.0084446314720577,0.9300275702020498,0.9528674515924505
bscdir_roi1014_slope,1.0110240550326122,0.9309205880553522,0.9528674515924505
bscdir_roi1021_slope,1.0093688665553218,0.9348888204303287,0.9528674515924505
bscdir_roi1007_slope,1.0019518492508561,0.9863134320939847,0.992144107261143
bscdir_roi2025_slope,1.001521970819401,0.9875332999281479,0.992144107261143
bscdir_roi2030_slope,1.000859643454928,0.992144107261143,0.992144107261143
