model,feature_set,n_features,cv_cindex_mean,cv_cindex_sd,n_folds,cv_uno_c,cv_auc_2.0y,cv_auc_3.0y,cv_auc_1.0y,holdout_cindex,sign_flipped
cox_l2,F9b_cov_regional_stdmri,139,0.7973798228058586,0.018824029939481117,5,0.7769059112235714,0.8586782324023021,0.8581145012141327,0.8217838573953516,0.7036569987389659,0
aft_lognormal,F0_covariates,8,0.7933956607583796,0.034804506339177164,5,0.7901918037634303,0.8649165217050111,0.8969212088759921,0.7981982947987213,0.7175283732660782,0
cox_l2,F0_covariates,8,0.7927069254089627,0.03466845291921648,5,0.7871887451465749,0.8551955717602138,0.8842253861855591,0.7995111187604255,0.7099621689785625,0
aft_weibull,F4b_cov_adsig,9,0.7919958362968511,0.027609503476045707,5,0.7838311115248271,0.863785544683027,0.8879142139390981,0.7960659148697259,0.7465321563682219,0
aft_lognormal,F4b_cov_adsig,9,0.7898157361568793,0.036587346354475754,5,0.7831172801721882,0.8635667985227562,0.897018302099525,0.8077536206732088,0.7288776796973518,0
cox_l2,F4b_cov_adsig,9,0.7896577921578892,0.030359047155815916,5,0.7841370789735717,0.8549364469616899,0.8892989341448236,0.804613482428986,0.7099621689785625,0
aft_weibull,F0_covariates,8,0.7887130415896102,0.027719761936686595,5,0.7806058581723079,0.8612389287847041,0.8866246867685781,0.7865180743935538,0.7187894073139974,0
aft_loglogistic,F0_covariates,8,0.7868271013311902,0.03188529610668851,5,0.7778107330747446,0.8530247283846275,0.8853259210427005,0.7901675985895081,0.7175283732660782,0
aft_loglogistic,F4b_cov_adsig,9,0.7865114422956532,0.03453797350318259,5,0.7751884011123351,0.8546680704184084,0.8880759038992198,0.8002442684503748,0.7389659520807061,0
cox_lasso,F4b_cov_adsig,9,0.7858910352538387,0.027652491945186753,5,0.7788145339948338,0.8533082611787035,0.8772133611900939,0.8022199359294092,0.7087011349306431,0
cox_lasso,F0_covariates,8,0.7857575613992995,0.033509484551012006,5,0.7750255667207783,0.8478214678888716,0.8754620177717328,0.8036349347481495,0.7150063051702396,0
aft_weibull,F6_cov_bsc,25,0.7850794281601358,0.05110177899023369,5,0.7851361854155663,0.8875081404109902,0.8934446079681415,0.7727211406548316,0.7364438839848676,0
cox_l2,F9c_cov_adsig_stdmri,78,0.7841004001134331,0.028143844366182565,5,0.7691537083550781,0.8584735216289812,0.8474310215538168,0.8032010288704535,0.6595208070617906,0
cox_lasso,F6_cov_bsc,25,0.783335410305095,0.0446288833759975,5,0.7743496709399872,0.8488864260141377,0.8735605137760196,0.798585190867892,0.7023959646910467,0
cox_l2,F6_cov_bsc,25,0.7829791606861859,0.05483384909748235,5,0.777125746130846,0.8712746375279883,0.8830000550758594,0.7860491663309264,0.7074401008827238,0
cox_lasso,F7_cov_regional,70,0.782473757036915,0.029183018266611304,5,0.7741002046355908,0.8521232811915223,0.8739410639234014,0.7838507684437689,0.7023959646910467,0
cox_lasso,F9_cov_bsc_stdmri,94,0.7815031643945618,0.02884934877588732,5,0.7742608962657668,0.8458030108232485,0.8753268880753972,0.7899278821917062,0.6872635561160151,0
cox_lasso,F8_cov_stdmri,77,0.7812031374258455,0.030092227158234612,5,0.7743365475315725,0.8474285201094052,0.8725753246388196,0.7886936813228537,0.6935687263556116,0
cox_l2,F8_cov_stdmri,77,0.7799692761645822,0.030416864898901972,5,0.7624720564282861,0.8501433080325862,0.8458920779221637,0.8026364795496779,0.6708701134930644,0
xgb_aft,F9c_cov_adsig_stdmri,78,0.7799453460918692,0.04726912930750944,5,0.7707074920471245,0.8903136590364481,0.8830314902569208,0.7786616913201934,0.7200504413619168,0
cox_l2,F9_cov_bsc_stdmri,94,0.7792943153892449,0.021327720893185284,5,0.7697368645635334,0.8515021656923023,0.8379224118223665,0.7876066157582556,0.7263556116015133,0
xgb_aft,F8_cov_stdmri,77,0.7792659574406087,0.052885519753332354,5,0.7746407127049814,0.8879539045935715,0.8792614961365267,0.7695091275532686,0.7326607818411097,0
aft_weibull,F8_cov_stdmri,77,0.7773369294867101,0.03645303517667497,5,0.7644518052999123,0.8548041883992731,0.854084976498872,0.7749645278773544,0.6923076923076923,0
aft_weibull,F9c_cov_adsig_stdmri,78,0.7766429910885823,0.04183199590938879,5,0.7666863576138683,0.8540913604377568,0.8556481200773753,0.7705924043029021,0.6847414880201765,0
aft_lognormal,F6_cov_bsc,25,0.7765613047552276,0.04994456773554403,5,0.7806606748189931,0.8740690612628608,0.8882607322355485,0.7610634785450132,0.7263556116015133,0
cox_l2,F7_cov_regional,70,0.7759206953480834,0.03355214320102941,5,0.7565642574276031,0.8396258945870068,0.8443413842066738,0.7965653941253408,0.7112232030264817,0
cox_lasso,F9b_cov_regional_stdmri,139,0.7756320251792095,0.02476796559594899,5,0.7676266604904939,0.8493651296825439,0.8677011826001623,0.7794793156871563,0.6986128625472888,0
aft_lognormal,F9c_cov_adsig_stdmri,78,0.7754837045907566,0.03885495411058734,5,0.7618423318696578,0.8516865562816343,0.8508455043090526,0.7808935272803769,0.6872635561160151,0
aft_lognormal,F8_cov_stdmri,77,0.7752314436292705,0.02967812531874382,5,0.7648389398416837,0.8540494304556014,0.8592649410166766,0.7789610282181316,0.6960907944514502,0
aft_weibull,F9b_cov_regional_stdmri,139,0.7750858930661356,0.03624642738493314,5,0.7603563691893308,0.8361476913537835,0.8540104920702939,0.7898701117727812,0.7238335435056746,0
aft_loglogistic,F6_cov_bsc,25,0.7748922936572119,0.049177524774955086,5,0.7735113757633192,0.8802757160466166,0.8838767805898702,0.7597365904460596,0.733921815889029,0
aft_loglogistic,F9b_cov_regional_stdmri,139,0.7746668562909279,0.03173154356280501,5,0.7545002927356729,0.8342655197977449,0.8409107934937093,0.7955957724139355,0.7213114754098361,0
rsf,F7_cov_regional,70,0.7732128498523978,0.03848161496444772,5,0.7579338552089671,0.8643030431576519,0.8837085774620979,0.7721590824442425,0.7477931904161412,0
xgb_aft,F9b_cov_regional_stdmri,139,0.7725385940225274,0.051042862133707956,5,0.756975541806752,0.8787921529349653,0.8783703589938213,0.7741532022870421,0.7364438839848676,0
aft_lognormal,F9b_cov_regional_stdmri,139,0.7719637840144146,0.026393137566267093,5,0.7564209686992036,0.8355997430242292,0.8414847823259898,0.785157873250929,0.7276166456494325,0
aft_weibull,F9_cov_bsc_stdmri,94,0.7714154870266613,0.036115254610565764,5,0.7643821005800551,0.8484487037925958,0.8558338009028554,0.7621371998649404,0.6986128625472888,0
xgb_aft,F4b_cov_adsig,9,0.7713743161357104,0.04412169794758646,5,0.7595946820578185,0.8569142921324795,0.8677665710472293,0.7769015293966609,0.7452711223203027,0
cox_lasso,F9c_cov_adsig_stdmri,78,0.7706768216363719,0.026227774730710127,5,0.7593600652068899,0.8326436774029092,0.8442556939473904,0.7864392833062397,0.6809583858764187,0
aft_lognormal,F9_cov_bsc_stdmri,94,0.7705317610417891,0.0342334221228168,5,0.7610593232004425,0.8486628783953055,0.8492473134030005,0.7703567899936472,0.6973518284993695,0
aft_loglogistic,F9c_cov_adsig_stdmri,78,0.7704523351092288,0.04105190676070363,5,0.7613659166617482,0.8448289641542814,0.8447275945395123,0.7670556030110761,0.6935687263556116,0
rsf,F0_covariates,8,0.7702703239000801,0.036020585158930085,5,0.7704080232620468,0.8645293158571918,0.8803202607230662,0.7576177384204608,0.7313997477931904,0
xgb_aft,F7_cov_regional,70,0.7689530368162184,0.052371340956677774,5,0.7629173981658254,0.8612521985943042,0.877506745407943,0.7723521748326585,0.7465321563682219,0
rsf,F4b_cov_adsig,9,0.7689091587498937,0.03704475966225381,5,0.7690004647296644,0.8635831263428322,0.8819890263882832,0.7651916024547385,0.7402269861286255,0
xgb_aft,F6_cov_bsc,25,0.7684861601177716,0.04647807042613547,5,0.7532331200350435,0.8628777392671813,0.8734978931002191,0.7841591131502614,0.776796973518285,0
aft_loglogistic,F8_cov_stdmri,77,0.768337953844128,0.03779272636493432,5,0.7610669990518754,0.8453344019309601,0.84458284753774,0.7625264242351053,0.6986128625472888,0
aft_loglogistic,F9_cov_bsc_stdmri,94,0.7655607700142036,0.03882049812159315,5,0.7522425178792429,0.8449102925465068,0.8404298751569517,0.7583813984918419,0.7061790668348046,0
rsf,F9b_cov_regional_stdmri,139,0.7638423313696642,0.0447602849274542,5,0.7510074979915762,0.8552536048370417,0.8567163857075206,0.7610194237505836,0.755359394703657,0
xgb_aft,F9_cov_bsc_stdmri,94,0.7635719838570078,0.060535651775753097,5,0.7438766366150789,0.8700542788638257,0.8576665689657688,0.7492444251236308,0.7225725094577553,0
rsf,F6_cov_bsc,25,0.7634363468222931,0.0523144542959169,5,0.7582586866967034,0.8597258649759325,0.8645236504486873,0.741691781106332,0.7440100882723834,0
aft_lognormal,F7_cov_regional,70,0.761162852177749,0.03687000387237608,5,0.7463434680351166,0.8149701816156905,0.8426093338261496,0.7734874032999507,0.712484237074401,0
xgb_aft,F0_covariates,8,0.7598212983907421,0.03286616300446989,5,0.7525603541839806,0.8381294926473689,0.8606531937934857,0.7592923173669381,0.7364438839848676,0
aft_loglogistic,F7_cov_regional,70,0.7565377169626749,0.03943437285982922,5,0.7389805359284963,0.8149710535851116,0.8341524441447337,0.7797140444900971,0.7112232030264817,0
rsf,F9_cov_bsc_stdmri,94,0.7547284904497418,0.04390563341520832,5,0.7500738967450851,0.8624993661628638,0.8471037302258313,0.7396229618993659,0.7490542244640606,0
aft_weibull,F7_cov_regional,70,0.7531346253384326,0.04275722844619442,5,0.7411389793835642,0.8073246294489204,0.8385107801812687,0.7660018058178722,0.7225725094577553,0
rsf,F9c_cov_adsig_stdmri,78,0.751158474463014,0.04596503328613695,5,0.7402015546288834,0.8591936522879667,0.8506108998045072,0.7399526755319377,0.7477931904161412,0
rsf,F8_cov_stdmri,77,0.7470410306890353,0.04788911605205067,5,0.7359340346451797,0.8499632983493279,0.8421342296664627,0.7371840759722388,0.7591424968474149,0
rsf,F5_std_mri_slopes,69,0.6749178475675378,0.06982899223287785,5,0.6628592717918629,0.7635937632034142,0.7491855275147352,0.6621663928447867,0.6607818411097099,0
xgb_aft,F5_std_mri_slopes,69,0.6702648611931296,0.05788948004940948,5,0.6512111714050811,0.741814248542496,0.7098856530501882,0.6612070978322603,0.5989911727616646,0
aft_loglogistic,F5_std_mri_slopes,69,0.6330625070714818,0.0942881558294989,5,0.6244734271664987,0.6719600312179451,0.647956866539319,0.6252411817441199,0.5422446406052963,0
aft_weibull,F5_std_mri_slopes,69,0.6290545922140953,0.08739214397633586,5,0.6193671580792828,0.6621741179125056,0.6418769198945512,0.6261114215155014,0.5561160151324086,0
rsf,F3_regional_slopes,62,0.6260956320288706,0.03672715603007656,5,0.5962113870250654,0.6268042796348366,0.6292565729113161,0.6645950848900699,0.6443883984867591,0
aft_lognormal,F5_std_mri_slopes,69,0.6247488406981867,0.12875219710128583,5,0.6263126272330253,0.6554439099052797,0.6302941645010979,0.6151199069105505,0.5397225725094578,0
xgb_aft,F3_regional_slopes,62,0.6202020181789603,0.030471255732538508,5,0.596063621451316,0.6217062751160034,0.637795118201529,0.6475418080341815,0.7011349306431274,0
xgb_aft,F1_bsc_baseline,17,0.6074298905048188,0.04635093453606807,5,0.5918563375859697,0.6327069565841755,0.5878440209914741,0.6317186643166061,0.6153846153846154,0
rsf,F2_bsc_slopes,17,0.6059570428117192,0.051745819476976505,5,0.5876238088134661,0.6446379811765105,0.6142385815924746,0.6031284035779716,0.6860025220680959,0
cox_l2,F5_std_mri_slopes,69,0.6050799202844509,0.08532768571151923,5,0.6001455841942541,0.6399157564155171,0.6116486577149736,0.5945193679438917,0.5510718789407314,0
rsf,F4_adsig_slope,1,0.6034860073189374,0.056901084908502264,5,0.5709137119091446,0.5905608456392215,0.5856462923442152,0.6464317204115139,0.6519546027742749,0
cox_lasso,F5_std_mri_slopes,69,0.5992191121236042,0.10170206156304928,5,0.5757169417562508,0.6301804172467219,0.5878722585386594,0.5964524960215986,0.4930643127364439,0
cox_l2,F1_bsc_baseline,17,0.5985810182457681,0.07211308428425538,5,0.6000606548718622,0.6340514955705284,0.6069354493842652,0.5997087078443661,0.544766708701135,0
rsf,F1_bsc_baseline,17,0.5943373207348625,0.0500824190101883,5,0.5815692022246525,0.6339184817828106,0.6094669780961303,0.6009860119637767,0.6040353089533418,0
cox_lasso,F1_bsc_baseline,17,0.5937153358583902,0.06062822299634744,5,0.5966611454186301,0.6405817589455453,0.6104775072486489,0.5967177693160604,0.5889029003783102,0
aft_weibull,F1_bsc_baseline,17,0.5920255623483213,0.06925301374706275,5,0.5904562816585162,0.6345394648615059,0.5853022829061441,0.5988451850066088,0.5498108448928121,0
xgb_aft,F2_bsc_slopes,17,0.5885962507673053,0.08580622290788685,5,0.5822499361803647,0.6337165521294331,0.6048880643431163,0.5875461400150858,0.6368221941992434,0
aft_loglogistic,F1_bsc_baseline,17,0.5831124999498692,0.061448997187908846,5,0.5941356712969096,0.6135279020525738,0.603317246124538,0.5866717980596367,0.5573770491803278,0
aft_lognormal,F1_bsc_baseline,17,0.5828127570709101,0.05294407479846248,5,0.5845431890837054,0.6182835854394055,0.6010176461712634,0.5849527159829142,0.5485498108448928,0
aft_loglogistic,F4_adsig_slope,1,0.5822692487054679,0.09064824216881548,5,0.5539853851416756,0.6107516899878883,0.5289792334594694,0.6496632159298985,0.45901639344262296,0
cox_lasso,F4_adsig_slope,1,0.5822692487054679,0.09064824216881548,5,0.5539853851416756,0.6107516899878883,0.5289792334594694,0.6496632159298985,0.45901639344262296,0
aft_lognormal,F4_adsig_slope,1,0.5822692487054679,0.09064824216881548,5,0.5539853851416756,0.6107516899878883,0.5289792334594694,0.6496632159298985,0.45901639344262296,0
aft_weibull,F4_adsig_slope,1,0.5822692487054679,0.09064824216881548,5,0.5539853851416756,0.6107516899878883,0.5289792334594694,0.6496632159298985,0.45901639344262296,0
cox_l2,F4_adsig_slope,1,0.5822692487054679,0.09064824216881548,5,0.5539853851416756,0.6107516899878883,0.5289792334594694,0.6496632159298985,0.45901639344262296,0
xgb_aft,F4_adsig_slope,1,0.5684590912268747,0.0375878227127841,5,0.5457920349842544,0.5834017424146062,0.5759000693308426,0.5950711316050209,0.6311475409836066,0
aft_lognormal,F3_regional_slopes,62,0.5648021303523695,0.02656436757442108,5,0.5351798944499384,0.5445789279646066,0.5080984221401478,0.6380980497743194,0.5044136191677175,0
aft_loglogistic,F3_regional_slopes,62,0.5628296946847767,0.030793491526782884,5,0.539012330133763,0.5289798476200435,0.5115124515440261,0.6333603940621414,0.5245901639344263,0
cox_lasso,F3_regional_slopes,62,0.5607120961516147,0.0666534862578668,5,0.5340828824710488,0.5541844508646132,0.5669429028381849,0.5855406184858125,0.4791929382093317,0
cox_l2,F3_regional_slopes,62,0.5493098078079368,0.028455628987390468,5,0.5298324833534502,0.5492078354641413,0.5621868406448052,0.582258511600427,0.5170239596469105,0
cox_l2,F2_bsc_slopes,17,0.5300178100376556,0.10525309744546839,5,0.5547402001782312,0.6093681891122781,0.5775621115792382,0.46630525324543626,0.5460277427490542,0
aft_weibull,F2_bsc_slopes,17,0.5298461065645922,0.10035261694489507,5,0.5554364467461907,0.6011114619035197,0.5758482520914561,0.46256148185275325,0.5384615384615384,0
aft_weibull,F3_regional_slopes,62,0.5273840689790166,0.04159372870169851,5,0.5078200376278726,0.5075617129671192,0.49157876074576334,0.5306367845665774,0.5245901639344263,0
aft_lognormal,F2_bsc_slopes,17,0.5203596573053145,0.09391711172861425,5,0.54732081103843,0.5876805734877271,0.5762139862883532,0.46919686357688983,0.5245901639344263,0
aft_loglogistic,F2_bsc_slopes,17,0.5194013015664112,0.09514810567484482,5,0.5463131829209276,0.5947430420721777,0.5756203122349296,0.4673613698899186,0.5081967213114754,0
cox_lasso,F2_bsc_slopes,17,0.5187156705194967,0.10102849064323204,5,0.5427494039487016,0.5912315759722591,0.5780503906310974,0.4681057933362919,0.5,0
