subject,visit_code,dt,years,field_strength,vendor,model,bsc_dir_mean
002_S_0729,bl,2006-07-17,0.0,1.5,GE,SIGNA EXCITE,0.5142973065376282
002_S_0729,m06,2007-02-22,0.6023271731690623,1.5,GE,SIGNA EXCITE,0.3056102991104126
002_S_0729,m18,2008-04-03,1.7138945927446954,1.5,GE,SIGNA EXCITE,0.3201451301574707
002_S_0729,m24,2008-09-29,2.2039698836413417,1.5,GE,SIGNA EXCITE,0.3176488876342773
002_S_0729,m36,2009-08-13,3.07460643394935,1.5,GE,SIGNA EXCITE,0.2915595769882202
002_S_0729,m48,2010-07-22,4.01368925393566,1.5,GE,SIGNA EXCITE,0.3142612278461456
002_S_0729,m60,2011-08-16,5.08145106091718,3.0,Philips,Intera,0.5614885687828064
002_S_0729,m72,2012-08-07,6.05886379192334,3.0,Philips,Intera,0.5684815049171448
002_S_0729,m84,2013-08-16,7.082819986310746,3.0,Philips,Intera,0.6259820461273193
