model,feature_set,n_features,cv_cindex_mean,cv_cindex_sd,n_folds,cv_uno_c,cv_auc_2.0y,cv_auc_1.0y,cv_auc_3.0y,holdout_cindex,sign_flipped
xgb_aft,F9b_cov_regional_stdmri,201,0.7958884119308015,0.035786644579753744,5,0.7838280079404992,0.8719465969918373,0.8225276646863424,0.8627335919149166,0.7232947232947233,0
cox_l2,F0_covariates_bio,10,0.7944098686613876,0.05200257554556186,5,0.7932267548982256,0.8299421921599983,0.8085210404180845,0.861726754515377,0.7438867438867439,0
aft_weibull,F0_covariates_bio,10,0.7941581434481846,0.04493096327099055,5,0.7908492154736921,0.840851040554049,0.7982657196072704,0.85774955125551,0.749034749034749,0
aft_loglogistic,F0_covariates_bio,10,0.7928201261764991,0.05008233589778622,5,0.7861247588382527,0.8406398629807255,0.7976765182751722,0.8648053314042414,0.7464607464607464,0
aft_weibull,F0_covariates,8,0.7912249716075068,0.04295145076103123,5,0.787511540500941,0.8374639233031367,0.7859991304877075,0.867480198778852,0.7400257400257401,0
cox_l2,F8_cov_stdmri,77,0.7907308501676926,0.025528034568744556,5,0.7787310446376795,0.8382536464175934,0.7948891939939788,0.8451653233778769,0.7078507078507078,0
xgb_aft,F6_cov_bsc_bio,43,0.7897367331475214,0.04280692257555513,5,0.7914370265968471,0.8577949998194876,0.7795746259968392,0.8606675035190363,0.7619047619047619,0
xgb_aft,F4b_cov_adsig,10,0.7895864294558151,0.02746391602486376,5,0.7861982518623291,0.8305462483202988,0.797174570827828,0.8627406670582829,0.7052767052767053,0
cox_l2,F0_covariates,8,0.7893587102829175,0.037525321884154555,5,0.7842783521181437,0.8257034012807685,0.7941379742896151,0.8804713368936193,0.7348777348777349,0
cox_lasso,F6_cov_bsc,41,0.7886286143937766,0.03841364952698667,5,0.7826591155417737,0.8336218782306638,0.804728058686276,0.8631202053419618,0.7503217503217503,0
cox_lasso,F0_covariates_bio,10,0.788498278938774,0.05743709603689326,5,0.7843893360897684,0.828279857169554,0.8085881049395123,0.8549781124189038,0.758043758043758,0
cox_lasso,F0_covariates,8,0.7884893602004451,0.038769302419809346,5,0.7866807491753648,0.8305594648716275,0.8007163810935903,0.8698638675358925,0.749034749034749,0
aft_loglogistic,F0_covariates,8,0.7884858218369519,0.026513004489591055,5,0.786458444053137,0.8288207928217487,0.7873030342110143,0.8708549442337045,0.7374517374517374,0
xgb_aft,F6_cov_bsc,41,0.7880154762048324,0.0427847309760927,5,0.7923479944268224,0.8478507671292895,0.7810510496641844,0.8600036256098995,0.7644787644787645,0
cox_lasso,F8_cov_stdmri_bio,79,0.787953927701039,0.04944566565834315,5,0.7749432445130835,0.8346791324295081,0.8186765195750659,0.8340929719329457,0.7374517374517374,0
xgb_aft,F7_cov_regional,132,0.7876870389570889,0.03180437757329131,5,0.7895614361744213,0.8527502104937428,0.7901721659904462,0.8583691904677506,0.7284427284427284,0
cox_l2,F9c_cov_adsig_stdmri,79,0.7873915346159878,0.023310334534892306,5,0.7762719459925818,0.83562828488351,0.7905835353361738,0.8470916729143683,0.7104247104247104,0
xgb_aft,F7_cov_regional_bio,134,0.7872336198028762,0.03592091220889874,5,0.7875713964803744,0.8518194748188037,0.7930043892920298,0.85174626087999,0.6962676962676962,0
xgb_aft,F9b_cov_regional_stdmri_bio,203,0.7872085402666639,0.0312948186508544,5,0.7774150489237567,0.864889936072308,0.7972128540151955,0.8657839795637219,0.7001287001287001,0
xgb_aft,F4b_cov_adsig_bio,12,0.7870220809696645,0.03657638624960171,5,0.7822367820368166,0.8361496288607452,0.7899967825607866,0.8493845199948613,0.7027027027027027,0
cox_lasso,F4b_cov_adsig,10,0.7866798422847326,0.03561879345369759,5,0.7838280150451745,0.8253934077594682,0.8001874134712482,0.8691858989665094,0.7503217503217503,0
aft_lognormal,F0_covariates_bio,10,0.7866452183823355,0.04720641393087809,5,0.7764930902662682,0.8340278097084152,0.7917482333912156,0.8552163448611383,0.7554697554697555,0
cox_l2,F8_cov_stdmri_bio,79,0.7848140310633718,0.04712665698957289,5,0.7698033712308844,0.8392473390509941,0.7913366935276246,0.8251378179188013,0.712998712998713,0
cox_lasso,F4b_cov_adsig_bio,12,0.783757912598978,0.05460565395596129,5,0.7769954820883951,0.8190477020548791,0.8070975379884986,0.845926880160898,0.7657657657657657,0
cox_lasso,F9_cov_bsc_stdmri_bio,112,0.7833711894465722,0.055487807677368245,5,0.7736642424910848,0.831706909501477,0.8032614627841308,0.8380401287279063,0.7374517374517374,0
aft_lognormal,F0_covariates,8,0.7832080214568335,0.03426092292627675,5,0.7824186674161198,0.8278127557328533,0.7811358023980812,0.8660402849691291,0.7425997425997426,0
cox_lasso,F8_cov_stdmri,77,0.7830879092424236,0.026813355449006517,5,0.7726298571579913,0.8216849408572708,0.7956836571798218,0.8510315370650956,0.7361647361647362,0
rsf,F4b_cov_adsig,10,0.7815574254232757,0.03748383576068025,5,0.7846155472320733,0.840312227200309,0.7833396647055436,0.868391543885662,0.7168597168597168,0
cox_lasso,F9c_cov_adsig_stdmri,79,0.781466521780328,0.02661268072522008,5,0.7716057788948791,0.8189582318163563,0.7920416859307098,0.8475051441663339,0.7451737451737451,0
xgb_aft,F9c_cov_adsig_stdmri,79,0.781215071706409,0.03381604162751479,5,0.7644172645147961,0.8533241781735746,0.7990233751654154,0.861347366931162,0.7335907335907336,0
rsf,F8_cov_stdmri_bio,79,0.7807216553895296,0.053762928599743035,5,0.7658247705017817,0.8562554596014162,0.7982151947629132,0.8575815804847107,0.7065637065637066,0
aft_weibull,F4b_cov_adsig,10,0.7804384985802499,0.040000795853060676,5,0.7745708151765411,0.82693447537568,0.7743667161571327,0.8668491530798011,0.7400257400257401,0
xgb_aft,F9c_cov_adsig_stdmri_bio,81,0.7802450202530966,0.02964993871217451,5,0.7677861332011217,0.8478994809685215,0.8001372977386433,0.8652833370130099,0.722007722007722,0
xgb_aft,F8_cov_stdmri_bio,79,0.7799970439006099,0.028464499562245414,5,0.7652192997278463,0.8594013066761408,0.8013810219290347,0.8567730751958326,0.7413127413127413,0
rsf,F8_cov_stdmri,77,0.779433301168118,0.05139253272188062,5,0.7621523136633528,0.853752598052935,0.8055124775036301,0.8549311188716577,0.722007722007722,0
aft_loglogistic,F8_cov_stdmri_bio,79,0.7792543397867329,0.03622878721719325,5,0.7638972189189437,0.8240981264329001,0.7899490464949877,0.8298379950203072,0.7078507078507078,0
rsf,F4b_cov_adsig_bio,12,0.7788939592922088,0.04300363706122235,5,0.7795595233722453,0.8354141699367823,0.7829736546916767,0.8644091366253915,0.7091377091377091,0
rsf,F9c_cov_adsig_stdmri_bio,81,0.7784221298497341,0.053289060414730534,5,0.7615471593666288,0.8520308651594514,0.8008495636133117,0.8584942580007224,0.7155727155727156,0
cox_lasso,F9c_cov_adsig_stdmri_bio,81,0.7783952654188517,0.05972641352446576,5,0.7676761763905026,0.8253200836146808,0.8024075398205397,0.8307146382713807,0.7606177606177607,0
rsf,F0_covariates_bio,10,0.7782692985631682,0.04720296190345865,5,0.7848313125445344,0.8364958532367901,0.776044789933714,0.8675789077614494,0.7335907335907336,0
cox_lasso,F7_cov_regional,132,0.7782158025132331,0.034409674813814864,5,0.7775583591678795,0.8174953372798281,0.7908309031565532,0.8610107714545674,0.7477477477477478,0
xgb_aft,F8_cov_stdmri,77,0.7779460008814009,0.03519490114847625,5,0.7617041663845907,0.8461941622805782,0.7957091007557036,0.8653035076082262,0.7297297297297297,0
cox_lasso,F9_cov_bsc_stdmri,110,0.7779398631882836,0.03376304039588274,5,0.768149237580901,0.8202612619587137,0.7885614682507748,0.8493437111679766,0.7451737451737451,0
cox_lasso,F6_cov_bsc_bio,43,0.7778171000509259,0.0638715418574871,5,0.7753881941794989,0.8233332138534738,0.7953186816994398,0.84371019863934,0.7657657657657657,0
rsf,F9c_cov_adsig_stdmri,79,0.7777460113939174,0.05012087240227022,5,0.763430653532152,0.8521966989465483,0.7995279368969201,0.8526496967302298,0.712998712998713,0
xgb_aft,F9_cov_bsc_stdmri,110,0.7775675350269418,0.0346099789104441,5,0.7605175641052497,0.8550554261770242,0.8081700938036652,0.859793348375265,0.7554697554697555,0
xgb_aft,F0_covariates_bio,10,0.7775530354114505,0.02931127353007746,5,0.7737504295687186,0.8222557215869175,0.7833970557707421,0.8471995570238462,0.7181467181467182,0
rsf,F0_covariates,8,0.7775334477990588,0.04120609907920242,5,0.7845396594640237,0.838742825693443,0.7699329891190796,0.8767770058710243,0.7413127413127413,0
aft_lognormal,F4b_cov_adsig,10,0.7773432678652774,0.041813564369281506,5,0.7719251487213167,0.8176877544372431,0.7774371584147388,0.8690523954034954,0.7425997425997426,0
aft_loglogistic,F8_cov_stdmri,77,0.776627203236902,0.03709148948057767,5,0.7628127980362638,0.817305262347175,0.7902948512271746,0.8336460092701319,0.7027027027027027,0
aft_weibull,F4b_cov_adsig_bio,12,0.7762853236384025,0.054816392949019827,5,0.7736248591812096,0.8191150212606709,0.7771154337133418,0.8576577189384631,0.7413127413127413,0
aft_weibull,F8_cov_stdmri,77,0.7762578631586969,0.03288464042652284,5,0.7644496102824496,0.8200037342599593,0.7850740956375312,0.8382483676197612,0.7065637065637066,0
aft_loglogistic,F4b_cov_adsig,10,0.7749985066249503,0.046741635232442666,5,0.7726894082499632,0.8167348523741195,0.7719133368752427,0.8718797043439681,0.7425997425997426,0
aft_weibull,F8_cov_stdmri_bio,79,0.7749517800201676,0.03655609633264205,5,0.7595911801007578,0.8217008237078824,0.7851525754046076,0.8297206506249877,0.7104247104247104,0
cox_l2,F4b_cov_adsig,10,0.7748216418655796,0.04397258407376729,5,0.7691846444307682,0.8132007042759166,0.7778812227715614,0.8612481728432471,0.7335907335907336,0
cox_l2,F4b_cov_adsig_bio,12,0.7741009985278334,0.06877335217646073,5,0.7745190908609276,0.8126689183396849,0.7814777670549795,0.8426452856625305,0.7503217503217503,0
aft_lognormal,F8_cov_stdmri_bio,79,0.7737298149744696,0.03338739989050109,5,0.7618987468302759,0.8136641070764536,0.7867223082074141,0.8268726083021946,0.7091377091377091,0
aft_loglogistic,F9c_cov_adsig_stdmri_bio,81,0.7733127723509506,0.036476961669080384,5,0.7576981294334006,0.8173492855112082,0.783551170385929,0.8251276019784003,0.7078507078507078,0
xgb_aft,F0_covariates,8,0.7732436511228636,0.030811354397148067,5,0.7721727392036908,0.8158093987140402,0.7767730093007956,0.8567168971903184,0.731016731016731,0
xgb_aft,F9_cov_bsc_stdmri_bio,112,0.7730783487154256,0.030468809387740766,5,0.7613357297429009,0.8506716310479501,0.7913209282444154,0.8571569820161343,0.7387387387387387,0
aft_lognormal,F4b_cov_adsig_bio,12,0.7724367997533446,0.055910973666494244,5,0.7635593764788131,0.8207486455693344,0.7785400773876404,0.8461563539482215,0.7554697554697555,0
cox_lasso,F7_cov_regional_bio,134,0.7716294153445054,0.05350311997936058,5,0.7652654489430217,0.812025010561331,0.791383093373618,0.8366053598377132,0.7709137709137709,0
aft_loglogistic,F4b_cov_adsig_bio,12,0.7704614893221398,0.05674960491466905,5,0.7663687917050539,0.8177436475648348,0.773706515864702,0.8535002466449534,0.7464607464607464,0
aft_weibull,F9c_cov_adsig_stdmri_bio,81,0.7702080437895467,0.04075740110872452,5,0.7556780382925907,0.8140758349617536,0.7780510231869547,0.8230695253866303,0.7104247104247104,0
aft_loglogistic,F9c_cov_adsig_stdmri,79,0.7697675248756788,0.03371332393881283,5,0.7544444533319697,0.8087439792452725,0.7807507888393943,0.8276088902941272,0.703989703989704,0
aft_weibull,F9c_cov_adsig_stdmri,79,0.7685509842964029,0.03337335688922459,5,0.7563763643354461,0.8071744268940197,0.7768110563234774,0.8286896048146677,0.7091377091377091,0
aft_lognormal,F8_cov_stdmri,77,0.7681499431554494,0.03125814920513484,5,0.7591866622717188,0.8027037641942455,0.7772472535884193,0.8281623790887294,0.7001287001287001,0
rsf,F9b_cov_regional_stdmri_bio,203,0.7673260695605058,0.045909338316034345,5,0.7493501273807929,0.8514137702822142,0.7828309163605889,0.8539793138698133,0.7001287001287001,0
aft_lognormal,F9c_cov_adsig_stdmri_bio,81,0.7657733306961948,0.030917044864268366,5,0.7537601803207579,0.8052228257480853,0.7745869335456371,0.822306851582282,0.7091377091377091,0
cox_l2,F9c_cov_adsig_stdmri_bio,81,0.7649479101351109,0.03723191961435373,5,0.7598196639413993,0.8189385337662081,0.7661502064154069,0.8128907227534107,0.7155727155727156,0
aft_weibull,F9_cov_bsc_stdmri_bio,112,0.7645210512523576,0.0335573483803901,5,0.7551497470709384,0.8107406681687381,0.7735889772791766,0.8223922457000651,0.7194337194337195,0
aft_loglogistic,F9_cov_bsc_stdmri_bio,112,0.7639421598445217,0.03723028524407666,5,0.753494135155756,0.8062906505228247,0.7744001465184571,0.820956921735919,0.7181467181467182,0
aft_lognormal,F9_cov_bsc_stdmri_bio,112,0.7633695132066449,0.03296546652629139,5,0.7521830576829013,0.8051628551115264,0.7776874764906052,0.8235864006147491,0.7181467181467182,0
rsf,F9_cov_bsc_stdmri,110,0.7632478243584182,0.05789323584908726,5,0.7503610973589077,0.8430729613758958,0.7787679469917068,0.854567233357298,0.7323037323037324,0
aft_lognormal,F6_cov_bsc_bio,43,0.762627406924009,0.05681587870926712,5,0.7590990029666175,0.8088750851760438,0.7692157301828092,0.8357458541725367,0.7335907335907336,0
cox_lasso,F9b_cov_regional_stdmri_bio,203,0.7620406404124893,0.05030348412064844,5,0.7548320351398073,0.8010143232717744,0.777675505112707,0.8197115621949221,0.7606177606177607,0
rsf,F7_cov_regional,132,0.7620161911893395,0.041916863530980786,5,0.7555112751865846,0.8316891049286305,0.7721652406818382,0.8551715393682218,0.6988416988416989,0
rsf,F9b_cov_regional_stdmri,201,0.7619765292939373,0.04409910543503636,5,0.7457990569983717,0.8479445635720291,0.7744295989344139,0.846678787131742,0.703989703989704,0
rsf,F7_cov_regional_bio,134,0.7611714217837279,0.038441210579106634,5,0.7552038083480775,0.8314152489366663,0.7731324151498674,0.8545126352471215,0.6885456885456885,0
cox_lasso,F9b_cov_regional_stdmri,201,0.7610624066221547,0.023242524481095907,5,0.7575716372121131,0.801245180717735,0.7711539342673457,0.8433554276262691,0.7451737451737451,0
cox_l2,F9b_cov_regional_stdmri,201,0.7609229010643854,0.015941116024737897,5,0.751997002162021,0.8155801986249497,0.7681434245661654,0.8301375692554867,0.7271557271557272,0
cox_l2,F9_cov_bsc_stdmri,110,0.7605435632699363,0.03747852043923349,5,0.7548201660153855,0.8022439710749459,0.7668327819310571,0.8307119918320536,0.7297297297297297,0
rsf,F9_cov_bsc_stdmri_bio,112,0.7600383521303551,0.057899536145333656,5,0.7459471624192668,0.8428794332115326,0.7696494355445098,0.8487778760350475,0.7335907335907336,0
cox_l2,F9_cov_bsc_stdmri_bio,112,0.7583541625897035,0.039809860834032346,5,0.7551607087372908,0.8061665876634352,0.7544757060428993,0.8215984689160104,0.7348777348777349,0
aft_lognormal,F9_cov_bsc_stdmri,110,0.7580634206714268,0.03051383888134181,5,0.7484818591075066,0.7921103410628727,0.770872903128524,0.8243323376966896,0.7078507078507078,0
cox_l2,F6_cov_bsc,41,0.7579217175195027,0.05804578327313194,5,0.7594772960191435,0.7935689012398905,0.7598438084600838,0.8302813926351004,0.6988416988416989,0
aft_lognormal,F9c_cov_adsig_stdmri,79,0.7576598307819236,0.028004089479141972,5,0.7480201286490116,0.7911229296539396,0.7686892603304071,0.8189701641359489,0.7014157014157014,0
aft_weibull,F9_cov_bsc_stdmri,110,0.7574738069269317,0.028857227886811804,5,0.7451468643254753,0.8000070822859577,0.7669717167510485,0.8262029819816943,0.722007722007722,0
cox_l2,F9b_cov_regional_stdmri_bio,203,0.756512149727359,0.04154119751311322,5,0.7462325554278861,0.8168716153694602,0.7650507629104811,0.8130789179856588,0.7335907335907336,0
cox_l2,F6_cov_bsc_bio,43,0.7562012467854483,0.07329180231356078,5,0.7530446955549814,0.8044342469968389,0.7600087144041314,0.8186411606860178,0.7078507078507078,0
rsf,F6_cov_bsc_bio,43,0.7547488605657492,0.05733253304388444,5,0.7575135918329226,0.817690536912211,0.7429503420990524,0.8615924357015002,0.7644787644787645,0
aft_loglogistic,F9_cov_bsc_stdmri,110,0.7545488543985082,0.035581380771003285,5,0.7459260128652938,0.7925993277644022,0.7663438289715222,0.8198965955063526,0.7181467181467182,0
rsf,F6_cov_bsc,41,0.7538383932630129,0.052511884806823124,5,0.7568442519899945,0.8134837901248823,0.7459966991557982,0.8608067694105822,0.7593307593307593,0
aft_lognormal,F6_cov_bsc,41,0.7525633721258528,0.05350094227528187,5,0.7556985005674361,0.7983426625864157,0.7524293734430206,0.833844729634486,0.6885456885456885,0
aft_loglogistic,F6_cov_bsc,41,0.7481083427371804,0.04466403706361761,5,0.7531932124074253,0.787156995845014,0.7505514862023851,0.843983946301903,0.6911196911196911,0
aft_loglogistic,F6_cov_bsc_bio,43,0.7476990081617865,0.05180826079492418,5,0.7480631505836428,0.793239982611471,0.752605503370108,0.8299793067800811,0.7065637065637066,0
aft_weibull,F6_cov_bsc_bio,43,0.747392378520859,0.0657665009143437,5,0.7505370314167635,0.7991878561898748,0.7440504457429549,0.8292136201979826,0.7387387387387387,0
cox_l2,F7_cov_regional,132,0.7471947447187284,0.03783757566978811,5,0.7450833683253046,0.7814762370685955,0.7470646042473943,0.8337449418251828,0.7464607464607464,0
aft_lognormal,F7_cov_regional_bio,134,0.7410914176886859,0.025094166708482853,5,0.7338725079542755,0.7771289996188326,0.7707240523326047,0.8148083386993072,0.7644787644787645,0
aft_lognormal,F9b_cov_regional_stdmri_bio,203,0.7404364990336223,0.02909253337989143,5,0.7367920225159439,0.7880031730753523,0.7390485910655057,0.8042810866873399,0.7284427284427284,0
aft_weibull,F6_cov_bsc,41,0.7403638151083023,0.055377005410583324,5,0.7447325001530245,0.7862464765594552,0.7330177499219335,0.8255993927432763,0.7027027027027027,0
aft_loglogistic,F9b_cov_regional_stdmri_bio,203,0.7397411835226111,0.027943736163830075,5,0.7321902303554876,0.7839538009580982,0.7570691972979122,0.7961040480052155,0.7271557271557272,0
cox_l2,F7_cov_regional_bio,134,0.739282261309435,0.0643015043152673,5,0.7331246340781591,0.7826283918104856,0.7447479369931059,0.7984496451767951,0.7593307593307593,0
aft_lognormal,F7_cov_regional,132,0.7370008535682671,0.022840034724890098,5,0.7353675859664148,0.7665740444749956,0.7617681352802897,0.8196626968451705,0.7567567567567568,0
aft_loglogistic,F9b_cov_regional_stdmri,201,0.7357774649051868,0.03054111776100597,5,0.7309245992392094,0.7690303630705883,0.750017820602882,0.797534120457646,0.7245817245817245,0
aft_lognormal,F9b_cov_regional_stdmri,201,0.7352485549616198,0.022761337145171028,5,0.7330541553741668,0.772959760847859,0.73554166183559,0.8097147378072691,0.722007722007722,0
aft_weibull,F9b_cov_regional_stdmri_bio,203,0.7340636398608781,0.032480130904512954,5,0.7241492791556707,0.7736394213366199,0.7515012576272784,0.7925497950520175,0.7323037323037324,0
aft_weibull,F9b_cov_regional_stdmri,201,0.7338979690615861,0.027110873402428536,5,0.7289748835806529,0.7654635470810072,0.7462808655554849,0.7985390145953668,0.7271557271557272,0
aft_loglogistic,F7_cov_regional_bio,134,0.7302272830835514,0.03844649921991328,5,0.7256972597731398,0.771586663351799,0.7551356440674708,0.8050021628796641,0.7696267696267697,0
aft_loglogistic,F7_cov_regional,132,0.7243250973084543,0.046236042809773836,5,0.7273124648333811,0.7565405303975745,0.7403102569286715,0.8112256640147495,0.7631917631917632,0
aft_weibull,F7_cov_regional_bio,134,0.7227581863532908,0.04575988945339514,5,0.7197676993847543,0.7614148181183935,0.7415504450819497,0.8042123752120748,0.7567567567567568,0
aft_weibull,F7_cov_regional,132,0.7226682024178585,0.04535443897160805,5,0.7234237261772359,0.751619057039812,0.7385026746248364,0.8113891177041657,0.749034749034749,0
rsf,F5_std_mri_slopes,69,0.7108635551221834,0.06742023292586267,5,0.6889839906259363,0.7811986302459086,0.7698916387382013,0.7607012632464373,0.6126126126126126,0
xgb_aft,F5_std_mri_slopes,69,0.6850145989313228,0.05347351965085619,5,0.6591624724891869,0.752035037702603,0.7284991551333636,0.7215992714489786,0.5456885456885456,0
rsf,F3_regional_slopes,124,0.6489459811055269,0.07431973248312272,5,0.6278977578262829,0.7041981211761954,0.6777394387667327,0.6992229779069883,0.510939510939511,0
xgb_aft,F3_regional_slopes,124,0.6415806477554588,0.10227517293144955,5,0.644034539938562,0.7011028593487914,0.6414592096235635,0.6689673000539476,0.5521235521235521,0
aft_weibull,F5_std_mri_slopes,69,0.6095877495200492,0.025768273176732612,5,0.5843581309291126,0.6494554128535609,0.645711237409133,0.5896870421055362,0.5315315315315315,0
aft_lognormal,F5_std_mri_slopes,69,0.5865047517231401,0.031009462717652213,5,0.574439116877748,0.6173886642487203,0.6052399934075609,0.5680864425321851,0.5444015444015444,0
rsf,F2_bsc_slopes,33,0.5840281769471096,0.07337022948661898,5,0.5630138044984151,0.6316020333054182,0.5815293853090225,0.6090780494527726,0.5173745173745173,0
cox_l2,F5_std_mri_slopes,69,0.5730564742812579,0.07746040897612305,5,0.5492704980530834,0.6199253493443825,0.5946111610355734,0.5490868905523114,0.5366795366795367,0
aft_loglogistic,F5_std_mri_slopes,69,0.5614561905975227,0.09528986625647103,5,0.5515955125540827,0.5952471950765454,0.5680817285192383,0.544470363695743,0.5508365508365508,0
rsf,F4_adsig_slope,2,0.54604703420011,0.03458248963636946,5,0.49249123530342925,0.5031029204543911,0.6263070281752489,0.5027803881780475,0.4723294723294723,0
xgb_aft,F2_bsc_slopes,33,0.5398481382807484,0.049186978382752405,5,0.529341052569726,0.553419008441195,0.5314295095497703,0.5322378477512105,0.5546975546975547,0
cox_lasso,F3_regional_slopes,124,0.5360421101883313,0.08657302126101585,5,0.5295054746016221,0.5466100161796384,0.5783433143752197,0.5337731042282495,0.5778635778635779,0
aft_loglogistic,F1_bsc_baseline,33,0.5263315033712455,0.06337565339642094,5,0.5309645548815369,0.5882239086409493,0.4682568840235741,0.5708085783295835,0.592020592020592,0
aft_lognormal,F3_regional_slopes,124,0.5202470440177897,0.07046021738502262,5,0.5148611907156667,0.5203900029484156,0.5644395729030608,0.5077188698715438,0.4967824967824968,0
aft_weibull,F4_adsig_slope,2,0.5190788608574073,0.18987261572321082,5,0.5128009857513919,0.5068023770120904,0.5564514743922861,0.5037105060584894,0.3577863577863578,0
cox_lasso,F1_bsc_baseline,33,0.518885671785977,0.06017253844308298,5,0.5042111288114313,0.6005110538595511,0.5017084751486567,0.5358926791060525,0.6074646074646075,0
cox_lasso,F5_std_mri_slopes,69,0.5182596289700084,0.05936744269851644,5,0.49904629152047536,0.5546866658741972,0.5408076723353226,0.5035928425217534,0.5148005148005148,0
aft_lognormal,F1_bsc_baseline,33,0.5161181561064253,0.06141924491348077,5,0.5094985224269423,0.5869770813336933,0.47134716187794384,0.5507137716170446,0.5791505791505791,0
cox_l2,F1_bsc_baseline,33,0.515714603407006,0.06113455827550861,5,0.5026867308477526,0.5667556518511888,0.48236878650614495,0.5548227303033686,0.6048906048906049,0
aft_loglogistic,F3_regional_slopes,124,0.5128960294967959,0.07718530958682868,5,0.4973457265467401,0.5291561305746574,0.5636811229587637,0.4935048640295192,0.5135135135135135,0
xgb_aft,F4_adsig_slope,2,0.511867889814581,0.04448723512623928,5,0.4650222762983115,0.45431992475168237,0.5775296779629687,0.38958893770323905,0.398970398970399,0
cox_l2,F3_regional_slopes,124,0.5117009104174197,0.06774872140556101,5,0.5061391259810006,0.5058487049437197,0.5468269949528519,0.49996562879083867,0.5817245817245817,0
aft_weibull,F1_bsc_baseline,33,0.5062794791007427,0.07382519810727449,5,0.5064153547481979,0.5673686881938148,0.46605105514251177,0.5453831010739788,0.5791505791505791,0
aft_weibull,F3_regional_slopes,124,0.5030558299018423,0.10711738072237724,5,0.476834454021584,0.49453772267459517,0.5808917944122952,0.46313831384678555,0.555984555984556,0
cox_lasso,F4_adsig_slope,2,0.4719959824981531,0.12038222712965957,5,0.4709932807622474,0.45952094957187734,0.4963983397420259,0.47628765399719225,0.3410553410553411,0
xgb_aft,F1_bsc_baseline,33,0.4715996881723406,0.08745323718381344,5,0.4665414949690466,0.5346615431146452,0.44949593898493967,0.41639552061276114,0.6048906048906049,0
rsf,F1_bsc_baseline,33,0.44389190504723713,0.06331189890826858,5,0.4300210507997133,0.46216445333864675,0.4473590846783896,0.4090596516875614,0.5804375804375804,0
aft_lognormal,F2_bsc_slopes,33,0.42927215238904237,0.11449380738225079,5,0.4235858584338875,0.45137109166882006,0.40969500773285583,0.38676700177190027,0.45045045045045046,0
aft_loglogistic,F2_bsc_slopes,33,0.42150887351016275,0.09925760876351118,5,0.41981149504220455,0.4482905967693803,0.3950402467600105,0.38645139256683614,0.46074646074646075,0
cox_l2,F4_adsig_slope,2,0.4210057473357267,0.14037064036176955,5,0.4278005099611525,0.39499197136973757,0.39482379283634395,0.3941316228101176,0.6267696267696268,1
aft_lognormal,F4_adsig_slope,2,0.4177018566393539,0.07174271143923905,5,0.4461471258588262,0.3904925230643516,0.3552983619982325,0.4223672538688735,0.33719433719433717,0
aft_loglogistic,F4_adsig_slope,2,0.4165064426028232,0.15349930098909076,5,0.42227011113945945,0.3981304639033848,0.39599938884333996,0.3906214792432497,0.3564993564993565,0
aft_weibull,F2_bsc_slopes,33,0.41307371516848423,0.0951100430593122,5,0.41508005869108666,0.4241055651439984,0.3942969600061002,0.3938348808313637,0.6190476190476191,0
cox_l2,F2_bsc_slopes,33,0.4101890558583901,0.08447831652839377,5,0.4188833154688365,0.41168372587949353,0.36236342241112246,0.3958955929016219,0.42342342342342343,0
cox_lasso,F2_bsc_slopes,33,0.39858816337880143,0.07183640265721912,5,0.4102353636762457,0.3881198174175522,0.3867542881308517,0.39758160256114855,0.5,0
