model,features,n_features,train_mean,train_sd,test_mean,test_sd,gap,test_folds
coxnet,cov,4,0.741,0.006,0.741,0.031,0.0,"[0.748, 0.765, 0.746, 0.764, 0.68]"
weibull,cov,4,0.745,0.006,0.745,0.025,-0.0,"[0.749, 0.76, 0.74, 0.775, 0.7]"
lognormal,cov,4,0.746,0.006,0.747,0.024,-0.001,"[0.751, 0.76, 0.744, 0.774, 0.704]"
loglogistic,cov,4,0.745,0.006,0.745,0.024,0.0,"[0.748, 0.761, 0.739, 0.776, 0.704]"
rsf,cov,4,0.789,0.006,0.725,0.033,0.064,"[0.728, 0.764, 0.716, 0.747, 0.668]"
xgb,cov,4,0.888,0.006,0.677,0.051,0.211,"[0.589, 0.718, 0.733, 0.685, 0.659]"
coxnet,bsc,20,0.573,0.011,0.523,0.049,0.05,"[0.521, 0.466, 0.525, 0.492, 0.612]"
weibull,bsc,20,0.584,0.011,0.546,0.046,0.038,"[0.535, 0.473, 0.561, 0.544, 0.617]"
lognormal,bsc,20,0.584,0.011,0.552,0.048,0.032,"[0.51, 0.52, 0.544, 0.54, 0.644]"
loglogistic,bsc,20,0.589,0.012,0.556,0.045,0.032,"[0.528, 0.514, 0.563, 0.536, 0.641]"
rsf,bsc,20,0.844,0.006,0.501,0.048,0.342,"[0.488, 0.456, 0.505, 0.466, 0.592]"
xgb,bsc,20,0.965,0.002,0.507,0.072,0.458,"[0.565, 0.379, 0.513, 0.494, 0.584]"
coxnet,t1x,12,0.599,0.014,0.574,0.049,0.026,"[0.536, 0.643, 0.623, 0.539, 0.529]"
rsf,t1x,12,0.803,0.009,0.572,0.064,0.23,"[0.535, 0.602, 0.683, 0.502, 0.54]"
xgb,t1x,12,0.964,0.002,0.541,0.084,0.423,"[0.479, 0.567, 0.694, 0.477, 0.488]"
coxnet,t1long,48,0.632,0.01,0.559,0.057,0.073,"[0.577, 0.652, 0.566, 0.498, 0.502]"
rsf,t1long,48,0.866,0.005,0.579,0.035,0.287,"[0.573, 0.577, 0.645, 0.546, 0.556]"
xgb,t1long,48,0.987,0.001,0.559,0.034,0.429,"[0.542, 0.554, 0.617, 0.515, 0.564]"
coxnet,t1x+t1long,60,0.632,0.009,0.557,0.055,0.074,"[0.565, 0.653, 0.563, 0.501, 0.505]"
rsf,t1x+t1long,60,0.861,0.005,0.587,0.038,0.273,"[0.571, 0.596, 0.657, 0.548, 0.565]"
xgb,t1x+t1long,60,0.988,0.001,0.564,0.043,0.424,"[0.55, 0.537, 0.63, 0.508, 0.594]"
coxnet,bsc+t1x+t1long,80,0.639,0.004,0.55,0.035,0.089,"[0.566, 0.602, 0.559, 0.503, 0.522]"
rsf,bsc+t1x+t1long,80,0.868,0.006,0.577,0.044,0.291,"[0.556, 0.582, 0.66, 0.537, 0.55]"
xgb,bsc+t1x+t1long,80,0.99,0.001,0.534,0.054,0.456,"[0.51, 0.523, 0.616, 0.456, 0.564]"
coxnet,cov+bsc,24,0.742,0.005,0.741,0.032,0.002,"[0.743, 0.765, 0.746, 0.769, 0.68]"
weibull,cov+bsc,24,0.757,0.005,0.745,0.012,0.012,"[0.742, 0.75, 0.753, 0.756, 0.723]"
rsf,cov+bsc,24,0.855,0.003,0.692,0.025,0.163,"[0.677, 0.723, 0.713, 0.695, 0.652]"
xgb,cov+bsc,24,0.969,0.002,0.671,0.025,0.298,"[0.691, 0.646, 0.708, 0.665, 0.646]"
coxnet,cov+t1x+t1long,64,0.748,0.006,0.736,0.031,0.012,"[0.732, 0.774, 0.751, 0.745, 0.68]"
weibull,cov+t1x+t1long,64,0.776,0.009,0.729,0.042,0.047,"[0.778, 0.763, 0.743, 0.692, 0.67]"
rsf,cov+t1x+t1long,64,0.876,0.006,0.692,0.05,0.184,"[0.682, 0.761, 0.738, 0.65, 0.629]"
xgb,cov+t1x+t1long,64,0.989,0.001,0.684,0.017,0.305,"[0.679, 0.688, 0.712, 0.658, 0.682]"
coxnet,cov+bsc+t1x+t1long,84,0.749,0.006,0.737,0.031,0.012,"[0.735, 0.774, 0.751, 0.745, 0.68]"
weibull,cov+bsc+t1x+t1long,84,0.784,0.008,0.722,0.037,0.062,"[0.772, 0.734, 0.745, 0.679, 0.679]"
lognormal,cov+bsc+t1x+t1long,84,0.787,0.008,0.712,0.035,0.075,"[0.742, 0.737, 0.741, 0.656, 0.684]"
loglogistic,cov+bsc+t1x+t1long,84,0.789,0.008,0.718,0.038,0.071,"[0.761, 0.75, 0.735, 0.673, 0.672]"
rsf,cov+bsc+t1x+t1long,84,0.884,0.005,0.682,0.048,0.202,"[0.668, 0.741, 0.731, 0.65, 0.617]"
xgb,cov+bsc+t1x+t1long,84,0.99,0.001,0.665,0.027,0.325,"[0.667, 0.661, 0.704, 0.619, 0.672]"
