model,feature_set,n_features,cv_cindex_mean,cv_cindex_sd,n_folds,cv_uno_c,cv_auc_3.0y,cv_auc_1.0y,cv_auc_2.0y,holdout_cindex,sign_flipped
aft_loglogistic,F0_covariates,8,0.7885904929352551,0.04609684096347637,5,0.7921885503632935,0.8955030565218797,0.7680853794675592,0.8618333844362743,0.749438202247191,0
aft_lognormal,F0_covariates,8,0.7864336344734996,0.04468655546458396,5,0.7895913573542158,0.8929949133813141,0.7666207500704463,0.8621792699126303,0.748314606741573,0
xgb_aft,F8_cov_stdmri,77,0.7861767686393095,0.03412977146484564,5,0.7909255209033937,0.8731496693319777,0.7790079109664351,0.8584743571910625,0.7292134831460674,0
cox_lasso,F0_covariates,8,0.7852543542501301,0.04250010490394648,5,0.7830657854939227,0.8752895541616519,0.7715669664991655,0.8476967649377212,0.7202247191011236,0
cox_lasso,F6_cov_bsc,41,0.7852543542501301,0.04250010490394648,5,0.7830657854939227,0.8752895541616519,0.7715669664991655,0.8476967649377212,0.7202247191011236,0
aft_weibull,F0_covariates,8,0.7845033298384647,0.040520663128068575,5,0.785106618489482,0.8903839802329016,0.7633717666875921,0.8552414143872745,0.7426966292134831,0
cox_l2,F0_covariates,8,0.7822803300343686,0.039315337587173246,5,0.7856290730948026,0.8868870535693645,0.7676616797674902,0.850541794269791,0.7370786516853932,0
cox_lasso,F8_cov_stdmri,77,0.7805983812567584,0.038834927776631833,5,0.7788078044047422,0.8710658239599368,0.7699483179061608,0.8446437461436451,0.7202247191011236,0
cox_lasso,F9_cov_bsc_stdmri,110,0.7805983812567584,0.038834927776631833,5,0.7788078044047422,0.8710658239599368,0.7699483179061608,0.8446437461436451,0.7202247191011236,0
aft_weibull,F6_cov_bsc,41,0.7802308486015527,0.0370834455906366,5,0.7737955298057462,0.8618408579615243,0.7846858614976351,0.8454743545148016,0.7134831460674157,0
rsf,F8_cov_stdmri,77,0.7801474688257872,0.034606577567358826,5,0.7698650318728327,0.8603689328451989,0.8035142436374395,0.86531509185842,0.7764044943820225,0
aft_loglogistic,F6_cov_bsc,41,0.7774713538858687,0.04728225557185752,5,0.7732988927053577,0.8615777567088688,0.7812726853685409,0.8422006988785945,0.7202247191011236,0
cox_l2,F6_cov_bsc,41,0.7749881713930028,0.03668770966997675,5,0.7734378730886176,0.8601150487350679,0.7696263277633619,0.8471593850134076,0.702247191011236,0
aft_lognormal,F6_cov_bsc,41,0.7749165019627526,0.04583536127863945,5,0.7693633383957287,0.8543140263111842,0.7805939278354541,0.8337542168737502,0.7269662921348314,0
rsf,F0_covariates,8,0.774497850076945,0.04558507038684279,5,0.777402397902765,0.869730149616827,0.7556716610693509,0.8534644799596517,0.750561797752809,0
rsf,F9_cov_bsc_stdmri,110,0.7733593659899778,0.026436422290365507,5,0.759479185575642,0.8592140614117204,0.7986398535892928,0.8574555181509999,0.7707865168539326,0
xgb_aft,F0_covariates,8,0.7724169240438379,0.027003294838267865,5,0.7769783985778167,0.8769639046709434,0.7515369543127546,0.8587828500109198,0.6966292134831461,0
xgb_aft,F9_cov_bsc_stdmri,110,0.7720111614661971,0.03488184674122409,5,0.774578608920334,0.8624232063668542,0.7681668797566774,0.841772157521331,0.7247191011235955,0
xgb_aft,F6_cov_bsc,41,0.7644604676981567,0.029453782973686473,5,0.7484439753694094,0.8410996523625964,0.7885259435481103,0.8430842798577369,0.7213483146067415,0
rsf,F6_cov_bsc,41,0.7582187996787955,0.03952734615899312,5,0.7452248395989911,0.8559862682585908,0.779628485317221,0.8427802121530205,0.7471910112359551,0
cox_l2,F9_cov_bsc_stdmri,110,0.7083127776397655,0.04980469176123772,5,0.7151733627423427,0.7513793102834826,0.6862795827805288,0.7438186455343739,0.648314606741573,0
rsf,F5_std_mri_slopes,69,0.7000976734090161,0.0367930272429329,5,0.6657656546284092,0.7509705569406702,0.7517087582870774,0.7792611990897378,0.698876404494382,0
xgb_aft,F5_std_mri_slopes,69,0.6967488998885345,0.03747570588320052,5,0.6599334878956806,0.7217958165072303,0.7456345647657099,0.7373440499075649,0.6741573033707865,0
aft_weibull,F9_cov_bsc_stdmri,110,0.691164401936198,0.06392796113600768,5,0.7042672555669337,0.7426124202395846,0.6458140023762866,0.7280486321372599,0.651685393258427,0
aft_loglogistic,F9_cov_bsc_stdmri,110,0.6873965074903253,0.06479807879387325,5,0.7004722725954,0.7382724155858382,0.6378763330324417,0.7292797799485158,0.6741573033707865,0
aft_weibull,F8_cov_stdmri,77,0.683748662368034,0.06893199905737489,5,0.6951371502100916,0.7609832328154215,0.6074311710218913,0.7261394524095561,0.6752808988764045,0
aft_loglogistic,F8_cov_stdmri,77,0.679122731080325,0.07939287571265538,5,0.685000205907637,0.7493703291280898,0.6157933407111036,0.7126466827448896,0.7168539325842697,0
cox_l2,F8_cov_stdmri,77,0.6777891864345038,0.05899303039199707,5,0.686196374201424,0.7509024246348412,0.6230538229605735,0.727116981918756,0.6820224719101123,0
aft_lognormal,F9_cov_bsc_stdmri,110,0.6755931080162743,0.06970739057639357,5,0.6847262118617088,0.7284307458797461,0.6306071301804849,0.724179686318211,0.6707865168539325,0
aft_lognormal,F8_cov_stdmri,77,0.6755367440050988,0.07721540823965715,5,0.6804259209394978,0.7450093904456683,0.6120994011880814,0.7132116406407923,0.7157303370786516,0
aft_lognormal,F1_bsc_baseline,33,0.5970376778167601,0.053238474336193276,5,0.5823489199063479,0.6404850218951161,0.5831774400200164,0.5859389304548343,0.5932584269662922,0
aft_loglogistic,F1_bsc_baseline,33,0.59344789197098,0.05864800045711137,5,0.5750542734272298,0.6306054919227218,0.588531010271205,0.5887252550446872,0.5943820224719101,0
aft_weibull,F1_bsc_baseline,33,0.5874944336475052,0.06355270797333833,5,0.576882809779418,0.6222296181234838,0.5888637816236326,0.5715927893840085,0.5865168539325842,0
cox_lasso,F5_std_mri_slopes,69,0.5840935852162352,0.04837502861739919,5,0.594840998924925,0.5900711211732739,0.512423673974659,0.6078158261195485,0.5797752808988764,0
cox_lasso,F1_bsc_baseline,33,0.5789996319334854,0.05773812051993088,5,0.5636871817413891,0.6056366168614928,0.5852361854650363,0.5651397775635585,0.5898876404494382,0
aft_weibull,F5_std_mri_slopes,69,0.568030300473048,0.06603154781579974,5,0.5798131220633993,0.5863184099094252,0.48723220291587455,0.591398501761962,0.6606741573033708,0
rsf,F2_bsc_slopes,33,0.5678699637279166,0.0379020464177701,5,0.516882538246316,0.569020782256019,0.646682955116445,0.6153977860095905,0.5483146067415731,0
cox_l2,F5_std_mri_slopes,69,0.565624838413826,0.05890718820635478,5,0.5632972405249278,0.5827762802395917,0.488907131985159,0.601757704110282,0.6258426966292134,0
cox_l2,F1_bsc_baseline,33,0.5655985266800811,0.08231897634051433,5,0.5664859399158637,0.6094809369066365,0.557682246980212,0.5665813634427838,0.5393258426966292,0
aft_lognormal,F5_std_mri_slopes,69,0.5610448539279953,0.07930364423979783,5,0.5602681791533767,0.5670284690616262,0.48689850406523083,0.5952165350475848,0.6550561797752809,0
aft_loglogistic,F5_std_mri_slopes,69,0.558135626512896,0.07481595277597895,5,0.5623030335768583,0.5660150800814778,0.48367107507267326,0.591057017291928,0.6595505617977528,0
xgb_aft,F2_bsc_slopes,33,0.5565386396252293,0.04355209762293121,5,0.49949349451786595,0.5593967890373185,0.6239978702100487,0.5902997368552217,0.5056179775280899,0
xgb_aft,F1_bsc_baseline,33,0.5383728854769563,0.07575885802467477,5,0.5368103176692085,0.5661531758913169,0.55857738798896,0.5138341541513236,0.6101123595505618,0
rsf,F1_bsc_baseline,33,0.5243308465399357,0.03622327990184529,5,0.5259047408962901,0.5142032724316785,0.5414025448933663,0.467435668564456,0.6292134831460674,0
aft_loglogistic,F2_bsc_slopes,33,0.48084198674467193,0.0702663362683066,5,0.45306849212211653,0.4149869191823032,0.5893220388688204,0.46335562402491987,0.5393258426966292,0
cox_lasso,F2_bsc_slopes,33,0.4766892514999229,0.064569906826222,5,0.4512428452414243,0.4152066911268917,0.5917136821208674,0.48230435524195425,0.4910112359550562,0
aft_lognormal,F2_bsc_slopes,33,0.47565736942928816,0.057473146638736525,5,0.4567030814336226,0.41267958170252095,0.5792231061862677,0.45086455487170396,0.5235955056179775,0
aft_weibull,F2_bsc_slopes,33,0.4498606017631596,0.06660180198184226,5,0.41738608172279257,0.3735595085293969,0.541049662751105,0.4265640282885707,0.4853932584269663,0
cox_l2,F2_bsc_slopes,33,0.4494122226693708,0.07693166005582407,5,0.4148756923148941,0.3682818049587566,0.5574442779880143,0.42843099632285336,0.5146067415730337,0
