design,feature_set,model,n_subjects,n_events,cv_cindex_mean,cv_cindex_sd
legacy,F0_covariates,rsf,417,133,0.7858108952018371,0.030447575256583224
legacy,F0_covariates,xgb_aft,417,133,0.7637993544079081,0.04304300194279054
legacy,F0_covariates,cox_l2,417,133,0.803731300252764,0.04685181817511866
legacy,F2_bsc_slopes,rsf,417,133,0.6837223073507601,0.03661336522922564
legacy,F2_bsc_slopes,xgb_aft,417,133,0.6155020858276968,0.03651429603524632
legacy,F2_bsc_slopes,cox_l2,417,133,0.6014420857550562,0.13938576826452076
legacy,F3_regional_slopes,rsf,417,133,0.7373503655771113,0.023206165618270963
legacy,F3_regional_slopes,xgb_aft,417,133,0.6562636535613033,0.059107241807444484
legacy,F3_regional_slopes,cox_l2,417,133,0.5270894052443176,0.056268422182078885
legacy,F5_std_mri_slopes,rsf,417,133,0.7811456209590436,0.061041892704877455
legacy,F5_std_mri_slopes,xgb_aft,417,133,0.7605857027142364,0.09748330241863674
legacy,F5_std_mri_slopes,cox_l2,417,133,0.6470053807968836,0.0932822267384286
corrected,F0_covariates,rsf,417,133,0.7754232616274805,0.03448930954375884
corrected,F0_covariates,xgb_aft,417,133,0.7508264252875868,0.05032108028797118
corrected,F0_covariates,cox_l2,417,133,0.7694981203081225,0.06522154541805741
corrected,F2_bsc_slopes,rsf,417,133,0.6173226481450774,0.02289635653957444
corrected,F2_bsc_slopes,xgb_aft,417,133,0.5869105002739644,0.04354396060921426
corrected,F2_bsc_slopes,cox_l2,417,133,0.4690829950606184,0.055244956708711594
corrected,F3_regional_slopes,rsf,417,133,0.6412803762947287,0.04470889703506039
corrected,F3_regional_slopes,xgb_aft,417,133,0.6154178734620572,0.0730314992505702
corrected,F3_regional_slopes,cox_l2,417,133,0.5686358957762826,0.078981415757074
corrected,F5_std_mri_slopes,rsf,417,133,0.6852392158401879,0.029900434515008303
corrected,F5_std_mri_slopes,xgb_aft,417,133,0.6648605366610748,0.039304585922689685
corrected,F5_std_mri_slopes,cox_l2,417,133,0.5704324898954397,0.06887288490470812
