feature_set,model,corrected,legacy,delta
F0_covariates,cox_l2,0.7695,0.8037,-0.0342
F0_covariates,rsf,0.7754,0.7858,-0.0104
F0_covariates,xgb_aft,0.7508,0.7638,-0.013
F2_bsc_slopes,cox_l2,0.4691,0.6014,-0.1324
F2_bsc_slopes,rsf,0.6173,0.6837,-0.0664
F2_bsc_slopes,xgb_aft,0.5869,0.6155,-0.0286
F3_regional_slopes,cox_l2,0.5686,0.5271,0.0415
F3_regional_slopes,rsf,0.6413,0.7374,-0.0961
F3_regional_slopes,xgb_aft,0.6154,0.6563,-0.0408
F5_std_mri_slopes,cox_l2,0.5704,0.647,-0.0766
F5_std_mri_slopes,rsf,0.6852,0.7811,-0.0959
F5_std_mri_slopes,xgb_aft,0.6649,0.7606,-0.0957
