fold,train,test,config,label,model,feature_set,n_features,gap
0,0.7933461292386437,0.7170582226762002,Cov. (Weibull),Cov. (Weibull),aft_weibull,F0_covariates,8,0.07628790656244344
1,0.7826835652293704,0.8457943925233645,Cov. (Weibull),Cov. (Weibull),aft_weibull,F0_covariates,8,-0.06311082729399409
2,0.8043448464912281,0.7599531615925058,Cov. (Weibull),Cov. (Weibull),aft_weibull,F0_covariates,8,0.04439168489872225
3,0.785512367491166,0.8382663847780126,Cov. (Weibull),Cov. (Weibull),aft_weibull,F0_covariates,8,-0.05275401728684659
4,0.8058667753106539,0.7239709443099274,Cov. (Weibull),Cov. (Weibull),aft_weibull,F0_covariates,8,0.0818958310007265
0,0.7924219805217886,0.7119509703779366,Cov. (Cox L2),Cov. (Cox L2),cox_l2,F0_covariates,8,0.08047101014385194
1,0.7845433255269321,0.8457943925233645,Cov. (Cox L2),Cov. (Cox L2),cox_l2,F0_covariates,8,-0.06125106699643246
2,0.8071546052631579,0.7306791569086651,Cov. (Cox L2),Cov. (Cox L2),cox_l2,F0_covariates,8,0.07647544835449271
3,0.7839575971731448,0.8350951374207188,Cov. (Cox L2),Cov. (Cox L2),cox_l2,F0_covariates,8,-0.051137540247574
4,0.8045766279622462,0.7239709443099274,Cov. (Cox L2),Cov. (Cox L2),cox_l2,F0_covariates,8,0.0806056836523188
0,0.8166275680671075,0.6363636363636364,BSC global (RSF),BSC global (RSF),rsf,F2_bsc_slopes,33,0.1802639317034711
1,0.8061372089819534,0.6016355140186916,BSC global (RSF),BSC global (RSF),rsf,F2_bsc_slopes,33,0.20450169496326176
2,0.822265625,0.6317330210772834,BSC global (RSF),BSC global (RSF),rsf,F2_bsc_slopes,33,0.19053260392271665
3,0.8211660777385159,0.6321353065539113,BSC global (RSF),BSC global (RSF),rsf,F2_bsc_slopes,33,0.18903077118460465
4,0.8164256128199905,0.5847457627118644,BSC global (RSF),BSC global (RSF),rsf,F2_bsc_slopes,33,0.23167985010812608
0,0.8436411459444089,0.6506639427987743,BSC regional (RSF),BSC regional (RSF),rsf,F3_regional_slopes,124,0.1929772031456346
1,0.844847775175644,0.5817757009345794,BSC regional (RSF),BSC regional (RSF),rsf,F3_regional_slopes,124,0.2630720742410646
2,0.84765625,0.7002341920374707,BSC regional (RSF),BSC regional (RSF),rsf,F3_regional_slopes,124,0.14742205796252927
3,0.8503886925795053,0.6575052854122622,BSC regional (RSF),BSC regional (RSF),rsf,F3_regional_slopes,124,0.19288340716724317
4,0.848136076594011,0.6162227602905569,BSC regional (RSF),BSC regional (RSF),rsf,F3_regional_slopes,124,0.23191331630345413
0,0.8610933390204024,0.6567926455566905,Thickness+hipp. (RSF),Thickness+hipp. (RSF),rsf,F5_std_mri_slopes,69,0.20430069346371194
1,0.8554897368783579,0.7336448598130841,Thickness+hipp. (RSF),Thickness+hipp. (RSF),rsf,F5_std_mri_slopes,69,0.1218448770652738
2,0.8516995614035088,0.6709601873536299,Thickness+hipp. (RSF),Thickness+hipp. (RSF),rsf,F5_std_mri_slopes,69,0.18073937404987883
3,0.8645936395759717,0.6723044397463002,Thickness+hipp. (RSF),Thickness+hipp. (RSF),rsf,F5_std_mri_slopes,69,0.19228919982967152
4,0.8590344265634549,0.6924939467312349,Thickness+hipp. (RSF),Thickness+hipp. (RSF),rsf,F5_std_mri_slopes,69,0.16654047983221998
0,0.9840762067249591,0.6956077630234934,Cov.+BSC+MRI (XGB),Cov.+BSC+MRI (XGB),xgb_aft,F9b_cov_regional_stdmri,201,0.28846844370146574
1,0.9831243972999035,0.8154205607476636,Cov.+BSC+MRI (XGB),Cov.+BSC+MRI (XGB),xgb_aft,F9b_cov_regional_stdmri,201,0.16770383655223997
2,0.983484100877193,0.7775175644028103,Cov.+BSC+MRI (XGB),Cov.+BSC+MRI (XGB),xgb_aft,F9b_cov_regional_stdmri,201,0.20596653647438268
3,0.9858657243816255,0.8477801268498943,Cov.+BSC+MRI (XGB),Cov.+BSC+MRI (XGB),xgb_aft,F9b_cov_regional_stdmri,201,0.1380855975317311
4,0.983363889454743,0.7239709443099274,Cov.+BSC+MRI (XGB),Cov.+BSC+MRI (XGB),xgb_aft,F9b_cov_regional_stdmri,201,0.2593929451448156
