subject,event,time_years,risk,fold,config
002_S_0782,0,0.8980150581793293,-2.430308005976313,0,Clinical covariates
003_S_1122,1,6.151950718685832,-3.0936077088097167,0,Clinical covariates
005_S_0324,0,0.0383299110198494,-1.8374166013579838,0,Clinical covariates
005_S_2390,0,1.0732375085557837,-3.430084230914573,0,Clinical covariates
006_S_4960,0,0.0958247775496235,-6.622700668763517,0,Clinical covariates
009_S_4359,0,0.0109514031485284,-4.396071681577729,0,Clinical covariates
011_S_4893,1,2.0451745379876796,-2.5298800629397653,0,Clinical covariates
012_S_1175,0,0.1177275838466803,-4.731148996003266,0,Clinical covariates
012_S_4188,1,1.0130047912388775,-2.0674334057891284,0,Clinical covariates
014_S_0557,0,3.9370294318959616,-4.257913063654183,0,Clinical covariates
014_S_2185,1,5.804243668720055,-4.478103823748709,0,Clinical covariates
018_S_4868,0,0.1943874058863792,-1.0623337342238277,0,Clinical covariates
018_S_4889,0,11.0362765229295,-2.758799628481614,0,Clinical covariates
018_S_6414,0,2.6036960985626285,-13.79038877599252,0,Clinical covariates
022_S_1097,1,1.1143052703627652,-1.291042729308646,0,Clinical covariates
022_S_2087,1,1.9739904175222451,-2.952218247513684,0,Clinical covariates
022_S_4805,0,0.0164271047227926,-3.0979497400421963,0,Clinical covariates
023_S_0126,1,1.0075290896646132,-3.419188366223719,0,Clinical covariates
023_S_0331,1,1.0431211498973303,-3.155727897700826,0,Clinical covariates
023_S_4115,1,0.9774127310061602,-6.534362251272077,0,Clinical covariates
023_S_6334,0,1.0157426420260096,-7.6156774705372134,0,Clinical covariates
024_S_6033,0,0.0136892539356605,-23.249421991811772,0,Clinical covariates
027_S_0408,1,0.919917864476386,-1.085085748011801,0,Clinical covariates
027_S_0644,0,2.004106776180698,-1.398515206015149,0,Clinical covariates
027_S_1045,0,6.094455852156058,-2.6188784927945497,0,Clinical covariates
027_S_2183,0,1.938398357289528,-1.9674890569814645,0,Clinical covariates
027_S_2219,0,2.1711156741957565,-2.536281268684811,0,Clinical covariates
027_S_4919,1,2.43668720054757,-2.5218160269812597,0,Clinical covariates
031_S_4149,1,5.259411362080766,-2.937417448065923,0,Clinical covariates
031_S_4476,0,2.8966461327857633,-8.599561342786693,0,Clinical covariates
035_S_6480,0,1.9904175222450375,-3.6908487111503647,0,Clinical covariates
036_S_0945,1,1.0787132101300478,-1.736994117604308,0,Clinical covariates
036_S_2380,1,1.6098562628336757,-3.4549700362553426,0,Clinical covariates
036_S_4736,0,0.9609856262833676,-3.2833468678403954,0,Clinical covariates
037_S_0150,1,1.7440109514031483,-0.9229626859050407,0,Clinical covariates
041_S_0679,0,2.6009582477754964,-7.388786702712983,0,Clinical covariates
041_S_1010,1,0.5503080082135524,-0.7754445684538074,0,Clinical covariates
041_S_1425,1,1.514031485284052,-1.6132501317422798,0,Clinical covariates
052_S_4626,0,1.0184804928131417,-5.628105517440488,0,Clinical covariates
052_S_4807,1,0.9911019849418208,-3.664409709290859,0,Clinical covariates
053_S_0389,1,0.9637234770704995,-2.9223044546366213,0,Clinical covariates
067_S_4212,0,3.79192334017796,-9.926754719473701,0,Clinical covariates
072_S_2083,0,0.0355920602327173,-2.4844953299807218,0,Clinical covariates
072_S_2093,0,1.2457221081451062,-9.208737249438972,0,Clinical covariates
072_S_2116,0,1.002053388090349,-6.275585951836654,0,Clinical covariates
072_S_4226,0,1.4154688569472964,-10.946766214677357,0,Clinical covariates
072_S_4445,0,0.0136892539356605,-3.847259430798361,0,Clinical covariates
072_S_4613,0,1.4428473648186173,-4.6074176139047855,0,Clinical covariates
073_S_0746,0,0.2080766598220397,-2.8145009428682988,0,Clinical covariates
073_S_4216,0,0.0082135523613963,-7.180602705109965,0,Clinical covariates
073_S_4443,0,0.3285420944558521,-10.935746864336446,0,Clinical covariates
073_S_4777,1,2.3572895277207393,-3.383348624363635,0,Clinical covariates
082_S_2099,0,0.0355920602327173,-4.416324408990143,0,Clinical covariates
082_S_2307,0,0.7392197125256673,-3.7830953897717308,0,Clinical covariates
094_S_1188,0,1.0951403148528405,-11.014305715464646,0,Clinical covariates
094_S_2367,1,2.220396988364134,-3.012923941106812,0,Clinical covariates
100_S_0296,0,0.7529089664613279,-3.775293123675369,0,Clinical covariates
109_S_1114,0,0.9965776865160848,-3.7574195579050547,0,Clinical covariates
109_S_4455,0,0.9117043121149896,-4.459692171810044,0,Clinical covariates
114_S_2392,0,3.0910335386721424,-11.314827820295987,0,Clinical covariates
116_S_4898,0,1.1498973305954825,-8.243931563861908,0,Clinical covariates
116_S_6550,0,3.430527036276523,-8.818435642536796,0,Clinical covariates
126_S_0709,0,4.944558521560575,-2.041566117767877,0,Clinical covariates
126_S_0865,1,1.002053388090349,-2.232480096243609,0,Clinical covariates
126_S_2407,0,0.9965776865160848,-4.87682743882451,0,Clinical covariates
126_S_4896,0,5.136208076659822,-2.5030926728961678,0,Clinical covariates
127_S_1419,0,1.2867898699520877,-4.678118607405881,0,Clinical covariates
127_S_4624,0,0.0520191649555099,-4.403228087059795,0,Clinical covariates
128_S_0227,1,1.3963039014373717,-1.4716585702533214,0,Clinical covariates
128_S_1088,0,0.1232032854209445,-0.9309453965601073,0,Clinical covariates
128_S_2045,0,1.0184804928131417,-6.953740915358048,0,Clinical covariates
129_S_2332,0,0.0876112251882272,-15.273157723969359,0,Clinical covariates
129_S_4220,0,2.0506502395619437,-13.190123254205403,0,Clinical covariates
129_S_4287,0,1.1718001368925393,-1.9180695865208017,0,Clinical covariates
130_S_0505,0,5.305954825462012,-6.037261352929474,0,Clinical covariates
130_S_6604,1,3.7371663244353184,-1.859030595087984,0,Clinical covariates
135_S_4722,0,2.85284052019165,-10.278808372272385,0,Clinical covariates
135_S_6446,0,2.0123203285420943,-8.563257329676533,0,Clinical covariates
136_S_0874,1,0.6132785763175906,-2.1015639622107836,0,Clinical covariates
137_S_0481,0,1.0321697467488022,-2.8554583199976915,0,Clinical covariates
137_S_0800,0,0.731006160164271,-2.7346546436824446,0,Clinical covariates
137_S_0973,1,1.2566735112936345,-1.1528640177801839,0,Clinical covariates
137_S_4623,1,1.0157426420260096,-3.7246003619512917,0,Clinical covariates
168_S_6180,0,3.2580424366872007,-2.699231953434556,0,Clinical covariates
002_S_4521,1,0.9117043121149896,-1.517646269887168,1,Clinical covariates
002_S_4799,0,6.264202600958248,-16.84188200692948,1,Clinical covariates
007_S_4272,1,0.9883641341546886,-2.818023167556864,1,Clinical covariates
009_S_5000,0,1.1937029431895962,-4.378279599407526,1,Clinical covariates
011_S_4235,0,1.0787132101300478,-5.293550389965184,1,Clinical covariates
012_S_0634,0,1.0239561943874058,-3.400211636884645,1,Clinical covariates
012_S_1321,0,0.0684462696783025,-2.3469349211209285,1,Clinical covariates
012_S_4012,0,0.0520191649555099,-8.144966889151755,1,Clinical covariates
013_S_1275,0,0.5776865160848734,-2.9486834065891654,1,Clinical covariates
014_S_4328,0,0.0301163586584531,-6.663338383230981,1,Clinical covariates
016_S_4646,0,0.188911704312115,-2.9407055744564636,1,Clinical covariates
016_S_5007,0,0.0574948665297741,-3.649467675494839,1,Clinical covariates
019_S_6635,0,0.0191649555099247,-8.99794692684834,1,Clinical covariates
021_S_0231,1,0.5037645448323066,-1.571140263884945,1,Clinical covariates
021_S_2100,0,0.9965776865160848,-6.219395988288999,1,Clinical covariates
021_S_4245,1,2.0917180013689256,-1.8007102840576779,1,Clinical covariates
022_S_4444,0,0.2847364818617385,-11.688044699816666,1,Clinical covariates
024_S_2239,0,3.797399041752224,-14.238555566341233,1,Clinical covariates
027_S_0835,1,0.459958932238193,-1.2193596007516043,1,Clinical covariates
027_S_1277,0,0.0410677618069815,-2.5061770864201813,1,Clinical covariates
027_S_1387,1,0.5256673511293635,-1.29354242949119,1,Clinical covariates
027_S_4926,0,9.612594113620808,-4.9659217072705895,1,Clinical covariates
029_S_1318,1,2.841889117043121,-3.197844304177727,1,Clinical covariates
029_S_2376,0,2.346338124572211,-4.806136174437338,1,Clinical covariates
031_S_2022,0,3.540041067761807,-12.108758203038276,1,Clinical covariates
032_S_2247,0,0.0958247775496235,-8.199015482948516,1,Clinical covariates
033_S_0513,1,1.0157426420260096,-1.7946289058092824,1,Clinical covariates
033_S_0514,1,1.9712525667351128,-3.6268052115171927,1,Clinical covariates
033_S_1116,1,1.4674880219028064,-3.15454646074391,1,Clinical covariates
036_S_0656,0,0.9828884325804244,-1.5973710765816707,1,Clinical covariates
036_S_0869,1,0.5284052019164955,-1.3994531214761579,1,Clinical covariates
036_S_1135,1,0.4982888432580424,-2.593818800289712,1,Clinical covariates
037_S_0501,1,1.212867898699521,-2.8124478590573463,1,Clinical covariates
037_S_1421,0,0.0465434633812457,-2.0726917102704103,1,Clinical covariates
037_S_4146,0,0.0438056125941136,-4.625050008655206,1,Clinical covariates
041_S_1418,0,0.0054757015742642,-9.554953610837442,1,Clinical covariates
041_S_4271,1,0.9089664613278576,-1.0827837894533627,1,Clinical covariates
052_S_0671,1,4.20807665982204,-2.1841946008212645,1,Clinical covariates
052_S_1352,0,0.0958247775496235,-3.4650013573560177,1,Clinical covariates
052_S_4885,1,2.242299794661191,-1.5189071802794178,1,Clinical covariates
052_S_4944,0,5.993155373032169,-3.0076374068384077,1,Clinical covariates
053_S_0621,0,1.431895961670089,-1.9902960827319558,1,Clinical covariates
057_S_1265,1,1.054072553045859,-2.8585374058750546,1,Clinical covariates
057_S_1269,0,4.024640657084189,-4.438721494149711,1,Clinical covariates
067_S_4072,0,1.2785763175906912,-16.91313687053641,1,Clinical covariates
067_S_4782,1,2.026009582477755,-2.3384981396882605,1,Clinical covariates
068_S_2168,0,1.700205338809035,-8.754335585660352,1,Clinical covariates
070_S_6236,1,2.565366187542779,-3.1467840211420968,1,Clinical covariates
072_S_1380,0,0.8350444900752909,-3.847261563703,1,Clinical covariates
072_S_2037,0,1.1909650924024642,-2.8476884170242402,1,Clinical covariates
072_S_4383,0,1.163586584531143,-9.768930814632952,1,Clinical covariates
073_S_0909,1,0.9938398357289528,-1.7044515317076994,1,Clinical covariates
073_S_2190,0,0.191649555099247,-4.2516147106874875,1,Clinical covariates
073_S_2264,0,1.136208076659822,-2.2374442424435386,1,Clinical covariates
073_S_4259,0,0.0054757015742642,-10.354412705159953,1,Clinical covariates
098_S_2052,0,1.1471594798083504,-4.417660605626772,1,Clinical covariates
099_S_4205,0,2.967830253251198,-9.346526869753095,1,Clinical covariates
099_S_4498,0,0.0136892539356605,-2.874605051917109,1,Clinical covariates
114_S_1106,1,3.1129363449691994,-7.645665129677149,1,Clinical covariates
114_S_1118,0,5.100616016427105,-4.656717918690075,1,Clinical covariates
123_S_2055,0,0.0027378507871321,-0.7293538794575457,1,Clinical covariates
126_S_4514,0,2.0342231348391513,-5.119041064360322,1,Clinical covariates
127_S_0112,1,6.1273100616016425,-5.873443337343045,1,Clinical covariates
127_S_0925,1,6.034223134839151,-3.548028517645395,1,Clinical covariates
127_S_4197,1,1.0732375085557837,-1.681569494775897,1,Clinical covariates
127_S_4301,0,0.3969883641341546,-5.4403958262239485,1,Clinical covariates
127_S_4765,1,1.0376454483230664,-2.3403380942811753,1,Clinical covariates
128_S_0225,0,8.049281314168377,-8.889814416878501,1,Clinical covariates
128_S_4653,0,1.9630390143737169,-12.568737508366565,1,Clinical covariates
128_S_4842,0,0.0903490759753593,-24.0719009675996,1,Clinical covariates
128_S_5066,0,1.0184804928131417,-3.2720310485415283,1,Clinical covariates
129_S_2347,0,0.0082135523613963,-6.544108930879224,1,Clinical covariates
129_S_6830,0,0.6543463381245722,-1.8744239242854401,1,Clinical covariates
130_S_0102,0,1.4948665297741273,-0.5655823757759634,1,Clinical covariates
130_S_4417,0,0.0246406570841889,-11.076633510366603,1,Clinical covariates
133_S_0792,0,1.056810403832991,-5.684338842932525,1,Clinical covariates
137_S_0443,0,0.8295687885010267,-14.283161153542993,1,Clinical covariates
137_S_4331,1,2.0150581793292264,-5.074640774126156,1,Clinical covariates
137_S_4631,1,2.0177960301163584,-5.773737774317294,1,Clinical covariates
141_S_4160,0,0.0438056125941136,-3.9854236667010365,1,Clinical covariates
141_S_4232,0,0.1232032854209445,-3.4733540033907904,1,Clinical covariates
301_S_6297,0,2.11088295687885,-17.165886584686323,1,Clinical covariates
305_S_6378,0,0.4271047227926078,-9.748582347941795,1,Clinical covariates
941_S_4187,0,0.0109514031485284,-4.614511232305834,1,Clinical covariates
002_S_1070,1,0.109514031485284,-1.066864195338534,2,Clinical covariates
002_S_4229,0,0.0027378507871321,-8.281375018927427,2,Clinical covariates
003_S_1074,1,0.9363449691991786,-3.854568387067332,2,Clinical covariates
003_S_4354,1,2.3956194387405887,-4.069076436339158,2,Clinical covariates
003_S_6268,0,2.113620807665982,-2.163922797059927,2,Clinical covariates
005_S_4185,0,0.0109514031485284,-7.097592936255904,2,Clinical covariates
006_S_4679,0,1.4702258726899384,-2.9691322452248334,2,Clinical covariates
007_S_4467,0,1.1498973305954825,-5.970470901945556,2,Clinical covariates
009_S_2208,0,0.0027378507871321,-6.863736813751223,2,Clinical covariates
011_S_0362,1,0.9582477754962354,-1.6925574085272281,2,Clinical covariates
013_S_4395,0,9.3305954825462,-8.084162568021902,2,Clinical covariates
014_S_0169,0,5.073237508555784,-5.370225884801754,2,Clinical covariates
016_S_0702,1,0.4818617385352498,-3.6907147476483577,2,Clinical covariates
016_S_0769,1,0.5284052019164955,-2.159244532082499,2,Clinical covariates
016_S_1117,1,1.434633812457221,-2.5968524341033072,2,Clinical covariates
018_S_0142,1,5.812457221081451,-6.322564826928423,2,Clinical covariates
019_S_4285,0,0.0164271047227926,-7.628830132402985,2,Clinical covariates
021_S_0276,1,4.010951403148528,-4.558799389347752,2,Clinical covariates
021_S_0424,1,1.0595482546201231,-2.4820780940161145,2,Clinical covariates
022_S_5004,0,2.6803559206023273,-6.315076055207438,2,Clinical covariates
024_S_4169,0,0.0602327173169062,-12.025446019195018,2,Clinical covariates
024_S_4392,0,0.0082135523613963,-3.5757786802116804,2,Clinical covariates
027_S_0307,0,4.123203285420945,-3.1546030935738028,2,Clinical covariates
029_S_0914,1,5.114305270362765,-3.0350473759761236,2,Clinical covariates
029_S_1073,1,1.0239561943874058,-1.3743435506225088,2,Clinical covariates
029_S_2395,0,0.0027378507871321,-6.383227572537317,2,Clinical covariates
031_S_0867,0,4.068446269678303,-2.6388398267139785,2,Clinical covariates
032_S_0187,1,0.5284052019164955,-2.5480388123834654,2,Clinical covariates
032_S_0718,0,0.0191649555099247,-4.394822217721737,2,Clinical covariates
033_S_1309,0,0.0136892539356605,-2.693771924601424,2,Clinical covariates
036_S_0976,1,1.0184804928131417,-2.0333421235558085,2,Clinical covariates
036_S_4714,1,1.952087611225188,-1.1200241511003233,2,Clinical covariates
037_S_1225,1,0.5968514715947981,-3.601360559812768,2,Clinical covariates
037_S_4030,1,0.9883641341546886,-2.0812619801455825,2,Clinical covariates
037_S_4302,0,0.027378507871321,-1.114281937783453,2,Clinical covariates
037_S_4750,0,1.051334702258727,-12.704351059668237,2,Clinical covariates
041_S_4720,1,1.1745379876796715,-1.5785046400030291,2,Clinical covariates
041_S_4874,0,2.535249828884326,-15.042093237821938,2,Clinical covariates
041_S_4877,0,0.027378507871321,-6.113089760704841,2,Clinical covariates
041_S_4974,1,3.4277891854893907,-3.9107241824977494,2,Clinical covariates
041_S_4989,0,1.3470225872689938,-10.658395479849698,2,Clinical covariates
051_S_1131,0,1.702943189596167,-4.198707674667041,2,Clinical covariates
052_S_2249,0,0.1423682409308692,-5.634065903682986,2,Clinical covariates
053_S_0919,0,1.0157426420260096,-2.3930999136652176,2,Clinical covariates
053_S_2357,0,1.264887063655031,-15.585806014364623,2,Clinical covariates
053_S_4557,0,3.0417522245037647,-6.140124637423123,2,Clinical covariates
053_S_4813,0,0.2847364818617385,-7.002896054261391,2,Clinical covariates
062_S_1182,0,0.9801505817932924,-4.454472757254022,2,Clinical covariates
067_S_2304,0,3.9452429842573578,-20.525314804286815,2,Clinical covariates
072_S_2164,0,1.08145106091718,-6.8393775024393415,2,Clinical covariates
072_S_4206,0,1.4647501711156743,-6.191383013920458,2,Clinical covariates
072_S_4539,0,0.9664613278576316,-13.75084326168873,2,Clinical covariates
072_S_4871,0,1.2511978097193703,-11.192387291013654,2,Clinical covariates
073_S_4300,0,0.8459958932238193,-5.862990890183617,2,Clinical covariates
094_S_0921,0,0.3066392881587953,-1.272405666390613,2,Clinical covariates
094_S_1417,0,1.0130047912388775,-3.428684778093663,2,Clinical covariates
094_S_4858,0,0.5859000684462696,-2.704965635687375,2,Clinical covariates
098_S_0160,1,1.0787132101300478,-1.3705470112258362,2,Clinical covariates
098_S_2079,0,1.700205338809035,-4.9381874541782445,2,Clinical covariates
099_S_0051,1,2.642026009582478,-1.4044550884817373,2,Clinical covariates
099_S_1034,0,1.5906913073237507,-5.327297077913108,2,Clinical covariates
109_S_0950,0,1.0349075975359343,-3.2130209470622537,2,Clinical covariates
109_S_1183,0,0.9938398357289528,-4.415212322618793,2,Clinical covariates
109_S_4380,0,0.3805612594113621,-17.62361390072428,2,Clinical covariates
114_S_0378,1,2.7214236824093088,-1.7140379757157422,2,Clinical covariates
123_S_4806,0,0.9363449691991786,-2.8432528040436393,2,Clinical covariates
126_S_1187,0,3.975359342915811,-5.402948931507744,2,Clinical covariates
127_S_1140,0,0.0766598220396988,-3.757362825645274,2,Clinical covariates
128_S_0188,0,0.5530458590006845,-2.9057878915182247,2,Clinical covariates
129_S_1246,0,4.0,-3.760191945838393,2,Clinical covariates
130_S_0285,1,4.435318275154004,-3.062883432694936,2,Clinical covariates
130_S_0449,0,0.974674880219028,-2.541916564888933,2,Clinical covariates
130_S_0783,0,1.0075290896646132,-2.3065242303125864,2,Clinical covariates
130_S_2373,1,1.1690622861054072,-2.508585712414309,2,Clinical covariates
130_S_4883,0,3.0992470910335386,-10.819011373443328,2,Clinical covariates
133_S_0727,1,0.4736481861738535,-5.240492524651814,2,Clinical covariates
137_S_0158,0,0.0465434633812457,-5.6561013784525,2,Clinical covariates
137_S_4299,0,0.4845995893223819,-3.788261102602223,2,Clinical covariates
137_S_4678,0,1.0349075975359343,-7.691257516447167,2,Clinical covariates
141_S_1052,0,0.027378507871321,-2.334225336213485,2,Clinical covariates
141_S_1378,0,0.0876112251882272,-2.584866072894831,2,Clinical covariates
153_S_4077,0,0.0355920602327173,-5.19290133092117,2,Clinical covariates
168_S_6541,1,3.293634496919918,-4.1658085545527825,2,Clinical covariates
002_S_1268,1,0.9774127310061602,-4.485379866248468,3,Clinical covariates
002_S_4237,0,0.0027378507871321,-4.048218761488003,3,Clinical covariates
005_S_0448,1,5.963039014373717,-4.787372412281421,3,Clinical covariates
005_S_0546,0,5.281314168377824,-4.709510222942214,3,Clinical covariates
005_S_1224,1,1.0184804928131417,-2.3644205118524892,3,Clinical covariates
006_S_4363,1,0.9883641341546886,-3.3218384843449087,3,Clinical covariates
006_S_6243,0,0.0219028062970568,-13.816918024267384,3,Clinical covariates
007_S_0101,1,0.4955509924709103,-2.5663048274148967,3,Clinical covariates
007_S_0698,1,4.191649555099247,-3.2762087017639656,3,Clinical covariates
009_S_1030,1,1.3059548254620124,-5.111703085287113,3,Clinical covariates
011_S_1080,1,1.0924024640657084,-1.0640532812653987,3,Clinical covariates
011_S_4547,1,1.45927446954141,-2.9382788015247856,3,Clinical covariates
012_S_1165,0,0.1204654346338124,-6.210874460906312,3,Clinical covariates
014_S_0563,1,0.9965776865160848,-2.2625163259590972,3,Clinical covariates
016_S_2007,1,3.373032169746749,-10.853120838443552,3,Clinical covariates
016_S_2031,0,1.136208076659822,-5.8008141511666125,3,Clinical covariates
018_S_0155,1,1.4921286789869952,-2.4788206917150784,3,Clinical covariates
018_S_2155,1,0.974674880219028,-0.9100078045926533,3,Clinical covariates
018_S_2180,0,4.39151266255989,-7.452330441477655,3,Clinical covariates
018_S_4809,0,0.2245037645448323,-1.4886865055223382,3,Clinical covariates
021_S_0178,0,0.0136892539356605,-8.891284743356207,3,Clinical covariates
021_S_0273,0,0.0027378507871321,-5.2583097732970545,3,Clinical covariates
021_S_4419,0,0.0027378507871321,-19.350658515491048,3,Clinical covariates
021_S_4659,1,1.0102669404517457,-3.2399005573383475,3,Clinical covariates
022_S_1351,1,0.9965776865160848,-1.915958232438074,3,Clinical covariates
022_S_2263,0,0.0383299110198494,-11.021558849045856,3,Clinical covariates
027_S_0116,0,4.079397672826831,-5.9594609870086055,3,Clinical covariates
031_S_0351,0,0.0602327173169062,-2.4400194836314077,3,Clinical covariates
031_S_0830,1,1.0732375085557837,-2.4724614490882724,3,Clinical covariates
031_S_4029,0,1.7248459958932238,-4.727240669704155,3,Clinical covariates
032_S_2119,0,0.0739219712525667,-6.726755117259579,3,Clinical covariates
035_S_2061,0,1.0184804928131417,-8.865989720440782,3,Clinical covariates
036_S_0673,0,1.297741273100616,-2.3704838435034916,3,Clinical covariates
036_S_1240,1,0.5147159479808351,-1.6437873576076696,3,Clinical covariates
037_S_0566,1,1.3716632443531829,-1.8426301360997974,3,Clinical covariates
037_S_1078,1,0.9774127310061602,-1.2917733702303889,3,Clinical covariates
037_S_4381,0,9.44558521560575,-9.893389153198598,3,Clinical covariates
041_S_4004,0,3.8302532511978096,-7.03057243626831,3,Clinical covariates
052_S_0989,0,2.403832991101985,-3.1838072585569757,3,Clinical covariates
052_S_1346,1,0.9911019849418208,-2.135237194583236,3,Clinical covariates
067_S_0607,0,0.7446954140999316,-5.834809287014493,3,Clinical covariates
067_S_2195,1,1.0294318959616702,-1.7582835375021262,3,Clinical covariates
067_S_2196,0,4.848733744010952,-5.053380811173777,3,Clinical covariates
067_S_4184,0,7.728952772073922,-19.920812689104032,3,Clinical covariates
068_S_1075,0,1.5852156057494866,-16.43095474456165,3,Clinical covariates
068_S_2315,0,0.2053388090349076,-3.447385379011196,3,Clinical covariates
068_S_4061,0,0.0027378507871321,-6.526153891708776,3,Clinical covariates
068_S_4067,0,0.191649555099247,-6.260405656833186,3,Clinical covariates
068_S_4332,0,4.9253935660506505,-23.183167659472076,3,Clinical covariates
072_S_2072,0,1.0130047912388775,-5.848319856342342,3,Clinical covariates
072_S_4063,0,1.593429158110883,-14.510410196021628,3,Clinical covariates
072_S_4390,0,0.9418206707734428,-6.388601974194763,3,Clinical covariates
072_S_4394,0,1.0431211498973303,-7.345112777236353,3,Clinical covariates
072_S_4522,0,0.5859000684462696,-4.343431368032515,3,Clinical covariates
072_S_4941,0,0.9774127310061602,-14.494442497876314,3,Clinical covariates
073_S_2225,0,1.0212183436002735,-8.694731007540218,3,Clinical covariates
073_S_4311,0,0.0027378507871321,-5.388372469864604,3,Clinical covariates
073_S_4312,0,0.0054757015742642,-5.37009493651275,3,Clinical covariates
073_S_4360,0,0.2135523613963039,-9.803887841663773,3,Clinical covariates
082_S_2121,0,3.3127994524298425,-8.835893601312616,3,Clinical covariates
094_S_1293,0,0.8268309377138946,-1.5927871629174506,3,Clinical covariates
094_S_2238,0,2.6365503080082138,-7.532664202502468,3,Clinical covariates
094_S_4630,0,0.4955509924709103,-5.30018356385347,3,Clinical covariates
099_S_4157,1,0.9774127310061602,-5.076598827891586,3,Clinical covariates
100_S_4556,0,3.2306639288158796,-11.923356887776457,3,Clinical covariates
114_S_4404,1,1.8617385352498288,-3.6787857005149465,3,Clinical covariates
116_S_0649,1,0.5311430527036276,-2.3026065067464607,3,Clinical covariates
116_S_4199,0,4.884325804243669,-6.397911170213935,3,Clinical covariates
116_S_4635,0,0.0164271047227926,-10.76569342166849,3,Clinical covariates
123_S_4780,0,1.0102669404517457,-10.571668039094668,3,Clinical covariates
126_S_2360,0,2.053388090349076,-4.431751856298368,3,Clinical covariates
126_S_2405,0,2.00684462696783,-5.532762262357289,3,Clinical covariates
127_S_2213,1,2.943189596167009,-4.153131858842538,3,Clinical covariates
128_S_0608,0,0.3668720054757016,-0.5885400472487039,3,Clinical covariates
128_S_0611,1,1.7631759069130732,-1.3073250550621354,3,Clinical covariates
128_S_2123,0,3.901437371663244,-12.696147776522867,3,Clinical covariates
128_S_4553,0,2.026009582477755,-12.777698523577083,3,Clinical covariates
135_S_6586,0,1.0376454483230664,-5.66683021048049,3,Clinical covariates
135_S_6703,0,0.947296372347707,-2.36486552526995,3,Clinical covariates
136_S_0107,0,0.5256673511293635,-3.185332666981052,3,Clinical covariates
137_S_4351,0,5.938398357289528,-5.8522201681134005,3,Clinical covariates
153_S_2148,0,0.0027378507871321,-18.517798038678645,3,Clinical covariates
301_S_6056,0,0.0793976728268309,-4.3547527760313445,3,Clinical covariates
002_S_1155,0,6.0862422997946615,-8.8019320215475,4,Clinical covariates
003_S_0908,0,5.297741273100616,-10.378816326151854,4,Clinical covariates
003_S_6258,0,2.0451745379876796,-2.3218949822201633,4,Clinical covariates
005_S_4168,0,9.659137577002053,-11.254091938810376,4,Clinical covariates
006_S_4713,1,2.5845311430527036,-5.042923602791393,4,Clinical covariates
007_S_2394,0,0.0054757015742642,-4.4192975979743485,4,Clinical covariates
012_S_4128,0,0.2299794661190965,-3.3961251803720205,4,Clinical covariates
013_S_1120,0,0.8076659822039699,-1.8263988318573325,4,Clinical covariates
013_S_1186,1,1.1143052703627652,-3.527745850495564,4,Clinical covariates
013_S_2389,0,7.668720054757015,-7.647784230274171,4,Clinical covariates
018_S_2133,1,3.263518138261465,-1.9061525897648124,4,Clinical covariates
019_S_6483,1,1.9603011635865848,-2.5813396035094676,4,Clinical covariates
021_S_0626,1,4.008213552361396,-1.5465541164876475,4,Clinical covariates
021_S_2077,0,0.9555099247091032,-6.142350841482163,4,Clinical covariates
022_S_2167,0,0.0027378507871321,-5.54118148409982,4,Clinical covariates
022_S_6716,0,2.735112936344969,-7.772734544784995,4,Clinical covariates
023_S_0376,1,1.0431211498973303,-3.7923063032171167,4,Clinical covariates
023_S_1046,0,2.1245722108145104,-1.9576190835564666,4,Clinical covariates
023_S_4122,0,0.0191649555099247,-3.527142428470439,4,Clinical covariates
024_S_4674,0,0.0355920602327173,-5.188544154920988,4,Clinical covariates
027_S_4873,1,2.302532511978097,-2.2055579014741284,4,Clinical covariates
029_S_1218,0,0.9637234770704995,-2.1752097335072405,4,Clinical covariates
031_S_4194,0,0.1122518822724161,-9.561103397646423,4,Clinical covariates
035_S_0033,0,0.0082135523613963,-1.1257829505999688,4,Clinical covariates
035_S_0292,1,1.0704996577686516,-1.5038203046506335,4,Clinical covariates
035_S_4582,1,1.4017796030116358,-2.5095403058315946,4,Clinical covariates
036_S_4538,1,1.136208076659822,-1.093297004875817,4,Clinical covariates
037_S_0377,0,0.0985626283367556,-5.210191044171223,4,Clinical covariates
037_S_0588,1,2.461327857631759,-1.0025128813326416,4,Clinical covariates
037_S_4214,0,3.619438740588638,-7.578100533447981,4,Clinical covariates
041_S_0314,1,1.0157426420260096,-2.576076694174907,4,Clinical covariates
041_S_1260,0,1.2895277207392195,-3.834081980170833,4,Clinical covariates
041_S_4051,0,6.075290896646133,-9.14326703621912,4,Clinical covariates
041_S_4138,1,2.0479123887748116,-1.0018030085205227,4,Clinical covariates
041_S_4143,1,1.8836413415468856,-2.6854016304388324,4,Clinical covariates
041_S_4510,0,0.4271047227926078,-2.6033688167601308,4,Clinical covariates
051_S_1072,0,5.13347022587269,-10.300218994734179,4,Clinical covariates
067_S_2301,0,6.2121834360027375,-12.689019618302341,4,Clinical covariates
067_S_4054,0,2.0369609856262834,-10.555032256332565,4,Clinical covariates
067_S_4767,0,0.1560574948665297,-11.826066431136141,4,Clinical covariates
068_S_0872,1,2.844626967830253,-2.302988176645977,4,Clinical covariates
068_S_4217,0,1.7084188911704312,-6.1893612902892645,4,Clinical covariates
072_S_2027,0,0.0903490759753593,-12.411775772529571,4,Clinical covariates
072_S_4462,1,0.8268309377138946,-2.5636896636236983,4,Clinical covariates
072_S_4465,0,1.9794661190965093,-7.3730670820543684,4,Clinical covariates
072_S_4769,0,0.0164271047227926,-18.47251694951923,4,Clinical covariates
073_S_2153,0,0.0027378507871321,-8.182578642356182,4,Clinical covariates
073_S_2191,0,0.1040383299110198,-7.985478185403225,4,Clinical covariates
073_S_4614,0,4.339493497604381,-4.077652362941214,4,Clinical covariates
082_S_0928,0,0.7474332648870636,-2.528957800221201,4,Clinical covariates
094_S_4434,1,0.9418206707734428,-4.22066948549207,4,Clinical covariates
099_S_2063,0,0.0465434633812457,-3.439667369528839,4,Clinical covariates
099_S_2146,0,2.116358658453114,-25.625369423285115,4,Clinical covariates
099_S_4463,0,1.8206707734428471,-4.26638388975403,4,Clinical covariates
109_S_2200,0,0.9856262833675564,-4.414119264967144,4,Clinical covariates
114_S_0410,0,0.2874743326488706,-3.8794628017670223,4,Clinical covariates
114_S_1103,0,0.5776865160848734,-3.6833629809112067,4,Clinical covariates
114_S_5047,1,6.080766598220397,-0.9878668044421542,4,Clinical covariates
116_S_0361,1,1.0321697467488022,-0.8917946688464061,4,Clinical covariates
116_S_4175,1,2.54072553045859,-2.6634821762013905,4,Clinical covariates
123_S_2363,0,2.0506502395619437,-3.6580267194487934,4,Clinical covariates
123_S_4127,0,0.1451060917180013,-12.21794881290407,4,Clinical covariates
126_S_4891,1,1.054072553045859,-2.447862616334908,4,Clinical covariates
127_S_1032,1,7.112936344969199,-1.1390049114392569,4,Clinical covariates
127_S_2234,0,0.0301163586584531,-18.909658096276452,4,Clinical covariates
128_S_0135,1,3.0390143737166326,-3.9784170423339784,4,Clinical covariates
128_S_2002,0,0.0985626283367556,-17.388045605290753,4,Clinical covariates
128_S_2220,1,3.0362765229295,-2.846141681383728,4,Clinical covariates
128_S_4571,0,2.2039698836413417,-8.33125953307026,4,Clinical covariates
130_S_2391,1,2.809034907597536,-0.8088710750416069,4,Clinical covariates
130_S_4294,1,1.9164955509924708,-1.2748863657703193,4,Clinical covariates
130_S_4817,0,0.0082135523613963,-2.3485180754193298,4,Clinical covariates
130_S_4925,0,0.0109514031485284,-1.1261252818429501,4,Clinical covariates
130_S_6688,0,3.0992470910335386,-7.597896612581167,4,Clinical covariates
131_S_0384,0,1.9904175222450375,-8.451554535233639,4,Clinical covariates
133_S_0771,0,1.0431211498973303,-12.642884822098052,4,Clinical covariates
133_S_0912,0,1.0458590006844628,-6.035069912997007,4,Clinical covariates
137_S_0669,0,1.0403832991101984,-5.864554826666725,4,Clinical covariates
137_S_0722,0,0.1341546885694729,-5.8343522306162,4,Clinical covariates
137_S_0994,1,1.0239561943874058,-1.8524789018310346,4,Clinical covariates
137_S_4536,0,0.4928131416837782,-3.087320457898424,4,Clinical covariates
153_S_4838,0,1.0704996577686516,-4.346364845590177,4,Clinical covariates
941_S_4036,0,3.983572895277208,-4.5788007637692205,4,Clinical covariates
002_S_0782,0,0.8980150581793293,35.27559240977013,0,Regional BSC slopes
003_S_1122,1,6.151950718685832,20.108262798651236,0,Regional BSC slopes
005_S_0324,0,0.0383299110198494,51.17057789677406,0,Regional BSC slopes
005_S_2390,0,1.0732375085557837,24.316180418796446,0,Regional BSC slopes
006_S_4960,0,0.0958247775496235,32.115942831095815,0,Regional BSC slopes
009_S_4359,0,0.0109514031485284,21.39164836101149,0,Regional BSC slopes
011_S_4893,1,2.0451745379876796,49.370458083217564,0,Regional BSC slopes
012_S_1175,0,0.1177275838466803,45.833853491550556,0,Regional BSC slopes
012_S_4188,1,1.0130047912388775,56.19680144185866,0,Regional BSC slopes
014_S_0557,0,3.9370294318959616,48.343470088785146,0,Regional BSC slopes
014_S_2185,1,5.804243668720055,31.207926155042795,0,Regional BSC slopes
018_S_4868,0,0.1943874058863792,66.93495853205718,0,Regional BSC slopes
018_S_4889,0,11.0362765229295,47.28682133509145,0,Regional BSC slopes
018_S_6414,0,2.6036960985626285,53.31131107425779,0,Regional BSC slopes
022_S_1097,1,1.1143052703627652,35.90519582304398,0,Regional BSC slopes
022_S_2087,1,1.9739904175222451,65.31775015344452,0,Regional BSC slopes
022_S_4805,0,0.0164271047227926,73.10857440497527,0,Regional BSC slopes
023_S_0126,1,1.0075290896646132,72.45971743918,0,Regional BSC slopes
023_S_0331,1,1.0431211498973303,97.9506439210243,0,Regional BSC slopes
023_S_4115,1,0.9774127310061602,17.483024393180468,0,Regional BSC slopes
023_S_6334,0,1.0157426420260096,31.816059267182535,0,Regional BSC slopes
024_S_6033,0,0.0136892539356605,45.52372946653857,0,Regional BSC slopes
027_S_0408,1,0.919917864476386,73.90051898601088,0,Regional BSC slopes
027_S_0644,0,2.004106776180698,49.45326423509799,0,Regional BSC slopes
027_S_1045,0,6.094455852156058,48.398931650678634,0,Regional BSC slopes
027_S_2183,0,1.938398357289528,33.22620907372837,0,Regional BSC slopes
027_S_2219,0,2.1711156741957565,26.82809309160027,0,Regional BSC slopes
027_S_4919,1,2.43668720054757,30.55550341442279,0,Regional BSC slopes
031_S_4149,1,5.259411362080766,75.62904711957293,0,Regional BSC slopes
031_S_4476,0,2.8966461327857633,65.10213852677909,0,Regional BSC slopes
035_S_6480,0,1.9904175222450375,30.542429887075045,0,Regional BSC slopes
036_S_0945,1,1.0787132101300478,45.382154319299204,0,Regional BSC slopes
036_S_2380,1,1.6098562628336757,17.403159157802794,0,Regional BSC slopes
036_S_4736,0,0.9609856262833676,71.77770098597622,0,Regional BSC slopes
037_S_0150,1,1.7440109514031483,23.902986455023377,0,Regional BSC slopes
041_S_0679,0,2.6009582477754964,19.650314479751806,0,Regional BSC slopes
041_S_1010,1,0.5503080082135524,62.951171636797774,0,Regional BSC slopes
041_S_1425,1,1.514031485284052,43.82275806734441,0,Regional BSC slopes
052_S_4626,0,1.0184804928131417,55.58593495429788,0,Regional BSC slopes
052_S_4807,1,0.9911019849418208,48.498646058127946,0,Regional BSC slopes
053_S_0389,1,0.9637234770704995,32.2147924324038,0,Regional BSC slopes
067_S_4212,0,3.79192334017796,16.04628657305563,0,Regional BSC slopes
072_S_2083,0,0.0355920602327173,25.44552429364978,0,Regional BSC slopes
072_S_2093,0,1.2457221081451062,60.63617736535781,0,Regional BSC slopes
072_S_2116,0,1.002053388090349,20.64226224057016,0,Regional BSC slopes
072_S_4226,0,1.4154688569472964,22.44609611330601,0,Regional BSC slopes
072_S_4445,0,0.0136892539356605,76.67929190023894,0,Regional BSC slopes
072_S_4613,0,1.4428473648186173,48.453578452056995,0,Regional BSC slopes
073_S_0746,0,0.2080766598220397,17.271683085896203,0,Regional BSC slopes
073_S_4216,0,0.0082135523613963,29.101773927933603,0,Regional BSC slopes
073_S_4443,0,0.3285420944558521,48.549514900234975,0,Regional BSC slopes
073_S_4777,1,2.3572895277207393,45.04839445117456,0,Regional BSC slopes
082_S_2099,0,0.0355920602327173,90.94012300993724,0,Regional BSC slopes
082_S_2307,0,0.7392197125256673,87.45708874633684,0,Regional BSC slopes
094_S_1188,0,1.0951403148528405,45.60279012328968,0,Regional BSC slopes
094_S_2367,1,2.220396988364134,40.087473744126044,0,Regional BSC slopes
100_S_0296,0,0.7529089664613279,23.019478863618914,0,Regional BSC slopes
109_S_1114,0,0.9965776865160848,80.76928861883087,0,Regional BSC slopes
109_S_4455,0,0.9117043121149896,46.60892061435883,0,Regional BSC slopes
114_S_2392,0,3.0910335386721424,31.587759625309168,0,Regional BSC slopes
116_S_4898,0,1.1498973305954825,37.359560159831375,0,Regional BSC slopes
116_S_6550,0,3.430527036276523,26.962590151682313,0,Regional BSC slopes
126_S_0709,0,4.944558521560575,61.29542882391167,0,Regional BSC slopes
126_S_0865,1,1.002053388090349,43.948748878678856,0,Regional BSC slopes
126_S_2407,0,0.9965776865160848,48.53210314463737,0,Regional BSC slopes
126_S_4896,0,5.136208076659822,31.50714327794276,0,Regional BSC slopes
127_S_1419,0,1.2867898699520877,43.51141759876189,0,Regional BSC slopes
127_S_4624,0,0.0520191649555099,45.8712928917399,0,Regional BSC slopes
128_S_0227,1,1.3963039014373717,69.27826251456142,0,Regional BSC slopes
128_S_1088,0,0.1232032854209445,64.89782808489399,0,Regional BSC slopes
128_S_2045,0,1.0184804928131417,21.90506576736445,0,Regional BSC slopes
129_S_2332,0,0.0876112251882272,33.138189283077395,0,Regional BSC slopes
129_S_4220,0,2.0506502395619437,52.94051176112755,0,Regional BSC slopes
129_S_4287,0,1.1718001368925393,43.94421821044502,0,Regional BSC slopes
130_S_0505,0,5.305954825462012,21.97726297164929,0,Regional BSC slopes
130_S_6604,1,3.7371663244353184,40.106278934689385,0,Regional BSC slopes
135_S_4722,0,2.85284052019165,38.80400527542509,0,Regional BSC slopes
135_S_6446,0,2.0123203285420943,29.620840604616387,0,Regional BSC slopes
136_S_0874,1,0.6132785763175906,49.89869726923435,0,Regional BSC slopes
137_S_0481,0,1.0321697467488022,77.72088100883703,0,Regional BSC slopes
137_S_0800,0,0.731006160164271,20.45619225389638,0,Regional BSC slopes
137_S_0973,1,1.2566735112936345,76.25632253786699,0,Regional BSC slopes
137_S_4623,1,1.0157426420260096,57.967685096003684,0,Regional BSC slopes
168_S_6180,0,3.2580424366872007,23.99900791990285,0,Regional BSC slopes
002_S_4521,1,0.9117043121149896,77.38891712430474,1,Regional BSC slopes
002_S_4799,0,6.264202600958248,35.776497088608004,1,Regional BSC slopes
007_S_4272,1,0.9883641341546886,33.35674399081175,1,Regional BSC slopes
009_S_5000,0,1.1937029431895962,71.84924488071788,1,Regional BSC slopes
011_S_4235,0,1.0787132101300478,74.41449213236427,1,Regional BSC slopes
012_S_0634,0,1.0239561943874058,74.50428332211875,1,Regional BSC slopes
012_S_1321,0,0.0684462696783025,56.38928042889324,1,Regional BSC slopes
012_S_4012,0,0.0520191649555099,33.08834598007588,1,Regional BSC slopes
013_S_1275,0,0.5776865160848734,106.26963491915474,1,Regional BSC slopes
014_S_4328,0,0.0301163586584531,52.45071182087889,1,Regional BSC slopes
016_S_4646,0,0.188911704312115,57.88609018727237,1,Regional BSC slopes
016_S_5007,0,0.0574948665297741,52.926699445718604,1,Regional BSC slopes
019_S_6635,0,0.0191649555099247,59.510697977966096,1,Regional BSC slopes
021_S_0231,1,0.5037645448323066,61.15190529659878,1,Regional BSC slopes
021_S_2100,0,0.9965776865160848,41.99770807094881,1,Regional BSC slopes
021_S_4245,1,2.0917180013689256,31.82914976635778,1,Regional BSC slopes
022_S_4444,0,0.2847364818617385,66.69072399068624,1,Regional BSC slopes
024_S_2239,0,3.797399041752224,24.456389723200434,1,Regional BSC slopes
027_S_0835,1,0.459958932238193,45.22004224301887,1,Regional BSC slopes
027_S_1277,0,0.0410677618069815,62.51512878111897,1,Regional BSC slopes
027_S_1387,1,0.5256673511293635,59.877576877315825,1,Regional BSC slopes
027_S_4926,0,9.612594113620808,60.49891936894742,1,Regional BSC slopes
029_S_1318,1,2.841889117043121,59.474644450666986,1,Regional BSC slopes
029_S_2376,0,2.346338124572211,41.21848125679309,1,Regional BSC slopes
031_S_2022,0,3.540041067761807,55.19979045551354,1,Regional BSC slopes
032_S_2247,0,0.0958247775496235,9.733241736591086,1,Regional BSC slopes
033_S_0513,1,1.0157426420260096,49.70424447555178,1,Regional BSC slopes
033_S_0514,1,1.9712525667351128,61.26679295604641,1,Regional BSC slopes
033_S_1116,1,1.4674880219028064,52.32978064494925,1,Regional BSC slopes
036_S_0656,0,0.9828884325804244,54.70046989506838,1,Regional BSC slopes
036_S_0869,1,0.5284052019164955,74.12908284203921,1,Regional BSC slopes
036_S_1135,1,0.4982888432580424,88.20478228235496,1,Regional BSC slopes
037_S_0501,1,1.212867898699521,41.61381310939179,1,Regional BSC slopes
037_S_1421,0,0.0465434633812457,55.14455040834962,1,Regional BSC slopes
037_S_4146,0,0.0438056125941136,19.134764500157104,1,Regional BSC slopes
041_S_1418,0,0.0054757015742642,21.717884734944334,1,Regional BSC slopes
041_S_4271,1,0.9089664613278576,19.329814782392486,1,Regional BSC slopes
052_S_0671,1,4.20807665982204,31.39682624424872,1,Regional BSC slopes
052_S_1352,0,0.0958247775496235,23.425487546692136,1,Regional BSC slopes
052_S_4885,1,2.242299794661191,44.63782043072576,1,Regional BSC slopes
052_S_4944,0,5.993155373032169,54.1180643689435,1,Regional BSC slopes
053_S_0621,0,1.431895961670089,31.66546364591317,1,Regional BSC slopes
057_S_1265,1,1.054072553045859,60.47487953841399,1,Regional BSC slopes
057_S_1269,0,4.024640657084189,35.2027299856288,1,Regional BSC slopes
067_S_4072,0,1.2785763175906912,44.11751879984191,1,Regional BSC slopes
067_S_4782,1,2.026009582477755,20.696185572925383,1,Regional BSC slopes
068_S_2168,0,1.700205338809035,28.567305136121107,1,Regional BSC slopes
070_S_6236,1,2.565366187542779,23.50085832809643,1,Regional BSC slopes
072_S_1380,0,0.8350444900752909,29.899382376487857,1,Regional BSC slopes
072_S_2037,0,1.1909650924024642,43.19066412395838,1,Regional BSC slopes
072_S_4383,0,1.163586584531143,27.90457518931938,1,Regional BSC slopes
073_S_0909,1,0.9938398357289528,77.03159769649415,1,Regional BSC slopes
073_S_2190,0,0.191649555099247,43.11516714242707,1,Regional BSC slopes
073_S_2264,0,1.136208076659822,52.588461323264795,1,Regional BSC slopes
073_S_4259,0,0.0054757015742642,24.739710356517094,1,Regional BSC slopes
098_S_2052,0,1.1471594798083504,39.39099563130596,1,Regional BSC slopes
099_S_4205,0,2.967830253251198,75.23785949016133,1,Regional BSC slopes
099_S_4498,0,0.0136892539356605,64.4226363160329,1,Regional BSC slopes
114_S_1106,1,3.1129363449691994,39.76188624822443,1,Regional BSC slopes
114_S_1118,0,5.100616016427105,59.97573751450199,1,Regional BSC slopes
123_S_2055,0,0.0027378507871321,45.01445804358896,1,Regional BSC slopes
126_S_4514,0,2.0342231348391513,46.48374794144468,1,Regional BSC slopes
127_S_0112,1,6.1273100616016425,20.71365470964523,1,Regional BSC slopes
127_S_0925,1,6.034223134839151,45.13651816621005,1,Regional BSC slopes
127_S_4197,1,1.0732375085557837,34.287621804622354,1,Regional BSC slopes
127_S_4301,0,0.3969883641341546,25.39887504414719,1,Regional BSC slopes
127_S_4765,1,1.0376454483230664,49.51475138503331,1,Regional BSC slopes
128_S_0225,0,8.049281314168377,71.69181720090775,1,Regional BSC slopes
128_S_4653,0,1.9630390143737169,50.68395405217226,1,Regional BSC slopes
128_S_4842,0,0.0903490759753593,60.74167370394713,1,Regional BSC slopes
128_S_5066,0,1.0184804928131417,38.53356024068271,1,Regional BSC slopes
129_S_2347,0,0.0082135523613963,50.7745231478717,1,Regional BSC slopes
129_S_6830,0,0.6543463381245722,34.845646468049274,1,Regional BSC slopes
130_S_0102,0,1.4948665297741273,63.18903959440127,1,Regional BSC slopes
130_S_4417,0,0.0246406570841889,26.2245389281302,1,Regional BSC slopes
133_S_0792,0,1.056810403832991,64.8411970731544,1,Regional BSC slopes
137_S_0443,0,0.8295687885010267,36.863716586875384,1,Regional BSC slopes
137_S_4331,1,2.0150581793292264,39.53405907635073,1,Regional BSC slopes
137_S_4631,1,2.0177960301163584,52.88893437058811,1,Regional BSC slopes
141_S_4160,0,0.0438056125941136,21.107314043259464,1,Regional BSC slopes
141_S_4232,0,0.1232032854209445,28.62919696944378,1,Regional BSC slopes
301_S_6297,0,2.11088295687885,85.5045577915154,1,Regional BSC slopes
305_S_6378,0,0.4271047227926078,37.849235653071666,1,Regional BSC slopes
941_S_4187,0,0.0109514031485284,23.276699533186566,1,Regional BSC slopes
002_S_1070,1,0.109514031485284,58.321692139312816,2,Regional BSC slopes
002_S_4229,0,0.0027378507871321,28.714582532102078,2,Regional BSC slopes
003_S_1074,1,0.9363449691991786,28.547272753901044,2,Regional BSC slopes
003_S_4354,1,2.3956194387405887,36.78023158598173,2,Regional BSC slopes
003_S_6268,0,2.113620807665982,31.935708373342106,2,Regional BSC slopes
005_S_4185,0,0.0109514031485284,27.357240215713425,2,Regional BSC slopes
006_S_4679,0,1.4702258726899384,90.20550974117731,2,Regional BSC slopes
007_S_4467,0,1.1498973305954825,46.34772460365904,2,Regional BSC slopes
009_S_2208,0,0.0027378507871321,24.914849618644595,2,Regional BSC slopes
011_S_0362,1,0.9582477754962354,49.226029093967895,2,Regional BSC slopes
013_S_4395,0,9.3305954825462,33.938342629177896,2,Regional BSC slopes
014_S_0169,0,5.073237508555784,41.55788448660567,2,Regional BSC slopes
016_S_0702,1,0.4818617385352498,39.30052660799054,2,Regional BSC slopes
016_S_0769,1,0.5284052019164955,64.19104804466687,2,Regional BSC slopes
016_S_1117,1,1.434633812457221,54.02296328096723,2,Regional BSC slopes
018_S_0142,1,5.812457221081451,47.19254186243031,2,Regional BSC slopes
019_S_4285,0,0.0164271047227926,41.87499699411027,2,Regional BSC slopes
021_S_0276,1,4.010951403148528,43.94713651515757,2,Regional BSC slopes
021_S_0424,1,1.0595482546201231,55.84319909166956,2,Regional BSC slopes
022_S_5004,0,2.6803559206023273,30.73807563963688,2,Regional BSC slopes
024_S_4169,0,0.0602327173169062,38.588386338334956,2,Regional BSC slopes
024_S_4392,0,0.0082135523613963,40.47505841185314,2,Regional BSC slopes
027_S_0307,0,4.123203285420945,42.81088476599074,2,Regional BSC slopes
029_S_0914,1,5.114305270362765,53.137056605443235,2,Regional BSC slopes
029_S_1073,1,1.0239561943874058,35.569008118479346,2,Regional BSC slopes
029_S_2395,0,0.0027378507871321,37.59492994839808,2,Regional BSC slopes
031_S_0867,0,4.068446269678303,29.498114167808637,2,Regional BSC slopes
032_S_0187,1,0.5284052019164955,84.73873497031913,2,Regional BSC slopes
032_S_0718,0,0.0191649555099247,74.81582065440317,2,Regional BSC slopes
033_S_1309,0,0.0136892539356605,63.228975603637814,2,Regional BSC slopes
036_S_0976,1,1.0184804928131417,80.58324525745076,2,Regional BSC slopes
036_S_4714,1,1.952087611225188,52.73562301165745,2,Regional BSC slopes
037_S_1225,1,0.5968514715947981,84.9458805559129,2,Regional BSC slopes
037_S_4030,1,0.9883641341546886,33.618987803427174,2,Regional BSC slopes
037_S_4302,0,0.027378507871321,23.60017013681403,2,Regional BSC slopes
037_S_4750,0,1.051334702258727,41.109855043331926,2,Regional BSC slopes
041_S_4720,1,1.1745379876796715,81.0572031269221,2,Regional BSC slopes
041_S_4874,0,2.535249828884326,12.525238383583543,2,Regional BSC slopes
041_S_4877,0,0.027378507871321,41.677827050084474,2,Regional BSC slopes
041_S_4974,1,3.4277891854893907,40.10220410444015,2,Regional BSC slopes
041_S_4989,0,1.3470225872689938,51.01807121777167,2,Regional BSC slopes
051_S_1131,0,1.702943189596167,52.85927144066946,2,Regional BSC slopes
052_S_2249,0,0.1423682409308692,26.440364917881162,2,Regional BSC slopes
053_S_0919,0,1.0157426420260096,20.110983433069183,2,Regional BSC slopes
053_S_2357,0,1.264887063655031,23.36428977807665,2,Regional BSC slopes
053_S_4557,0,3.0417522245037647,53.22335910632296,2,Regional BSC slopes
053_S_4813,0,0.2847364818617385,27.672622802953722,2,Regional BSC slopes
062_S_1182,0,0.9801505817932924,60.67004434018615,2,Regional BSC slopes
067_S_2304,0,3.9452429842573578,29.494984057375262,2,Regional BSC slopes
072_S_2164,0,1.08145106091718,32.83702200331512,2,Regional BSC slopes
072_S_4206,0,1.4647501711156743,28.967237895198497,2,Regional BSC slopes
072_S_4539,0,0.9664613278576316,30.614017435042584,2,Regional BSC slopes
072_S_4871,0,1.2511978097193703,57.02441898575064,2,Regional BSC slopes
073_S_4300,0,0.8459958932238193,69.72253992779858,2,Regional BSC slopes
094_S_0921,0,0.3066392881587953,57.50169220163297,2,Regional BSC slopes
094_S_1417,0,1.0130047912388775,26.468121015930166,2,Regional BSC slopes
094_S_4858,0,0.5859000684462696,35.80136000787788,2,Regional BSC slopes
098_S_0160,1,1.0787132101300478,43.73054347142261,2,Regional BSC slopes
098_S_2079,0,1.700205338809035,32.928612368512,2,Regional BSC slopes
099_S_0051,1,2.642026009582478,57.62090588557569,2,Regional BSC slopes
099_S_1034,0,1.5906913073237507,54.55975061941249,2,Regional BSC slopes
109_S_0950,0,1.0349075975359343,53.69144284159533,2,Regional BSC slopes
109_S_1183,0,0.9938398357289528,51.31464387983597,2,Regional BSC slopes
109_S_4380,0,0.3805612594113621,34.72188061969036,2,Regional BSC slopes
114_S_0378,1,2.7214236824093088,52.320887566323556,2,Regional BSC slopes
123_S_4806,0,0.9363449691991786,55.23746133160664,2,Regional BSC slopes
126_S_1187,0,3.975359342915811,38.85887574761647,2,Regional BSC slopes
127_S_1140,0,0.0766598220396988,57.32929584080499,2,Regional BSC slopes
128_S_0188,0,0.5530458590006845,27.605209687414696,2,Regional BSC slopes
129_S_1246,0,4.0,31.804670592062486,2,Regional BSC slopes
130_S_0285,1,4.435318275154004,35.66786911714813,2,Regional BSC slopes
130_S_0449,0,0.974674880219028,92.99812553797575,2,Regional BSC slopes
130_S_0783,0,1.0075290896646132,32.645028766137294,2,Regional BSC slopes
130_S_2373,1,1.1690622861054072,56.566274973607264,2,Regional BSC slopes
130_S_4883,0,3.0992470910335386,48.8276093072019,2,Regional BSC slopes
133_S_0727,1,0.4736481861738535,79.05033225477816,2,Regional BSC slopes
137_S_0158,0,0.0465434633812457,53.63399170115527,2,Regional BSC slopes
137_S_4299,0,0.4845995893223819,25.638762923822494,2,Regional BSC slopes
137_S_4678,0,1.0349075975359343,44.487820206958844,2,Regional BSC slopes
141_S_1052,0,0.027378507871321,25.023243589113903,2,Regional BSC slopes
141_S_1378,0,0.0876112251882272,24.36988794462457,2,Regional BSC slopes
153_S_4077,0,0.0355920602327173,40.75758393208256,2,Regional BSC slopes
168_S_6541,1,3.293634496919918,33.14199075664286,2,Regional BSC slopes
002_S_1268,1,0.9774127310061602,48.28317581442299,3,Regional BSC slopes
002_S_4237,0,0.0027378507871321,54.76762588082781,3,Regional BSC slopes
005_S_0448,1,5.963039014373717,56.08049287449964,3,Regional BSC slopes
005_S_0546,0,5.281314168377824,62.7834584788956,3,Regional BSC slopes
005_S_1224,1,1.0184804928131417,68.15432274042347,3,Regional BSC slopes
006_S_4363,1,0.9883641341546886,56.66838898759478,3,Regional BSC slopes
006_S_6243,0,0.0219028062970568,33.209750299385306,3,Regional BSC slopes
007_S_0101,1,0.4955509924709103,38.70233158921504,3,Regional BSC slopes
007_S_0698,1,4.191649555099247,35.40768942112342,3,Regional BSC slopes
009_S_1030,1,1.3059548254620124,32.398696373610704,3,Regional BSC slopes
011_S_1080,1,1.0924024640657084,66.51069418961777,3,Regional BSC slopes
011_S_4547,1,1.45927446954141,26.48335606460324,3,Regional BSC slopes
012_S_1165,0,0.1204654346338124,34.03004411939361,3,Regional BSC slopes
014_S_0563,1,0.9965776865160848,54.81381821583753,3,Regional BSC slopes
016_S_2007,1,3.373032169746749,62.61565820709829,3,Regional BSC slopes
016_S_2031,0,1.136208076659822,39.86734711597587,3,Regional BSC slopes
018_S_0155,1,1.4921286789869952,49.92031056880227,3,Regional BSC slopes
018_S_2155,1,0.974674880219028,27.26257900132353,3,Regional BSC slopes
018_S_2180,0,4.39151266255989,18.18040854366707,3,Regional BSC slopes
018_S_4809,0,0.2245037645448323,47.69559441063171,3,Regional BSC slopes
021_S_0178,0,0.0136892539356605,34.37182884189308,3,Regional BSC slopes
021_S_0273,0,0.0027378507871321,49.09037796414581,3,Regional BSC slopes
021_S_4419,0,0.0027378507871321,36.146946936869924,3,Regional BSC slopes
021_S_4659,1,1.0102669404517457,44.244628541349364,3,Regional BSC slopes
022_S_1351,1,0.9965776865160848,66.71228609972273,3,Regional BSC slopes
022_S_2263,0,0.0383299110198494,26.99430300279175,3,Regional BSC slopes
027_S_0116,0,4.079397672826831,32.06718926117768,3,Regional BSC slopes
031_S_0351,0,0.0602327173169062,38.841346652699464,3,Regional BSC slopes
031_S_0830,1,1.0732375085557837,34.143573129012886,3,Regional BSC slopes
031_S_4029,0,1.7248459958932238,58.249361479972514,3,Regional BSC slopes
032_S_2119,0,0.0739219712525667,21.577943053874602,3,Regional BSC slopes
035_S_2061,0,1.0184804928131417,32.769463020906535,3,Regional BSC slopes
036_S_0673,0,1.297741273100616,43.03754578678518,3,Regional BSC slopes
036_S_1240,1,0.5147159479808351,90.88621678638687,3,Regional BSC slopes
037_S_0566,1,1.3716632443531829,65.94755993657097,3,Regional BSC slopes
037_S_1078,1,0.9774127310061602,35.087031639509014,3,Regional BSC slopes
037_S_4381,0,9.44558521560575,65.29042105498442,3,Regional BSC slopes
041_S_4004,0,3.8302532511978096,28.39363399520328,3,Regional BSC slopes
052_S_0989,0,2.403832991101985,22.68860222924833,3,Regional BSC slopes
052_S_1346,1,0.9911019849418208,38.239135774909116,3,Regional BSC slopes
067_S_0607,0,0.7446954140999316,77.12610410264521,3,Regional BSC slopes
067_S_2195,1,1.0294318959616702,25.683432818063828,3,Regional BSC slopes
067_S_2196,0,4.848733744010952,36.12375800568096,3,Regional BSC slopes
067_S_4184,0,7.728952772073922,33.609455226497886,3,Regional BSC slopes
068_S_1075,0,1.5852156057494866,47.404959271253325,3,Regional BSC slopes
068_S_2315,0,0.2053388090349076,29.65286008061613,3,Regional BSC slopes
068_S_4061,0,0.0027378507871321,22.92516216237925,3,Regional BSC slopes
068_S_4067,0,0.191649555099247,50.799307951983636,3,Regional BSC slopes
068_S_4332,0,4.9253935660506505,31.515817828169176,3,Regional BSC slopes
072_S_2072,0,1.0130047912388775,28.180161434041246,3,Regional BSC slopes
072_S_4063,0,1.593429158110883,31.45952131521476,3,Regional BSC slopes
072_S_4390,0,0.9418206707734428,73.96246449554849,3,Regional BSC slopes
072_S_4394,0,1.0431211498973303,29.194233720586915,3,Regional BSC slopes
072_S_4522,0,0.5859000684462696,28.416283703632875,3,Regional BSC slopes
072_S_4941,0,0.9774127310061602,66.10728004495711,3,Regional BSC slopes
073_S_2225,0,1.0212183436002735,35.65250383415639,3,Regional BSC slopes
073_S_4311,0,0.0027378507871321,28.059810663302976,3,Regional BSC slopes
073_S_4312,0,0.0054757015742642,23.078670954463586,3,Regional BSC slopes
073_S_4360,0,0.2135523613963039,46.88595796771298,3,Regional BSC slopes
082_S_2121,0,3.3127994524298425,27.28008997297108,3,Regional BSC slopes
094_S_1293,0,0.8268309377138946,71.5930913063426,3,Regional BSC slopes
094_S_2238,0,2.6365503080082138,35.74261370737051,3,Regional BSC slopes
094_S_4630,0,0.4955509924709103,49.956857041876326,3,Regional BSC slopes
099_S_4157,1,0.9774127310061602,90.99314380081799,3,Regional BSC slopes
100_S_4556,0,3.2306639288158796,23.369867240473347,3,Regional BSC slopes
114_S_4404,1,1.8617385352498288,38.84531128267681,3,Regional BSC slopes
116_S_0649,1,0.5311430527036276,106.82209238323782,3,Regional BSC slopes
116_S_4199,0,4.884325804243669,28.888042956684426,3,Regional BSC slopes
116_S_4635,0,0.0164271047227926,36.70996152250628,3,Regional BSC slopes
123_S_4780,0,1.0102669404517457,47.40914639092335,3,Regional BSC slopes
126_S_2360,0,2.053388090349076,76.44613202756081,3,Regional BSC slopes
126_S_2405,0,2.00684462696783,43.78051231933096,3,Regional BSC slopes
127_S_2213,1,2.943189596167009,36.85015525824236,3,Regional BSC slopes
128_S_0608,0,0.3668720054757016,78.43900845792884,3,Regional BSC slopes
128_S_0611,1,1.7631759069130732,79.76505025167648,3,Regional BSC slopes
128_S_2123,0,3.901437371663244,53.57952375378819,3,Regional BSC slopes
128_S_4553,0,2.026009582477755,46.96775554488635,3,Regional BSC slopes
135_S_6586,0,1.0376454483230664,41.548966819408754,3,Regional BSC slopes
135_S_6703,0,0.947296372347707,50.894418961355484,3,Regional BSC slopes
136_S_0107,0,0.5256673511293635,28.625741782375883,3,Regional BSC slopes
137_S_4351,0,5.938398357289528,28.392263465856416,3,Regional BSC slopes
153_S_2148,0,0.0027378507871321,51.777355631343156,3,Regional BSC slopes
301_S_6056,0,0.0793976728268309,32.03027291060996,3,Regional BSC slopes
002_S_1155,0,6.0862422997946615,17.36071613629627,4,Regional BSC slopes
003_S_0908,0,5.297741273100616,17.42589049005723,4,Regional BSC slopes
003_S_6258,0,2.0451745379876796,42.63758771799555,4,Regional BSC slopes
005_S_4168,0,9.659137577002053,54.88089470203394,4,Regional BSC slopes
006_S_4713,1,2.5845311430527036,18.7250579604929,4,Regional BSC slopes
007_S_2394,0,0.0054757015742642,20.773427802515517,4,Regional BSC slopes
012_S_4128,0,0.2299794661190965,38.110752232613436,4,Regional BSC slopes
013_S_1120,0,0.8076659822039699,81.97297108415599,4,Regional BSC slopes
013_S_1186,1,1.1143052703627652,19.339816077160272,4,Regional BSC slopes
013_S_2389,0,7.668720054757015,31.618964355580253,4,Regional BSC slopes
018_S_2133,1,3.263518138261465,28.982321383101407,4,Regional BSC slopes
019_S_6483,1,1.9603011635865848,39.788294307787886,4,Regional BSC slopes
021_S_0626,1,4.008213552361396,29.05576023833842,4,Regional BSC slopes
021_S_2077,0,0.9555099247091032,27.205726389547113,4,Regional BSC slopes
022_S_2167,0,0.0027378507871321,20.43431619871638,4,Regional BSC slopes
022_S_6716,0,2.735112936344969,55.315136745808935,4,Regional BSC slopes
023_S_0376,1,1.0431211498973303,89.1724764991674,4,Regional BSC slopes
023_S_1046,0,2.1245722108145104,47.5151145373783,4,Regional BSC slopes
023_S_4122,0,0.0191649555099247,28.309989529390556,4,Regional BSC slopes
024_S_4674,0,0.0355920602327173,26.347367818620807,4,Regional BSC slopes
027_S_4873,1,2.302532511978097,32.080058402345514,4,Regional BSC slopes
029_S_1218,0,0.9637234770704995,41.79234551329985,4,Regional BSC slopes
031_S_4194,0,0.1122518822724161,40.77665394372412,4,Regional BSC slopes
035_S_0033,0,0.0082135523613963,55.022870233226676,4,Regional BSC slopes
035_S_0292,1,1.0704996577686516,51.64779457154804,4,Regional BSC slopes
035_S_4582,1,1.4017796030116358,47.274346958135915,4,Regional BSC slopes
036_S_4538,1,1.136208076659822,31.85173342096609,4,Regional BSC slopes
037_S_0377,0,0.0985626283367556,16.17996634414047,4,Regional BSC slopes
037_S_0588,1,2.461327857631759,91.48614405467563,4,Regional BSC slopes
037_S_4214,0,3.619438740588638,21.269521883191747,4,Regional BSC slopes
041_S_0314,1,1.0157426420260096,92.36604776597163,4,Regional BSC slopes
041_S_1260,0,1.2895277207392195,17.804971008654743,4,Regional BSC slopes
041_S_4051,0,6.075290896646133,33.19127826131629,4,Regional BSC slopes
041_S_4138,1,2.0479123887748116,51.67185476648398,4,Regional BSC slopes
041_S_4143,1,1.8836413415468856,56.13272606712352,4,Regional BSC slopes
041_S_4510,0,0.4271047227926078,41.62927740889656,4,Regional BSC slopes
051_S_1072,0,5.13347022587269,28.381149251015312,4,Regional BSC slopes
067_S_2301,0,6.2121834360027375,10.622590885521308,4,Regional BSC slopes
067_S_4054,0,2.0369609856262834,28.736682381583627,4,Regional BSC slopes
067_S_4767,0,0.1560574948665297,36.022051310431735,4,Regional BSC slopes
068_S_0872,1,2.844626967830253,56.017262587002215,4,Regional BSC slopes
068_S_4217,0,1.7084188911704312,58.56984090522142,4,Regional BSC slopes
072_S_2027,0,0.0903490759753593,26.57949978761161,4,Regional BSC slopes
072_S_4462,1,0.8268309377138946,74.70883843286296,4,Regional BSC slopes
072_S_4465,0,1.9794661190965093,35.02323601131684,4,Regional BSC slopes
072_S_4769,0,0.0164271047227926,88.80513844381694,4,Regional BSC slopes
073_S_2153,0,0.0027378507871321,48.450148979332006,4,Regional BSC slopes
073_S_2191,0,0.1040383299110198,19.441871964406772,4,Regional BSC slopes
073_S_4614,0,4.339493497604381,60.38935848119734,4,Regional BSC slopes
082_S_0928,0,0.7474332648870636,79.73187088765431,4,Regional BSC slopes
094_S_4434,1,0.9418206707734428,58.67027816954924,4,Regional BSC slopes
099_S_2063,0,0.0465434633812457,40.683272031413786,4,Regional BSC slopes
099_S_2146,0,2.116358658453114,41.184573220726946,4,Regional BSC slopes
099_S_4463,0,1.8206707734428471,87.18214819443857,4,Regional BSC slopes
109_S_2200,0,0.9856262833675564,50.53120840002024,4,Regional BSC slopes
114_S_0410,0,0.2874743326488706,100.51517635466935,4,Regional BSC slopes
114_S_1103,0,0.5776865160848734,53.70950082035966,4,Regional BSC slopes
114_S_5047,1,6.080766598220397,40.04601745276788,4,Regional BSC slopes
116_S_0361,1,1.0321697467488022,21.262967691190177,4,Regional BSC slopes
116_S_4175,1,2.54072553045859,24.647686410258967,4,Regional BSC slopes
123_S_2363,0,2.0506502395619437,44.88826794602931,4,Regional BSC slopes
123_S_4127,0,0.1451060917180013,23.830619921819938,4,Regional BSC slopes
126_S_4891,1,1.054072553045859,30.286686964304494,4,Regional BSC slopes
127_S_1032,1,7.112936344969199,48.13804766827448,4,Regional BSC slopes
127_S_2234,0,0.0301163586584531,27.87896321352329,4,Regional BSC slopes
128_S_0135,1,3.0390143737166326,93.22309461919787,4,Regional BSC slopes
128_S_2002,0,0.0985626283367556,26.252170204407726,4,Regional BSC slopes
128_S_2220,1,3.0362765229295,26.47609571658261,4,Regional BSC slopes
128_S_4571,0,2.2039698836413417,24.023639238996363,4,Regional BSC slopes
130_S_2391,1,2.809034907597536,29.225854673742674,4,Regional BSC slopes
130_S_4294,1,1.9164955509924708,40.98185509248693,4,Regional BSC slopes
130_S_4817,0,0.0082135523613963,44.08200990280263,4,Regional BSC slopes
130_S_4925,0,0.0109514031485284,62.74845365655712,4,Regional BSC slopes
130_S_6688,0,3.0992470910335386,25.402662322562687,4,Regional BSC slopes
131_S_0384,0,1.9904175222450375,26.777293576257513,4,Regional BSC slopes
133_S_0771,0,1.0431211498973303,90.80213025895523,4,Regional BSC slopes
133_S_0912,0,1.0458590006844628,50.89323408278956,4,Regional BSC slopes
137_S_0669,0,1.0403832991101984,62.59955181128993,4,Regional BSC slopes
137_S_0722,0,0.1341546885694729,38.45098620711907,4,Regional BSC slopes
137_S_0994,1,1.0239561943874058,25.911749887827646,4,Regional BSC slopes
137_S_4536,0,0.4928131416837782,24.90929281595485,4,Regional BSC slopes
153_S_4838,0,1.0704996577686516,38.41394031528822,4,Regional BSC slopes
941_S_4036,0,3.983572895277208,21.506033393653457,4,Regional BSC slopes
