variable,converters,stable,overall,p,n_missing
N,133,284,417,,0
"Age at landmark, y",77.7 (7.2),76.6 (7.8),76.9 (7.6),0.182,0
Female,49 (36.8%),115 (40.5%),164 (39.3%),0.519,0
"Education, y",16.2 (2.7),16.2 (2.7),16.2 (2.7),0.973,0
APOE4 alleles,0.77 (0.74),0.41 (0.60),0.53 (0.67),<0.001,0
APOE4 carrier,78 (58.6%),101 (35.6%),179 (42.9%),<0.001,0
MMSE,26.2 (2.4),27.9 (2.5),27.3 (2.6),<0.001,6
ADAS-Cog13,20.9 (7.1),14.1 (7.8),16.3 (8.2),<0.001,7
CDR-SB,2.56 (1.29),1.30 (1.28),1.72 (1.41),<0.001,15
3T at landmark,67 (50.4%),214 (75.4%),281 (67.4%),<0.001,0
Switched field strength,19 (14.3%),31 (10.9%),50 (12.0%),0.335,0
Scans in window,4.93 (1.45),5.62 (1.90),5.40 (1.79),<0.001,0
"Window span, y",3.19 (2.19),4.65 (3.24),4.18 (3.02),<0.001,0
"Follow-up after last scan, y",1.91 (1.48),1.58 (2.00),1.69 (1.86),<0.001,0
