model,feature_set,n_features,cv_cindex_mean,cv_cindex_sd,n_folds,cv_auc_2.0y,cv_auc_3.0y,cv_auc_1.0y,cv_uno_c,holdout_cindex,sign_flipped
xgb_aft,F9b_cov_regional_stdmri,139,0.8130051903100078,0.02592773774127095,5,0.870962540764514,0.8834260348299707,0.8390552205295393,0.796906389445651,0.7065637065637066,0
aft_weibull,F4b_cov_adsig,9,0.8005290589911012,0.03792104193337157,5,0.8392402755484059,0.8766013293996293,0.804964401174842,0.7952221317732373,0.7438867438867439,0
cox_l2,F4b_cov_adsig,9,0.7954531984344222,0.03825530410256604,5,0.8296974405591959,0.8806825872694579,0.8065851818808095,0.7904532152486186,0.749034749034749,0
rsf,F7_cov_regional,70,0.7915448042948918,0.051467105191556416,5,0.8418354503036392,0.8519442031316368,0.7984758026903032,0.7789342776055546,0.7168597168597168,0
aft_loglogistic,F4b_cov_adsig,9,0.791449513523669,0.029574680252390788,5,0.8276734034849291,0.8677230340368329,0.8001679483897133,0.7888279998085795,0.7451737451737451,0
aft_weibull,F0_covariates,8,0.7912249716075068,0.04295145076103123,5,0.8374639233031367,0.867480198778852,0.7859991304877075,0.787511540500941,0.7400257400257401,0
cox_l2,F8_cov_stdmri,77,0.7907308501676926,0.025528034568744556,5,0.8382536464175934,0.8451653233778769,0.7948891939939788,0.7787310446376795,0.7078507078507078,0
cox_l2,F9c_cov_adsig_stdmri,78,0.7902382907430073,0.02630966637436036,5,0.8385979491655202,0.8444536722203704,0.7938435044845852,0.77833925439217,0.7142857142857143,0
cox_l2,F0_covariates,8,0.7893587102829175,0.037525321884154555,5,0.8257034012807685,0.8804713368936193,0.7941379742896151,0.7842783521181437,0.7348777348777349,0
xgb_aft,F7_cov_regional,70,0.7887754786962636,0.039513171742677,5,0.8308440074145459,0.8574674938899249,0.7978970274836351,0.7820171859498628,0.7027027027027027,0
cox_lasso,F0_covariates,8,0.7884893602004451,0.038769302419809346,5,0.8305594648716275,0.8698638675358925,0.8007163810935903,0.7866807491753648,0.749034749034749,0
aft_loglogistic,F0_covariates,8,0.7884858218369519,0.026513004489591055,5,0.8288207928217487,0.8708549442337045,0.7873030342110143,0.786458444053137,0.7374517374517374,0
cox_lasso,F6_cov_bsc,41,0.7883470634727826,0.039016105703234334,5,0.8326846498864839,0.8725808342611797,0.8003051827792594,0.7855932558083967,0.7503217503217503,0
aft_lognormal,F4b_cov_adsig,9,0.7882126785849358,0.03248464320510887,5,0.8256540983405827,0.859698256239032,0.7987702862383316,0.7844734859196303,0.7477477477477478,0
cox_lasso,F4b_cov_adsig,9,0.7881353778995603,0.03932877947549978,5,0.8257863055654949,0.871345568583292,0.8030528586617669,0.7857142539315899,0.752895752895753,0
rsf,F9b_cov_regional_stdmri,139,0.7877661721547997,0.05505314519151084,5,0.8569163252696896,0.846080435014746,0.8083998552846239,0.7659997896108481,0.7014157014157014,0
xgb_aft,F6_cov_bsc,41,0.7873968243606018,0.03007475157657081,5,0.8428950725279958,0.8664824201948363,0.789616028141358,0.786541417604304,0.7374517374517374,0
cox_l2,F9b_cov_regional_stdmri,139,0.7858679844154325,0.03412840373489107,5,0.8247650068853842,0.8324219816296712,0.8078834693983035,0.7729943223765366,0.7104247104247104,0
cox_lasso,F9_cov_bsc_stdmri,110,0.7840529166411587,0.02465749723181754,5,0.8242174464094957,0.856862744585954,0.798177758424622,0.7726215612715317,0.7451737451737451,0
xgb_aft,F4b_cov_adsig,9,0.7835709810121403,0.03176817565110158,5,0.816939921772547,0.8493220222288315,0.8072494831841684,0.7791394451597748,0.7425997425997426,0
aft_lognormal,F0_covariates,8,0.7832080214568335,0.03426092292627675,5,0.8278127557328533,0.8660402849691291,0.7811358023980812,0.7824186674161198,0.7425997425997426,0
cox_lasso,F9c_cov_adsig_stdmri,78,0.7830879092424236,0.026813355449006517,5,0.8216849408572708,0.8510315370650956,0.7956836571798218,0.7726298571579913,0.7361647361647362,0
cox_lasso,F8_cov_stdmri,77,0.7830879092424236,0.026813355449006517,5,0.8216849408572708,0.8510315370650956,0.7956836571798218,0.7726298571579913,0.7361647361647362,0
xgb_aft,F9c_cov_adsig_stdmri,78,0.7827632186420818,0.022500692173938235,5,0.855881637771048,0.8740507272208868,0.8147354663201698,0.7680926402406301,0.7413127413127413,0
rsf,F4b_cov_adsig,9,0.7817710920088026,0.048558964304230574,5,0.8332816310019353,0.8731970534797966,0.7881482023160908,0.7880738440582962,0.7477477477477478,0
rsf,F8_cov_stdmri,77,0.779433301168118,0.05139253272188062,5,0.853752598052935,0.8549311188716577,0.8055124775036301,0.7621523136633528,0.722007722007722,0
cox_lasso,F7_cov_regional,70,0.7786930724561388,0.04254537029453135,5,0.8097589320724868,0.857953608559469,0.7961570262323228,0.7802942325565151,0.7477477477477478,0
aft_lognormal,F9b_cov_regional_stdmri,139,0.7785833340682047,0.03506308074808276,5,0.8011713060484359,0.8148380928393749,0.806802589245996,0.7637595857655938,0.7104247104247104,0
rsf,F9c_cov_adsig_stdmri,78,0.7780890966090505,0.054366074466386506,5,0.8517772354229939,0.8589300459977295,0.8044718280727036,0.7633985148152276,0.7142857142857143,0
xgb_aft,F8_cov_stdmri,77,0.7779460008814009,0.03519490114847625,5,0.8461941622805782,0.8653035076082262,0.7957091007557036,0.7617041663845907,0.7297297297297297,0
rsf,F0_covariates,8,0.7775334477990588,0.04120609907920242,5,0.838742825693443,0.8767770058710243,0.7699329891190796,0.7845396594640237,0.7413127413127413,0
aft_loglogistic,F8_cov_stdmri,77,0.776627203236902,0.03709148948057767,5,0.817305262347175,0.8336460092701319,0.7902948512271746,0.7628127980362638,0.7027027027027027,0
cox_l2,F9_cov_bsc_stdmri,110,0.7764135252795177,0.03428857008907095,5,0.8159823966375196,0.8430069317344859,0.7870636120725983,0.7642762475856628,0.7155727155727156,0
aft_weibull,F8_cov_stdmri,77,0.7762578631586969,0.03288464042652284,5,0.8200037342599593,0.8382483676197612,0.7850740956375312,0.7644496102824496,0.7065637065637066,0
cox_l2,F7_cov_regional,70,0.7754943975457339,0.04798748983730537,5,0.8077322665379197,0.8249674491146795,0.7886958115807543,0.7687865308416898,0.7348777348777349,0
cox_lasso,F9b_cov_regional_stdmri,139,0.7743200336446976,0.023032146577333427,5,0.8026094780671192,0.8511297545543091,0.7952250629322606,0.7722133178913608,0.7451737451737451,0
aft_loglogistic,F9c_cov_adsig_stdmri,78,0.7732701559084199,0.03226494102110806,5,0.8137823441324435,0.8303300778607664,0.7902683034640201,0.7598091729588508,0.7078507078507078,0
xgb_aft,F0_covariates,8,0.7732436511228636,0.030811354397148067,5,0.8158093987140402,0.8567168971903184,0.7767730093007956,0.7721727392036908,0.731016731016731,0
aft_loglogistic,F7_cov_regional,70,0.7726086990707531,0.052306177543455644,5,0.7877328089938541,0.832821519273139,0.7904665300008424,0.7680671272861421,0.7387387387387387,0
aft_weibull,F9c_cov_adsig_stdmri,78,0.7719938820103907,0.030325200735010743,5,0.8143371235136488,0.8339952992182184,0.7853658371304064,0.7609968255318901,0.7104247104247104,0
aft_lognormal,F7_cov_regional,70,0.7716345108206835,0.04142002037508965,5,0.7885673624488042,0.8327646966818498,0.7867785677754173,0.7611644537287682,0.7361647361647362,0
aft_loglogistic,F9b_cov_regional_stdmri,139,0.7707979989054117,0.04101950939996058,5,0.7926044348557904,0.8035601993358931,0.8033388835608302,0.7550934282055278,0.7142857142857143,0
rsf,F9_cov_bsc_stdmri,110,0.7699429570515173,0.05765010876921084,5,0.8477746334525363,0.8447884191880306,0.799002537368013,0.753183905145524,0.7155727155727156,0
aft_weibull,F9b_cov_regional_stdmri,139,0.769016665853105,0.04066020699835499,5,0.7937121617209523,0.8026812809770683,0.802330513563259,0.7565946116669181,0.7181467181467182,0
aft_weibull,F7_cov_regional,70,0.7682589063389129,0.05632290440531917,5,0.7860937645569666,0.8297443739313268,0.780362807383189,0.7677759926553058,0.7323037323037324,0
aft_lognormal,F8_cov_stdmri,77,0.7681499431554494,0.03125814920513484,5,0.8027037641942455,0.8281623790887294,0.7772472535884193,0.7591866622717188,0.7001287001287001,0
xgb_aft,F9_cov_bsc_stdmri,110,0.7679919007368847,0.028852207794462653,5,0.8541870205234912,0.8565635615359032,0.7915521373815109,0.753279043889507,0.7271557271557272,0
aft_lognormal,F6_cov_bsc,41,0.7662142523790478,0.04997935519240222,5,0.8047991559436612,0.8434226333678355,0.7667060638346104,0.7625830669308785,0.7297297297297297,0
aft_lognormal,F9c_cov_adsig_stdmri,78,0.7646745039319471,0.030744493117895205,5,0.802324157443509,0.8229386988313593,0.7836705609390476,0.7544236040105028,0.703989703989704,0
aft_weibull,F6_cov_bsc,41,0.7641894562902772,0.05376219026967676,5,0.8089037245104083,0.8514679573506724,0.7654357973865658,0.7625478322077901,0.7258687258687259,0
cox_l2,F6_cov_bsc,41,0.7639229353604057,0.04526949490807844,5,0.7967402894563629,0.8273877123802087,0.7671675967040967,0.7609482577312642,0.7052767052767053,0
rsf,F6_cov_bsc,41,0.7577249211303707,0.06134031233309328,5,0.8177843114154661,0.848915890817205,0.761151613510607,0.7595210313518288,0.749034749034749,0
aft_loglogistic,F9_cov_bsc_stdmri,110,0.7568331948891546,0.03315331528678934,5,0.7934303916318016,0.8168005854277218,0.7759987578132022,0.7411963927661784,0.7117117117117117,0
aft_loglogistic,F6_cov_bsc,41,0.7554828715548861,0.062055913819585085,5,0.7906078054261039,0.8313120222177597,0.7569626847306513,0.7546317123784079,0.7361647361647362,0
aft_weibull,F9_cov_bsc_stdmri,110,0.7552905551192806,0.03220139871758576,5,0.7898994340087476,0.8153577489839601,0.7679874687972628,0.7442712313280896,0.7168597168597168,0
aft_lognormal,F9_cov_bsc_stdmri,110,0.7509239974375695,0.027933502698165583,5,0.7831204910973155,0.8147752473621266,0.7696632848187897,0.7387310713263282,0.7052767052767053,0
rsf,F5_std_mri_slopes,69,0.7108635551221834,0.06742023292586267,5,0.7811986302459086,0.7607012632464373,0.7698916387382013,0.6889839906259363,0.6126126126126126,0
xgb_aft,F5_std_mri_slopes,69,0.6850145989313228,0.05347351965085619,5,0.752035037702603,0.7215992714489786,0.7284991551333636,0.6591624724891869,0.5456885456885456,0
rsf,F3_regional_slopes,62,0.6607420565691193,0.06917405517839592,5,0.6999999936999242,0.671243553248649,0.6950487481391525,0.6273242073404652,0.5611325611325612,0
xgb_aft,F3_regional_slopes,62,0.6256800888068892,0.06890221348712636,5,0.644189921124531,0.6253862689096088,0.6392363667995916,0.6076395094514846,0.5328185328185329,0
aft_weibull,F5_std_mri_slopes,69,0.6095877495200492,0.025768273176732612,5,0.6494554128535609,0.5896870421055362,0.645711237409133,0.5843581309291126,0.5315315315315315,0
xgb_aft,F4_adsig_slope,1,0.603450153915223,0.05066468249058461,5,0.6040321726788541,0.6169351131666848,0.6429152914637757,0.5883399638059712,0.5411840411840412,0
rsf,F4_adsig_slope,1,0.6010019452326323,0.034772249799771664,5,0.6109073131103964,0.6333668195685629,0.5959126275421326,0.5910254259379011,0.5302445302445302,0
aft_lognormal,F1_bsc_baseline,33,0.5892268520766599,0.04474376571346525,5,0.6198187069480181,0.5816714657695655,0.6038538823584823,0.5497988472585267,0.6396396396396397,0
aft_lognormal,F5_std_mri_slopes,69,0.5865047517231401,0.031009462717652213,5,0.6173886642487203,0.5680864425321851,0.6052399934075609,0.574439116877748,0.5444015444015444,0
aft_loglogistic,F1_bsc_baseline,33,0.5859516665171014,0.0524266903462986,5,0.6194589275870988,0.5695782728262838,0.5947168909875279,0.5504437421077217,0.6718146718146718,0
aft_loglogistic,F4_adsig_slope,1,0.5782700816861612,0.08941238613300137,5,0.565564919042748,0.5110547519994526,0.6654897504796076,0.5611697448654335,0.5669240669240669,0
aft_lognormal,F4_adsig_slope,1,0.5782700816861612,0.08941238613300137,5,0.565564919042748,0.5110547519994526,0.6654897504796076,0.5611697448654335,0.5669240669240669,0
aft_weibull,F4_adsig_slope,1,0.5782700816861612,0.08941238613300137,5,0.565564919042748,0.5110547519994526,0.6654897504796076,0.5611697448654335,0.5669240669240669,0
cox_l2,F4_adsig_slope,1,0.5782700816861612,0.08941238613300137,5,0.565564919042748,0.5110547519994526,0.6654897504796076,0.5611697448654335,0.5669240669240669,0
cox_l2,F1_bsc_baseline,33,0.5780106834650047,0.050453534045896344,5,0.6180194120988168,0.5771255364417106,0.5759478816865755,0.5519294835631107,0.6525096525096525,0
cox_l2,F5_std_mri_slopes,69,0.5730564742812579,0.07746040897612305,5,0.6199253493443825,0.5490868905523114,0.5946111610355734,0.5492704980530834,0.5366795366795367,0
aft_weibull,F1_bsc_baseline,33,0.5706764544012268,0.0529160531481061,5,0.596477039472267,0.5735087773940407,0.5761389870370974,0.5440797079573179,0.685971685971686,0
cox_lasso,F1_bsc_baseline,33,0.5651139839504379,0.062154811122349635,5,0.5810641031347172,0.5625571519631293,0.5544689793619536,0.5456782038375149,0.6975546975546976,0
aft_loglogistic,F5_std_mri_slopes,69,0.5614561905975227,0.09528986625647103,5,0.5952471950765454,0.544470363695743,0.5680817285192383,0.5515955125540827,0.5508365508365508,0
xgb_aft,F1_bsc_baseline,33,0.5462007787232872,0.03455395706090828,5,0.5468745038850653,0.47840722717936385,0.5827362282741808,0.5163489579567097,0.7091377091377091,0
rsf,F2_bsc_slopes,33,0.5303768945476227,0.08484432856561325,5,0.5606505569096547,0.4572961320880321,0.5613231450550182,0.49038025012940756,0.47104247104247104,0
rsf,F1_bsc_baseline,33,0.529207205266651,0.030043478600645813,5,0.5509069414045491,0.5061319333978831,0.5559020330743227,0.5245593490483819,0.7059202059202059,0
aft_lognormal,F3_regional_slopes,62,0.5260210541417208,0.06052114397645931,5,0.4539928732566441,0.5175774680927384,0.5726576136675221,0.5229182608428158,0.41312741312741313,0
aft_weibull,F3_regional_slopes,62,0.5217014612087705,0.04977982838536313,5,0.4724052108503252,0.5223287540005188,0.5466515297715826,0.5212967204791052,0.5302445302445302,0
xgb_aft,F2_bsc_slopes,33,0.5183431902287984,0.0936467698257646,5,0.528978738834026,0.4525538082408495,0.5739783999447992,0.4819785028456951,0.40025740025740025,0
cox_lasso,F5_std_mri_slopes,69,0.5182596289700084,0.05936744269851644,5,0.5546866658741972,0.5035928425217534,0.5408076723353226,0.49904629152047536,0.5148005148005148,0
cox_l2,F3_regional_slopes,62,0.517898684072925,0.04546040178861591,5,0.4606801287706614,0.5226462752250398,0.5671835246814901,0.5126639246377632,0.4568854568854569,0
cox_lasso,F3_regional_slopes,62,0.5168552864968602,0.07416608601316936,5,0.4554406946085937,0.47287414609937584,0.5258024277639524,0.5126862819171888,0.47104247104247104,0
cox_lasso,F4_adsig_slope,1,0.5099002633349735,0.030367819983482345,5,0.48757334557093185,0.4752224942102618,0.5701767044490317,0.5091877503312314,0.5,0
aft_loglogistic,F3_regional_slopes,62,0.5054333535327628,0.06237120840940176,5,0.4508053609222868,0.5042895383444884,0.549023622729345,0.5063834959941621,0.5057915057915058,0
aft_lognormal,F2_bsc_slopes,33,0.44333551482974587,0.11036266812733686,5,0.4353562016442803,0.43031838947964707,0.4676144863451544,0.4334954276499211,0.47104247104247104,0
aft_loglogistic,F2_bsc_slopes,33,0.43511166960453773,0.1176105526848918,5,0.4494309685382552,0.4205607515871894,0.45993902873930115,0.4223056031190017,0.49034749034749037,0
cox_l2,F2_bsc_slopes,33,0.4320182091661435,0.11017587389494377,5,0.434065780581918,0.4269921780729297,0.4216771146786552,0.4478310398927968,0.435006435006435,0
aft_weibull,F2_bsc_slopes,33,0.4274922220164723,0.09837276753729646,5,0.39329533934606487,0.39791424603751563,0.45116028048758416,0.41916425876470387,0.4749034749034749,0
cox_lasso,F2_bsc_slopes,33,0.39013781936766556,0.08952145181861745,5,0.36804146944355776,0.3949406704611688,0.34786777710294625,0.4270036668204204,0.6718146718146718,1
