model,feature_set,n_features,cv_cindex_mean,cv_cindex_sd,n_folds,cv_auc_3.0y,cv_auc_1.0y,cv_auc_2.0y,cv_uno_c,holdout_cindex,sign_flipped
aft_loglogistic,F0_covariates,8,0.8539102356238141,0.041671281659951244,5,0.9039342498364065,0.8803072562514803,0.8855118319723028,0.8500637964097566,0.8681622618315918,0
cox_l2,F0_covariates,8,0.853502727133377,0.039082901255750584,5,0.9046607342019787,0.8783193931144264,0.8875078495646067,0.8497807158903974,0.8712354025814383,0
aft_lognormal,F0_covariates,8,0.8534773534882378,0.04172316753246095,5,0.9032086972833646,0.8808346054619871,0.8846757340374275,0.8485457449880217,0.8672403196066379,0
aft_weibull,F0_covariates,8,0.8533379830185996,0.040714837697704474,5,0.9024123563321054,0.8797075112660224,0.883723892470589,0.8495063539439858,0.8678549477566072,0
aft_loglogistic,F6_cov_bsc,41,0.852755132676716,0.0442535490510489,5,0.9009985001933728,0.8766620073463807,0.8828453012854774,0.8489774290865432,0.8715427166564229,0
aft_lognormal,F6_cov_bsc,41,0.8495518891247974,0.04447556376062238,5,0.8985976492597378,0.8728330022145293,0.8773452043552782,0.8465816745684147,0.8730792870313461,0
aft_weibull,F6_cov_bsc,41,0.8489889817611294,0.04358700360517738,5,0.898918097715978,0.8751664705311724,0.8794712210345104,0.8454325862346822,0.8690842040565457,0
cox_lasso,F0_covariates,8,0.8468097712974425,0.04813507710800568,5,0.8940974105355736,0.8754462205158072,0.8790653451098699,0.8407999875106414,0.8755377996312231,0
cox_lasso,F6_cov_bsc,41,0.8468097712974425,0.04813507710800568,5,0.8940974105355736,0.8754462205158072,0.8790653451098699,0.8407999875106414,0.8755377996312231,0
cox_l2,F6_cov_bsc,41,0.8466382684014286,0.04398523957273769,5,0.900261407826982,0.8693841819053144,0.8778437741407853,0.8437026383757008,0.8678549477566072,0
cox_lasso,F9_cov_bsc_stdmri,110,0.846435414722805,0.047839533308113566,5,0.8936684555968872,0.8750699104759339,0.8784285588719987,0.8405015815556933,0.8755377996312231,0
cox_lasso,F8_cov_stdmri,77,0.846435414722805,0.047839533308113566,5,0.8936684555968872,0.8750699104759339,0.8784285588719987,0.8405015815556933,0.8755377996312231,0
xgb_aft,F6_cov_bsc,41,0.8430410967739169,0.03990403182867032,5,0.8878528693390167,0.8732201409569628,0.877721052047657,0.8401653583573164,0.838660110633067,0
xgb_aft,F9_cov_bsc_stdmri,110,0.839512804662157,0.034668339116043126,5,0.8819986751321128,0.8676708363126234,0.8768664558982288,0.8324629972573652,0.8472649047326367,0
rsf,F0_covariates,8,0.8388937009446259,0.051915228628249266,5,0.8906463159636008,0.8627981991759797,0.8714961513365459,0.8344782780963549,0.863859864781807,0
rsf,F6_cov_bsc,41,0.8375629197607506,0.04330568772257939,5,0.8762752187707148,0.8727953120949706,0.8696067095837179,0.8305297036446013,0.8346650276582668,0
xgb_aft,F0_covariates,8,0.829965413659887,0.036566416236918906,5,0.8795648664158222,0.8472513483344317,0.8597171006595783,0.8270858411098552,0.8527965580823602,0
rsf,F9_cov_bsc_stdmri,110,0.8230097967340401,0.040391562310035496,5,0.8519348285911382,0.8536383656359773,0.8539821751385224,0.8144085007199486,0.8346650276582668,0
xgb_aft,F8_cov_stdmri,77,0.8195156687104269,0.034506785816389995,5,0.8732077782738721,0.8379463693141934,0.862693294926969,0.814474321423115,0.8632452366318377,0
aft_lognormal,F8_cov_stdmri,77,0.8154626247127741,0.028123831483621853,5,0.858517956698593,0.8457321759715342,0.843283056659182,0.8096998851454087,0.8660110633066994,0
rsf,F8_cov_stdmri,77,0.8142089919399564,0.04469092624457455,5,0.8539069154651869,0.8387907552222499,0.8501285653566523,0.8046062171235236,0.854640442532268,0
aft_loglogistic,F8_cov_stdmri,77,0.811978378936802,0.028522088652387808,5,0.8540240867432349,0.8416667218131935,0.8409465450221472,0.806255929122918,0.8660110633066994,0
aft_weibull,F8_cov_stdmri,77,0.8101299594882972,0.03346187585164164,5,0.8544119946469891,0.838534895160248,0.840874218843874,0.8050480802021168,0.8595574677320221,0
aft_loglogistic,F9_cov_bsc_stdmri,110,0.8094374154851629,0.027594129362235407,5,0.8526750087869767,0.8365948939454299,0.8365268679376383,0.80450141610682,0.8718500307314075,0
aft_lognormal,F9_cov_bsc_stdmri,110,0.8084286740519865,0.02962859981486574,5,0.8534901787685303,0.8372194601157892,0.8361809145261063,0.8032434726838827,0.8715427166564229,0
aft_weibull,F9_cov_bsc_stdmri,110,0.8037803255105807,0.028315733627796963,5,0.8513087828291832,0.8296321287017119,0.8308589773713626,0.800016069239841,0.863859864781807,0
cox_l2,F8_cov_stdmri,77,0.7960732651403984,0.03140569617663464,5,0.8390502689225621,0.8210700692371565,0.8268689258172877,0.7927286728384255,0.8488014751075599,0
cox_l2,F9_cov_bsc_stdmri,110,0.7857197153154096,0.022618340793505134,5,0.8324047085718705,0.8064675061843121,0.8097720888581794,0.7846801496073889,0.8589428395820529,0
rsf,F5_std_mri_slopes,69,0.6344750858812167,0.02655563820416517,5,0.6156523772084568,0.6380822123664975,0.6481399937707731,0.6240202964602078,0.6047940995697603,0
cox_l2,F1_bsc_baseline,33,0.6286590835017701,0.05077525921108124,5,0.619639564048568,0.6511901038429295,0.6231831568947576,0.6177842512305854,0.5835894283958205,0
aft_lognormal,F1_bsc_baseline,33,0.6222059063580252,0.05563561209800301,5,0.611580051556168,0.6364105917177103,0.6052707359924367,0.6156917209839128,0.5795943454210203,0
aft_loglogistic,F1_bsc_baseline,33,0.6203409572312708,0.05449658225719504,5,0.608843013255738,0.639088002268677,0.6011343325733507,0.6135038755714103,0.5811309157959434,0
aft_weibull,F1_bsc_baseline,33,0.618401231910644,0.05312252410524282,5,0.6078666020231965,0.639989508715672,0.5996421797499518,0.6109566662687957,0.5838967424708051,0
xgb_aft,F1_bsc_baseline,33,0.6142181961857227,0.06482091177453646,5,0.6237902085578606,0.6412051736038068,0.5963654996028306,0.605143335866993,0.6425937307928703,0
cox_lasso,F1_bsc_baseline,33,0.6080396650552116,0.06684426590379258,5,0.5977849562041989,0.6401068424689523,0.5863199862771863,0.6057583146731137,0.5860479409956976,0
rsf,F2_bsc_slopes,33,0.5977531952959705,0.06373733483806046,5,0.5807955746207861,0.6234275857621941,0.5847275228552792,0.5912260920929461,0.5384142593730793,0
xgb_aft,F5_std_mri_slopes,69,0.594866233725347,0.024221950244235412,5,0.5681913919527994,0.5948996033089047,0.6105403728720221,0.5872389368093429,0.594960049170252,0
rsf,F1_bsc_baseline,33,0.5935630843515025,0.0534634988480275,5,0.5916204924825418,0.6055963056729207,0.5777339356643512,0.5872203309377294,0.6087891825445605,0
xgb_aft,F2_bsc_slopes,33,0.5832785233473998,0.04056595611672325,5,0.5734232096182454,0.5724587264728545,0.572654245763851,0.5814688427043075,0.5516287645974186,0
cox_lasso,F5_std_mri_slopes,69,0.551886777436126,0.033577588719882014,5,0.5351268954999548,0.5994103215115276,0.5526924732913729,0.5460032227474663,0.5421020282728949,0
aft_loglogistic,F5_std_mri_slopes,69,0.5502578591402871,0.04464468116812871,5,0.5402346389805228,0.5952934665817888,0.5565718578711067,0.5445529050073982,0.5356484326982176,0
aft_lognormal,F5_std_mri_slopes,69,0.5461742244870234,0.05213136676114566,5,0.5317787359027649,0.5903038257057769,0.5536451852658465,0.5385763649246439,0.5503995082974801,0
aft_weibull,F5_std_mri_slopes,69,0.5425444388523039,0.04040667361154972,5,0.5313746429099139,0.5894476806822231,0.5473264354846192,0.5376816935306661,0.5202827289489859,0
cox_l2,F5_std_mri_slopes,69,0.5329451539274432,0.04033575443340218,5,0.5249091360905015,0.5696723744442298,0.5427929676067806,0.5327790380320778,0.4960049170251998,0
cox_l2,F2_bsc_slopes,33,0.5208467194073743,0.050239742270725786,5,0.5377891705908953,0.5220064743047856,0.5099511692166254,0.5232493800840332,0.5482483097725875,0
aft_lognormal,F2_bsc_slopes,33,0.5035189794244694,0.05846525703681411,5,0.5056187584978976,0.509501555318549,0.4962593266164319,0.5027018955240683,0.5273509526736324,0
aft_weibull,F2_bsc_slopes,33,0.5003490273972312,0.05975160477054721,5,0.49836821247096763,0.5084928736755432,0.49135178249411293,0.5012730252313878,0.513521819299324,0
aft_loglogistic,F2_bsc_slopes,33,0.4998566039899158,0.060915455385348295,5,0.4992647537483673,0.503746718530394,0.4918348618888352,0.5008289378522407,0.5172095881991395,0
cox_lasso,F2_bsc_slopes,33,0.4921017003440979,0.049180295210998135,5,0.4871947115450753,0.4948015657374702,0.5031574091740684,0.49263471612631393,0.48186846957590657,0
