subject,scan,reason
002_S_0619,,baseline_not_mci
002_S_0816,,baseline_not_mci
002_S_0938,,baseline_not_mci
002_S_0955,,baseline_not_mci
002_S_1018,,baseline_not_mci
002_S_1155,,fewer_than_2_scans_in_window
002_S_2043,,nonpositive_time_to_event
002_S_4219,,nonpositive_time_to_event
002_S_4251,,nonpositive_time_to_event
002_S_5018,,baseline_not_mci
002_S_6652,,fewer_than_2_scans_in_window
002_S_6695,,fewer_than_2_scans_in_window
002_S_6864,,fewer_than_2_scans_in_window
003_S_10426,,fewer_than_2_scans_in_window
003_S_1057,,fewer_than_2_scans_in_window
003_S_1059,,baseline_not_mci
003_S_1074,,fewer_than_2_scans_in_window
003_S_1257,,baseline_not_mci
003_S_2374,,fewer_than_2_scans_in_window
003_S_4136,,baseline_not_mci
003_S_4152,,baseline_not_mci
003_S_4373,,baseline_not_mci
003_S_4892,,baseline_not_mci
003_S_5165,,baseline_not_mci
003_S_5187,,baseline_not_mci
003_S_6258,,fewer_than_2_scans_in_window
003_S_6264,,baseline_not_mci
003_S_6268,,fewer_than_2_scans_in_window
003_S_6432,,fewer_than_2_scans_in_window
003_S_6479,,fewer_than_2_scans_in_window
003_S_6606,,fewer_than_2_scans_in_window
003_S_6678,,fewer_than_2_scans_in_window
003_S_6833,,baseline_not_mci
003_S_6954,,fewer_than_2_scans_in_window
005_S_0221,,baseline_not_mci
005_S_0572,,converted_at_or_before_landmark
005_S_0814,,baseline_not_mci
005_S_0929,,baseline_not_mci
005_S_10240,,baseline_not_mci
005_S_10446,,fewer_than_2_scans_in_window
005_S_1341,,baseline_not_mci
005_S_4707,,baseline_not_mci
005_S_4910,,baseline_not_mci
005_S_5038,,baseline_not_mci
005_S_5119,,baseline_not_mci
005_S_6427,,fewer_than_2_scans_in_window
006_S_0547,,baseline_not_mci
006_S_0653,,baseline_not_mci
006_S_10504,,fewer_than_2_scans_in_window
006_S_4153,,baseline_not_mci
006_S_4192,,baseline_not_mci
006_S_4515,,converted_at_or_before_landmark
006_S_4546,,baseline_not_mci
006_S_4867,,baseline_not_mci
006_S_6243,,fewer_than_2_scans_in_window
006_S_6252,,fewer_than_2_scans_in_window
006_S_6291,,fewer_than_2_scans_in_window
006_S_6441,,fewer_than_2_scans_in_window
006_S_6610,,fewer_than_2_scans_in_window
006_S_6651,,fewer_than_2_scans_in_window
006_S_6657,,fewer_than_2_scans_in_window
006_S_6672,,fewer_than_2_scans_in_window
006_S_6674,,fewer_than_2_scans_in_window
006_S_6677,,fewer_than_2_scans_in_window
006_S_6681,,fewer_than_2_scans_in_window
006_S_6682,,fewer_than_2_scans_in_window
006_S_6689,,baseline_not_mci
006_S_6696,,fewer_than_2_scans_in_window
006_S_6727,,fewer_than_2_scans_in_window
006_S_6770,,fewer_than_2_scans_in_window
007_S_0041,,fewer_than_2_scans_in_window
007_S_0316,,baseline_not_mci
007_S_0344,,baseline_not_mci
007_S_0414,,fewer_than_2_scans_in_window
007_S_1248,,baseline_not_mci
007_S_1304,,baseline_not_mci
007_S_1339,,baseline_not_mci
007_S_2058,,nonpositive_time_to_event
007_S_4568,,baseline_not_mci
007_S_4911,,baseline_not_mci
007_S_5196,,baseline_not_mci
007_S_6341,,fewer_than_2_scans_in_window
007_S_6421,,fewer_than_2_scans_in_window
009_S_1199,,fewer_than_2_scans_in_window
009_S_1334,,baseline_not_mci
009_S_1354,,baseline_not_mci
009_S_4530,,converted_at_or_before_landmark
009_S_4741,,converted_at_or_before_landmark
009_S_4814,,nonpositive_time_to_event
009_S_4958,,converted_at_or_before_landmark
009_S_5027,,baseline_not_mci
009_S_5037,,baseline_not_mci
009_S_5252,,baseline_not_mci
009_S_6402,,fewer_than_2_scans_in_window
010_S_0161,,fewer_than_2_scans_in_window
010_S_0422,,baseline_not_mci
010_S_10824,,fewer_than_2_scans_in_window
010_S_10839,,fewer_than_2_scans_in_window
010_S_10857,,fewer_than_2_scans_in_window
010_S_10858,,fewer_than_2_scans_in_window
010_S_10859,,fewer_than_2_scans_in_window
010_S_10866,,fewer_than_2_scans_in_window
010_S_10867,,fewer_than_2_scans_in_window
010_S_10868,,fewer_than_2_scans_in_window
010_S_10869,,fewer_than_2_scans_in_window
010_S_10870,,fewer_than_2_scans_in_window
010_S_10871,,baseline_not_mci
010_S_6748,,fewer_than_2_scans_in_window
011_S_0003,,baseline_not_mci
011_S_0010,,baseline_not_mci
011_S_0053,,baseline_not_mci
011_S_0183,,baseline_not_mci
011_S_0241,,converted_at_or_before_landmark
011_S_0856,,converted_at_or_before_landmark
011_S_10026,,baseline_not_mci
011_S_10044,,baseline_not_mci
011_S_2274,,converted_at_or_before_landmark
011_S_4366,,converted_at_or_before_landmark
011_S_4827,,baseline_not_mci
011_S_4845,,baseline_not_mci
011_S_4906,,baseline_not_mci
011_S_4912,,baseline_not_mci
011_S_4949,,baseline_not_mci
011_S_6303,,baseline_not_mci
011_S_6618,,fewer_than_2_scans_in_window
012_S_0689,,baseline_not_mci
012_S_10701,,fewer_than_2_scans_in_window
012_S_1292,,baseline_not_mci
012_S_4094,,converted_at_or_before_landmark
012_S_6073,,fewer_than_2_scans_in_window
012_S_6503,,fewer_than_2_scans_in_window
012_S_6760,,fewer_than_2_scans_in_window
013_S_0240,013_S_0240_m12_2007-09-26,scan_diagnosis_ad
013_S_0592,,baseline_not_mci
013_S_0699,,baseline_not_mci
013_S_0996,,baseline_not_mci
013_S_1161,,baseline_not_mci
013_S_1205,,baseline_not_mci
013_S_2324,,nonpositive_time_to_event
013_S_4595,,converted_at_or_before_landmark
013_S_4917,,nonpositive_time_to_event
013_S_5071,,baseline_not_mci
013_S_6206,,nonpositive_time_to_event
013_S_6725,,fewer_than_2_scans_in_window
013_S_6768,,baseline_not_mci
013_S_6970,,fewer_than_2_scans_in_window
013_S_6975,,baseline_not_mci
013_S_7097,,fewer_than_2_scans_in_window
014_S_0328,,baseline_not_mci
014_S_0356,,baseline_not_mci
014_S_10157,,fewer_than_2_scans_in_window
014_S_10570,,fewer_than_2_scans_in_window
014_S_1095,,baseline_not_mci
014_S_4039,,baseline_not_mci
014_S_4615,,baseline_not_mci
014_S_4668,,converted_at_or_before_landmark
014_S_6087,,fewer_than_2_scans_in_window
014_S_6765,,fewer_than_2_scans_in_window
014_S_6944,,fewer_than_2_scans_in_window
016_S_0354,,nonpositive_time_to_event
016_S_0991,,baseline_not_mci
016_S_10174,,fewer_than_2_scans_in_window
016_S_10189,,fewer_than_2_scans_in_window
016_S_1149,,nonpositive_time_to_event
016_S_1263,,baseline_not_mci
016_S_2284,,nonpositive_time_to_event
016_S_4009,,baseline_not_mci
016_S_4353,,baseline_not_mci
016_S_4591,,baseline_not_mci
016_S_4601,,fewer_than_2_scans_in_window
016_S_4887,,baseline_not_mci
016_S_5031,,fewer_than_2_scans_in_window
016_S_5032,,baseline_not_mci
016_S_5057,,baseline_not_mci
016_S_6708,,baseline_not_mci
016_S_6771,,fewer_than_2_scans_in_window
016_S_6789,,fewer_than_2_scans_in_window
016_S_6790,,baseline_not_mci
016_S_6800,,fewer_than_2_scans_in_window
016_S_6809,,fewer_than_2_scans_in_window
016_S_6816,,fewer_than_2_scans_in_window
016_S_6836,,fewer_than_2_scans_in_window
016_S_6839,,baseline_not_mci
016_S_6904,,fewer_than_2_scans_in_window
016_S_6926,,fewer_than_2_scans_in_window
016_S_6939,,converted_at_or_before_landmark
016_S_6949,,fewer_than_2_scans_in_window
016_S_7002,,fewer_than_2_scans_in_window
016_S_7014,,fewer_than_2_scans_in_window
016_S_7039,,baseline_not_mci
018_S_0142,,fewer_than_2_scans_in_window
018_S_0155,,baseline_not_mci
018_S_0335,,baseline_not_mci
018_S_0406,,fewer_than_2_scans_in_window
018_S_0450,,fewer_than_2_scans_in_window
018_S_0633,,baseline_not_mci
018_S_0682,,baseline_not_mci
018_S_2138,,nonpositive_time_to_event
018_S_4696,,baseline_not_mci
018_S_4733,,baseline_not_mci
018_S_6414,,fewer_than_2_scans_in_window
019_S_10102,,fewer_than_2_scans_in_window
019_S_10303,,fewer_than_2_scans_in_window
019_S_10443,,fewer_than_2_scans_in_window
019_S_10471,,fewer_than_2_scans_in_window
019_S_10797,,fewer_than_2_scans_in_window
019_S_10802,,fewer_than_2_scans_in_window
019_S_10864,,fewer_than_2_scans_in_window
019_S_4252,,baseline_not_mci
019_S_4477,,baseline_not_mci
019_S_4549,,baseline_not_mci
019_S_4680,,converted_at_or_before_landmark
019_S_5012,,baseline_not_mci
019_S_5019,,baseline_not_mci
019_S_6315,,fewer_than_2_scans_in_window
019_S_6483,,fewer_than_2_scans_in_window
019_S_6533,,fewer_than_2_scans_in_window
019_S_6573,,baseline_not_mci
019_S_6585,,baseline_not_mci
019_S_6630,,fewer_than_2_scans_in_window
019_S_6635,,fewer_than_2_scans_in_window
019_S_6668,,fewer_than_2_scans_in_window
019_S_6712,,baseline_not_mci
019_S_6757,,fewer_than_2_scans_in_window
019_S_7016,,baseline_not_mci
020_S_0213,,baseline_not_mci
020_S_4920,,nonpositive_time_to_event
020_S_6901,,fewer_than_2_scans_in_window
021_S_0178,,fewer_than_2_scans_in_window
021_S_0332,,baseline_not_mci
021_S_0343,,baseline_not_mci
021_S_0642,,baseline_not_mci
021_S_0753,,baseline_not_mci
021_S_1109,,baseline_not_mci
021_S_4402,,converted_at_or_before_landmark
021_S_4718,,baseline_not_mci
021_S_4857,,converted_at_or_before_landmark
021_S_6890,,fewer_than_2_scans_in_window
022_S_0004,,fewer_than_2_scans_in_window
022_S_0007,,baseline_not_mci
022_S_0044,,fewer_than_2_scans_in_window
022_S_0129,,baseline_not_mci
022_S_0219,,baseline_not_mci
022_S_0543,,baseline_not_mci
022_S_0544,,nonpositive_time_to_event
022_S_0924,,nonpositive_time_to_event
022_S_10361,,fewer_than_2_scans_in_window
022_S_10432,,fewer_than_2_scans_in_window
022_S_10481,,fewer_than_2_scans_in_window
022_S_1097,,fewer_than_2_scans_in_window
022_S_1366,,fewer_than_2_scans_in_window
022_S_1394,,converted_at_or_before_landmark
022_S_6013,,baseline_not_mci
022_S_6280,,fewer_than_2_scans_in_window
022_S_6716,,fewer_than_2_scans_in_window
022_S_6796,,baseline_not_mci
022_S_6847,,fewer_than_2_scans_in_window
022_S_6863,,converted_at_or_before_landmark
023_S_0030,,converted_at_or_before_landmark
023_S_0042,,fewer_than_2_scans_in_window
023_S_0078,,baseline_not_mci
023_S_0083,,baseline_not_mci
023_S_0084,,baseline_not_mci
023_S_0093,,baseline_not_mci
023_S_0139,,baseline_not_mci
023_S_0388,,converted_at_or_before_landmark
023_S_0613,,nonpositive_time_to_event
023_S_0625,,converted_at_or_before_landmark
023_S_0916,,baseline_not_mci
023_S_1104,,nonpositive_time_to_event
023_S_1126,,converted_at_or_before_landmark
023_S_1247,,converted_at_or_before_landmark
023_S_1262,,baseline_not_mci
023_S_1289,,baseline_not_mci
023_S_4034,,nonpositive_time_to_event
023_S_4241,,nonpositive_time_to_event
023_S_4501,,baseline_not_mci
023_S_4502,,converted_at_or_before_landmark
023_S_4796,,converted_at_or_before_landmark
023_S_6334,,fewer_than_2_scans_in_window
023_S_6356,,fewer_than_2_scans_in_window
023_S_6369,,fewer_than_2_scans_in_window
023_S_6535,,fewer_than_2_scans_in_window
023_S_6661,,baseline_not_mci
023_S_6702,,fewer_than_2_scans_in_window
023_S_6723,,fewer_than_2_scans_in_window
024_S_1171,,baseline_not_mci
024_S_1307,,baseline_not_mci
024_S_1393,,fewer_than_2_scans_in_window
024_S_1400,,nonpositive_time_to_event
024_S_4223,,baseline_not_mci
024_S_4280,,baseline_not_mci
024_S_4905,,baseline_not_mci
024_S_5054,,baseline_not_mci
024_S_6846,,fewer_than_2_scans_in_window
024_S_7025,,fewer_than_2_scans_in_window
027_S_0256,,converted_at_or_before_landmark
027_S_0404,,baseline_not_mci
027_S_0417,,nonpositive_time_to_event
027_S_0461,,fewer_than_2_scans_in_window
027_S_0485,,nonpositive_time_to_event
027_S_0850,,baseline_not_mci
027_S_10289,,fewer_than_2_scans_in_window
027_S_10457,,fewer_than_2_scans_in_window
027_S_10800,,baseline_not_mci
027_S_1081,,baseline_not_mci
027_S_1082,,baseline_not_mci
027_S_10855,,fewer_than_2_scans_in_window
027_S_1254,,baseline_not_mci
027_S_1385,,baseline_not_mci
027_S_4801,,baseline_not_mci
027_S_4802,,baseline_not_mci
027_S_4938,,baseline_not_mci
027_S_4943,,converted_at_or_before_landmark
027_S_4955,,nonpositive_time_to_event
027_S_4962,,baseline_not_mci
027_S_4964,,baseline_not_mci
027_S_6002,,fewer_than_2_scans_in_window
027_S_6034,,fewer_than_2_scans_in_window
027_S_6370,,fewer_than_2_scans_in_window
027_S_6463,,fewer_than_2_scans_in_window
027_S_6640,,fewer_than_2_scans_in_window
027_S_6643,,fewer_than_2_scans_in_window
027_S_6648,,baseline_not_mci
027_S_6733,,baseline_not_mci
027_S_6788,,fewer_than_2_scans_in_window
027_S_6793,,fewer_than_2_scans_in_window
027_S_6842,,fewer_than_2_scans_in_window
027_S_6849,,baseline_not_mci
027_S_6961,,fewer_than_2_scans_in_window
027_S_6965,,baseline_not_mci
027_S_7007,,fewer_than_2_scans_in_window
027_S_7054,,fewer_than_2_scans_in_window
027_S_7071,,fewer_than_2_scans_in_window
029_S_0836,,baseline_not_mci
029_S_0871,,fewer_than_2_scans_in_window
029_S_0999,,baseline_not_mci
029_S_1038,,fewer_than_2_scans_in_window
029_S_1056,,baseline_not_mci
029_S_1073,,fewer_than_2_scans_in_window
029_S_1184,,baseline_not_mci
029_S_1215,,fewer_than_2_scans_in_window
029_S_1218,,fewer_than_2_scans_in_window
029_S_1318,,fewer_than_2_scans_in_window
029_S_1384,,fewer_than_2_scans_in_window
029_S_4307,,baseline_not_mci
029_S_5135,,fewer_than_2_scans_in_window
029_S_6579,,fewer_than_2_scans_in_window
029_S_6726,,fewer_than_2_scans_in_window
029_S_6798,,fewer_than_2_scans_in_window
031_S_0321,,baseline_not_mci
031_S_0554,,baseline_not_mci
031_S_0568,,converted_at_or_before_landmark
031_S_1209,,baseline_not_mci
031_S_4005,,converted_at_or_before_landmark
031_S_4024,,baseline_not_mci
031_S_4203,,converted_at_or_before_landmark
031_S_4947,,converted_at_or_before_landmark
031_S_6715,,fewer_than_2_scans_in_window
032_S_0214,,baseline_not_mci
032_S_0718,,nonpositive_time_to_event
032_S_0978,,baseline_not_mci
032_S_1101,,baseline_not_mci
032_S_4755,,baseline_not_mci
032_S_6600,,baseline_not_mci
032_S_6602,,baseline_not_mci
032_S_6700,,fewer_than_2_scans_in_window
032_S_6728,,fewer_than_2_scans_in_window
032_S_6804,,fewer_than_2_scans_in_window
032_S_6855,,baseline_not_mci
033_S_0567,,baseline_not_mci
033_S_0723,,baseline_not_mci
033_S_0724,,baseline_not_mci
033_S_0733,,baseline_not_mci
033_S_0889,,baseline_not_mci
033_S_10049,,baseline_not_mci
033_S_10144,,baseline_not_mci
033_S_10147,,baseline_not_mci
033_S_10249,,baseline_not_mci
033_S_10276,,fewer_than_2_scans_in_window
033_S_10328,,fewer_than_2_scans_in_window
033_S_10793,,baseline_not_mci
033_S_1281,,baseline_not_mci
033_S_1283,,baseline_not_mci
033_S_1285,,baseline_not_mci
033_S_1308,,baseline_not_mci
033_S_5013,,baseline_not_mci
033_S_5017,,baseline_not_mci
033_S_5087,,baseline_not_mci
033_S_6497,,converted_at_or_before_landmark
033_S_6697,,fewer_than_2_scans_in_window
033_S_6705,,baseline_not_mci
033_S_6824,,baseline_not_mci
033_S_6889,,fewer_than_2_scans_in_window
033_S_6976,,baseline_not_mci
033_S_7066,,baseline_not_mci
033_S_7079,,fewer_than_2_scans_in_window
033_S_7088,,fewer_than_2_scans_in_window
035_S_0033,,fewer_than_2_scans_in_window
035_S_0341,,baseline_not_mci
035_S_10455,,fewer_than_2_scans_in_window
035_S_4256,,nonpositive_time_to_event
035_S_4414,,converted_at_or_before_landmark
035_S_4783,,baseline_not_mci
035_S_4784,,converted_at_or_before_landmark
035_S_6380,,fewer_than_2_scans_in_window
035_S_6480,,fewer_than_2_scans_in_window
035_S_6641,,fewer_than_2_scans_in_window
035_S_6650,,baseline_not_mci
035_S_6660,,baseline_not_mci
035_S_6927,,baseline_not_mci
035_S_6947,,fewer_than_2_scans_in_window
035_S_6953,,fewer_than_2_scans_in_window
035_S_7000,,fewer_than_2_scans_in_window
035_S_7001,,baseline_not_mci
035_S_7019,,fewer_than_2_scans_in_window
035_S_7021,,fewer_than_2_scans_in_window
035_S_7049,,fewer_than_2_scans_in_window
035_S_7073,,fewer_than_2_scans_in_window
035_S_7105,,fewer_than_2_scans_in_window
035_S_7120,,baseline_not_mci
035_S_7121,,fewer_than_2_scans_in_window
036_S_0577,,baseline_not_mci
036_S_0759,,baseline_not_mci
036_S_0760,,baseline_not_mci
036_S_0945,,fewer_than_2_scans_in_window
036_S_1001,,baseline_not_mci
036_S_10314,,fewer_than_2_scans_in_window
036_S_4430,,converted_at_or_before_landmark
036_S_4820,,baseline_not_mci
036_S_4894,,baseline_not_mci
036_S_4899,,converted_at_or_before_landmark
036_S_5063,,baseline_not_mci
036_S_5112,,baseline_not_mci
036_S_5210,,baseline_not_mci
036_S_6099,,fewer_than_2_scans_in_window
036_S_6134,,fewer_than_2_scans_in_window
036_S_6179,,baseline_not_mci
036_S_6231,,baseline_not_mci
036_S_6878,,fewer_than_2_scans_in_window
036_S_6885,,fewer_than_2_scans_in_window
036_S_6887,,fewer_than_2_scans_in_window
036_S_6894,,fewer_than_2_scans_in_window
036_S_6897,,fewer_than_2_scans_in_window
036_S_6916,,fewer_than_2_scans_in_window
036_S_7023,,fewer_than_2_scans_in_window
036_S_7044,,fewer_than_2_scans_in_window
036_S_7067,,fewer_than_2_scans_in_window
036_S_7070,,fewer_than_2_scans_in_window
037_S_0182,,fewer_than_2_scans_in_window
037_S_0627,,baseline_not_mci
037_S_10098,,fewer_than_2_scans_in_window
037_S_1078,,fewer_than_2_scans_in_window
037_S_4001,,baseline_not_mci
037_S_4432,,converted_at_or_before_landmark
037_S_4706,,converted_at_or_before_landmark
037_S_4770,,baseline_not_mci
037_S_4879,,baseline_not_mci
037_S_5162,,baseline_not_mci
037_S_6083,,fewer_than_2_scans_in_window
037_S_6125,,fewer_than_2_scans_in_window
037_S_6141,,fewer_than_2_scans_in_window
037_S_6216,,baseline_not_mci
037_S_6222,,fewer_than_2_scans_in_window
037_S_6230,,baseline_not_mci
037_S_6377,,baseline_not_mci
037_S_6620,,fewer_than_2_scans_in_window
037_S_6627,,fewer_than_2_scans_in_window
041_S_0282,,nonpositive_time_to_event
041_S_0446,,fewer_than_2_scans_in_window
041_S_0549,,converted_at_or_before_landmark
041_S_0598,,fewer_than_2_scans_in_window
041_S_0721,,nonpositive_time_to_event
041_S_1260,,fewer_than_2_scans_in_window
041_S_1368,,baseline_not_mci
041_S_1391,,baseline_not_mci
041_S_1411,,fewer_than_2_scans_in_window
041_S_1412,,converted_at_or_before_landmark
041_S_1420,,fewer_than_2_scans_in_window
041_S_1423,,fewer_than_2_scans_in_window
041_S_4629,,nonpositive_time_to_event
041_S_5026,,converted_at_or_before_landmark
041_S_6731,,fewer_than_2_scans_in_window
051_S_1296,,baseline_not_mci
051_S_1338,,nonpositive_time_to_event
051_S_4980,,baseline_not_mci
051_S_5005,,baseline_not_mci
051_S_6719,,fewer_than_2_scans_in_window
051_S_6761,,fewer_than_2_scans_in_window
052_S_10315,,fewer_than_2_scans_in_window
052_S_1168,,fewer_than_2_scans_in_window
052_S_1346,,fewer_than_2_scans_in_window
052_S_1352,,fewer_than_2_scans_in_window
052_S_4959,,baseline_not_mci
052_S_5062,,baseline_not_mci
052_S_6305,,baseline_not_mci
052_S_6832,,fewer_than_2_scans_in_window
052_S_6844,,fewer_than_2_scans_in_window
052_S_7027,,fewer_than_2_scans_in_window
052_S_7036,,fewer_than_2_scans_in_window
052_S_7037,,fewer_than_2_scans_in_window
053_S_0507,,converted_at_or_before_landmark
053_S_1044,,baseline_not_mci
053_S_4661,,converted_at_or_before_landmark
053_S_5070,,baseline_not_mci
053_S_6598,,fewer_than_2_scans_in_window
053_S_6861,,fewer_than_2_scans_in_window
053_S_7086,,fewer_than_2_scans_in_window
053_S_7109,,baseline_not_mci
057_S_0474,,baseline_not_mci
057_S_0957,,nonpositive_time_to_event
057_S_1217,,fewer_than_2_scans_in_window
057_S_1265,,fewer_than_2_scans_in_window
057_S_1269,,fewer_than_2_scans_in_window
057_S_1371,,baseline_not_mci
057_S_1373,,baseline_not_mci
057_S_1379,,baseline_not_mci
057_S_2398,,converted_at_or_before_landmark
057_S_4888,,converted_at_or_before_landmark
057_S_4897,,nonpositive_time_to_event
057_S_4909,,nonpositive_time_to_event
057_S_6746,,baseline_not_mci
057_S_6869,,baseline_not_mci
062_S_0535,,baseline_not_mci
062_S_0690,,baseline_not_mci
062_S_0730,,baseline_not_mci
062_S_0793,,baseline_not_mci
062_S_1182,,fewer_than_2_scans_in_window
062_S_1294,,nonpositive_time_to_event
062_S_1299,,fewer_than_2_scans_in_window
067_S_0029,,baseline_not_mci
067_S_0076,,baseline_not_mci
067_S_0110,,baseline_not_mci
067_S_0243,,converted_at_or_before_landmark
067_S_0336,,baseline_not_mci
067_S_0812,,baseline_not_mci
067_S_0828,,baseline_not_mci
067_S_1185,,baseline_not_mci
067_S_1253,,baseline_not_mci
067_S_4728,,baseline_not_mci
067_S_4918,,converted_at_or_before_landmark
067_S_5160,,fewer_than_2_scans_in_window
067_S_5205,,baseline_not_mci
067_S_6474,,fewer_than_2_scans_in_window
067_S_6525,,fewer_than_2_scans_in_window
067_S_6529,,fewer_than_2_scans_in_window
067_S_6912,,fewer_than_2_scans_in_window
067_S_6986,,fewer_than_2_scans_in_window
067_S_6989,,fewer_than_2_scans_in_window
067_S_7008,,fewer_than_2_scans_in_window
067_S_7020,,fewer_than_2_scans_in_window
067_S_7029,,fewer_than_2_scans_in_window
067_S_7033,,baseline_not_mci
067_S_7068,,baseline_not_mci
068_S_0802,,fewer_than_2_scans_in_window
068_S_2171,,nonpositive_time_to_event
068_S_2194,,fewer_than_2_scans_in_window
068_S_4067,,fewer_than_2_scans_in_window
068_S_4332,,fewer_than_2_scans_in_window
068_S_4431,,fewer_than_2_scans_in_window
068_S_4859,,baseline_not_mci
070_S_4692,,baseline_not_mci
070_S_4708,,fewer_than_2_scans_in_window
070_S_4793,,nonpositive_time_to_event
070_S_6229,,fewer_than_2_scans_in_window
070_S_6236,,fewer_than_2_scans_in_window
070_S_6911,,fewer_than_2_scans_in_window
070_S_7078,,fewer_than_2_scans_in_window
072_S_2070,,fewer_than_2_scans_in_window
072_S_4057,,converted_at_or_before_landmark
072_S_4102,,converted_at_or_before_landmark
072_S_4131,,converted_at_or_before_landmark
072_S_4610,,nonpositive_time_to_event
073_S_0518,,fewer_than_2_scans_in_window
073_S_0565,,baseline_not_mci
073_S_10017,,fewer_than_2_scans_in_window
073_S_10228,,fewer_than_2_scans_in_window
073_S_10388,,fewer_than_2_scans_in_window
073_S_10465,,fewer_than_2_scans_in_window
073_S_1357,,fewer_than_2_scans_in_window
073_S_4403,,fewer_than_2_scans_in_window
073_S_4540,,fewer_than_2_scans_in_window
073_S_4853,,baseline_not_mci
073_S_4986,,fewer_than_2_scans_in_window
073_S_6669,,fewer_than_2_scans_in_window
073_S_6673,,fewer_than_2_scans_in_window
073_S_6929,,fewer_than_2_scans_in_window
073_S_7052,,fewer_than_2_scans_in_window
082_S_0641,,fewer_than_2_scans_in_window
082_S_0832,,fewer_than_2_scans_in_window
082_S_10155,,fewer_than_2_scans_in_window
082_S_1079,,baseline_not_mci
082_S_1119,,fewer_than_2_scans_in_window
082_S_1377,,baseline_not_mci
082_S_5029,,baseline_not_mci
082_S_6690,,baseline_not_mci
082_S_7117,,fewer_than_2_scans_in_window
094_S_0434,,baseline_not_mci
094_S_0531,,fewer_than_2_scans_in_window
094_S_1015,,converted_at_or_before_landmark
094_S_1027,,baseline_not_mci
094_S_1090,,baseline_not_mci
094_S_1102,,baseline_not_mci
094_S_1164,,baseline_not_mci
094_S_1314,,fewer_than_2_scans_in_window
094_S_1330,,fewer_than_2_scans_in_window
094_S_1397,,baseline_not_mci
094_S_1398,,converted_at_or_before_landmark
094_S_1402,,baseline_not_mci
094_S_1417,,fewer_than_2_scans_in_window
094_S_2201,,baseline_not_mci
094_S_4089,,baseline_not_mci
094_S_4282,,baseline_not_mci
094_S_4737,,baseline_not_mci
094_S_6736,,baseline_not_mci
098_S_0149,,baseline_not_mci
098_S_0269,,baseline_not_mci
098_S_0884,,baseline_not_mci
098_S_10390,,baseline_not_mci
098_S_4059,,nonpositive_time_to_event
098_S_4201,,baseline_not_mci
098_S_4215,,baseline_not_mci
098_S_6155,,fewer_than_2_scans_in_window
098_S_6534,,fewer_than_2_scans_in_window
098_S_6593,,fewer_than_2_scans_in_window
098_S_6601,,baseline_not_mci
098_S_6655,,baseline_not_mci
098_S_6658,,baseline_not_mci
098_S_6707,,fewer_than_2_scans_in_window
098_S_6747,,fewer_than_2_scans_in_window
099_S_0051,,fewer_than_2_scans_in_window
099_S_0372,,baseline_not_mci
099_S_0470,,baseline_not_mci
099_S_0551,,baseline_not_mci
099_S_0958,,fewer_than_2_scans_in_window
099_S_1144,,baseline_not_mci
099_S_4022,,nonpositive_time_to_event
099_S_4475,,nonpositive_time_to_event
099_S_4994,,baseline_not_mci
099_S_6379,,fewer_than_2_scans_in_window
099_S_6632,,fewer_than_2_scans_in_window
099_S_6691,,fewer_than_2_scans_in_window
100_S_0006,,fewer_than_2_scans_in_window
100_S_0296,,fewer_than_2_scans_in_window
100_S_0892,,baseline_not_mci
100_S_0930,,baseline_not_mci
100_S_0995,,baseline_not_mci
100_S_10036,,baseline_not_mci
100_S_10356,,baseline_not_mci
100_S_1062,,baseline_not_mci
100_S_1226,,baseline_not_mci
100_S_4512,,baseline_not_mci
100_S_6713,,baseline_not_mci
109_S_0777,,baseline_not_mci
109_S_0950,,fewer_than_2_scans_in_window
109_S_1157,,baseline_not_mci
109_S_1343,,fewer_than_2_scans_in_window
109_S_2237,,fewer_than_2_scans_in_window
109_S_6215,,fewer_than_2_scans_in_window
109_S_6219,,fewer_than_2_scans_in_window
109_S_6220,,fewer_than_2_scans_in_window
109_S_6221,,fewer_than_2_scans_in_window
109_S_6300,,fewer_than_2_scans_in_window
109_S_6363,,fewer_than_2_scans_in_window
109_S_6364,,fewer_than_2_scans_in_window
109_S_6373,,fewer_than_2_scans_in_window
109_S_6376,,fewer_than_2_scans_in_window
109_S_6406,,fewer_than_2_scans_in_window
114_S_0228,,baseline_not_mci
114_S_0374,,baseline_not_mci
114_S_0979,,baseline_not_mci
114_S_10841,,baseline_not_mci
114_S_4379,,baseline_not_mci
114_S_6039,,baseline_not_mci
114_S_6347,,baseline_not_mci
114_S_6368,,baseline_not_mci
114_S_6595,,baseline_not_mci
114_S_6597,,fewer_than_2_scans_in_window
116_S_0370,,baseline_not_mci
116_S_0392,,baseline_not_mci
116_S_0487,,baseline_not_mci
116_S_0752,,converted_at_or_before_landmark
116_S_0890,,nonpositive_time_to_event
116_S_1083,,baseline_not_mci
116_S_1243,,fewer_than_2_scans_in_window
116_S_1271,,fewer_than_2_scans_in_window
116_S_1315,,fewer_than_2_scans_in_window
116_S_4167,,converted_at_or_before_landmark
116_S_4195,,baseline_not_mci
116_S_4209,,baseline_not_mci
116_S_4338,,baseline_not_mci
116_S_4625,,baseline_not_mci
116_S_4732,,baseline_not_mci
116_S_6100,,baseline_not_mci
116_S_6543,,baseline_not_mci
116_S_6550,,fewer_than_2_scans_in_window
116_S_6775,,fewer_than_2_scans_in_window
123_S_0050,,converted_at_or_before_landmark
123_S_0088,,baseline_not_mci
123_S_0091,,baseline_not_mci
123_S_0094,,baseline_not_mci
123_S_0162,,baseline_not_mci
123_S_10450,,fewer_than_2_scans_in_window
123_S_10523,,fewer_than_2_scans_in_window
123_S_10678,,fewer_than_2_scans_in_window
123_S_10776,,baseline_not_mci
123_S_10796,,fewer_than_2_scans_in_window
123_S_10816,,fewer_than_2_scans_in_window
123_S_10821,,fewer_than_2_scans_in_window
123_S_1300,,fewer_than_2_scans_in_window
123_S_4096,,converted_at_or_before_landmark
123_S_4526,,baseline_not_mci
123_S_4904,,nonpositive_time_to_event
123_S_6825,,baseline_not_mci
123_S_6884,,fewer_than_2_scans_in_window
123_S_6888,,fewer_than_2_scans_in_window
123_S_6891,,baseline_not_mci
123_S_7125,,fewer_than_2_scans_in_window
126_S_0606,,baseline_not_mci
126_S_0784,,baseline_not_mci
126_S_0891,,baseline_not_mci
126_S_1077,,fewer_than_2_scans_in_window
126_S_1221,,baseline_not_mci
126_S_1340,,nonpositive_time_to_event
126_S_4458,,converted_at_or_before_landmark
126_S_4494,,baseline_not_mci
126_S_4686,,baseline_not_mci
126_S_4712,,converted_at_or_before_landmark
126_S_4743,,nonpositive_time_to_event
126_S_6683,,baseline_not_mci
126_S_6721,,baseline_not_mci
126_S_6724,,fewer_than_2_scans_in_window
126_S_7015,,fewer_than_2_scans_in_window
126_S_7060,,fewer_than_2_scans_in_window
126_S_7083,,fewer_than_2_scans_in_window
127_S_0394,,converted_at_or_before_landmark
127_S_0397,,fewer_than_2_scans_in_window
127_S_0431,,baseline_not_mci
127_S_0754,,baseline_not_mci
127_S_0844,,baseline_not_mci
127_S_1032,,fewer_than_2_scans_in_window
127_S_1210,,fewer_than_2_scans_in_window
127_S_1382,,baseline_not_mci
127_S_1419,,fewer_than_2_scans_in_window
127_S_4240,,converted_at_or_before_landmark
127_S_4500,,baseline_not_mci
127_S_4928,,converted_at_or_before_landmark
127_S_4940,,baseline_not_mci
127_S_4992,,baseline_not_mci
127_S_5028,,baseline_not_mci
127_S_5056,,baseline_not_mci
127_S_5058,,baseline_not_mci
127_S_5067,,baseline_not_mci
127_S_5095,,baseline_not_mci
127_S_6241,,fewer_than_2_scans_in_window
127_S_6433,,baseline_not_mci
127_S_6512,,fewer_than_2_scans_in_window
127_S_6549,,baseline_not_mci
128_S_0167,,baseline_not_mci
128_S_0216,,baseline_not_mci
128_S_0266,,baseline_not_mci
128_S_0310,,baseline_not_mci
128_S_0517,,baseline_not_mci
128_S_0528,,baseline_not_mci
128_S_0740,,baseline_not_mci
128_S_1406,,fewer_than_2_scans_in_window
128_S_1407,,fewer_than_2_scans_in_window
128_S_1408,,fewer_than_2_scans_in_window
128_S_1409,,baseline_not_mci
128_S_1430,,baseline_not_mci
128_S_2057,,fewer_than_2_scans_in_window
128_S_2130,,fewer_than_2_scans_in_window
128_S_4671,,nonpositive_time_to_event
128_S_4745,,fewer_than_2_scans_in_window
128_S_4772,,baseline_not_mci
128_S_4774,,baseline_not_mci
128_S_4792,,baseline_not_mci
128_S_5123,,baseline_not_mci
129_S_1204,,fewer_than_2_scans_in_window
129_S_1246,,fewer_than_2_scans_in_window
129_S_6763,,baseline_not_mci
129_S_6784,,baseline_not_mci
129_S_6830,,fewer_than_2_scans_in_window
129_S_6848,,fewer_than_2_scans_in_window
129_S_6852,,fewer_than_2_scans_in_window
129_S_6857,,fewer_than_2_scans_in_window
130_S_0285,,fewer_than_2_scans_in_window
130_S_0423,,converted_at_or_before_landmark
130_S_0956,,baseline_not_mci
130_S_10214,,fewer_than_2_scans_in_window
130_S_10533,,fewer_than_2_scans_in_window
130_S_10760,,fewer_than_2_scans_in_window
130_S_1201,,baseline_not_mci
130_S_1290,,baseline_not_mci
130_S_1337,,baseline_not_mci
130_S_4542,,converted_at_or_before_landmark
130_S_4589,,baseline_not_mci
130_S_4605,,nonpositive_time_to_event
130_S_4641,,baseline_not_mci
130_S_4660,,baseline_not_mci
130_S_4730,,baseline_not_mci
130_S_4971,,baseline_not_mci
130_S_4982,,baseline_not_mci
130_S_4984,,baseline_not_mci
130_S_4990,,baseline_not_mci
130_S_5006,,baseline_not_mci
130_S_6047,,fewer_than_2_scans_in_window
130_S_6072,,baseline_not_mci
130_S_6329,,fewer_than_2_scans_in_window
130_S_6604,,fewer_than_2_scans_in_window
130_S_6611,,fewer_than_2_scans_in_window
130_S_6612,,fewer_than_2_scans_in_window
130_S_6639,,fewer_than_2_scans_in_window
130_S_6646,,fewer_than_2_scans_in_window
130_S_6647,,fewer_than_2_scans_in_window
130_S_6688,,fewer_than_2_scans_in_window
130_S_6823,,fewer_than_2_scans_in_window
131_S_0409,,fewer_than_2_scans_in_window
131_S_0457,,baseline_not_mci
131_S_0497,,baseline_not_mci
131_S_0691,,baseline_not_mci
131_S_5138,,baseline_not_mci
131_S_6143,,fewer_than_2_scans_in_window
131_S_6616,,fewer_than_2_scans_in_window
131_S_6805,,fewer_than_2_scans_in_window
131_S_7032,,fewer_than_2_scans_in_window
132_S_0987,,fewer_than_2_scans_in_window
133_S_1055,,baseline_not_mci
133_S_1170,,baseline_not_mci
135_S_10204,,fewer_than_2_scans_in_window
135_S_10332,,fewer_than_2_scans_in_window
135_S_10459,,fewer_than_2_scans_in_window
135_S_4657,,baseline_not_mci
135_S_4676,,baseline_not_mci
135_S_4689,,converted_at_or_before_landmark
135_S_4863,,baseline_not_mci
135_S_4954,,baseline_not_mci
135_S_5015,,baseline_not_mci
135_S_6284,,baseline_not_mci
135_S_6389,,baseline_not_mci
135_S_6446,,fewer_than_2_scans_in_window
135_S_6544,,fewer_than_2_scans_in_window
135_S_6545,,baseline_not_mci
135_S_6586,,fewer_than_2_scans_in_window
135_S_6687,,baseline_not_mci
135_S_6703,,fewer_than_2_scans_in_window
135_S_6840,,baseline_not_mci
135_S_7003,,baseline_not_mci
136_S_0194,,baseline_not_mci
136_S_0299,,baseline_not_mci
136_S_0300,,baseline_not_mci
136_S_0426,,baseline_not_mci
136_S_0429,,converted_at_or_before_landmark
136_S_0579,,fewer_than_2_scans_in_window
136_S_0695,136_S_0695_m12_2007-09-25,scan_diagnosis_ad
136_S_1227,,fewer_than_2_scans_in_window
136_S_4189,,converted_at_or_before_landmark
136_S_4408,,fewer_than_2_scans_in_window
136_S_4517,,fewer_than_2_scans_in_window
137_S_0366,,baseline_not_mci
137_S_0631,,converted_at_or_before_landmark
137_S_0722,,fewer_than_2_scans_in_window
137_S_0796,,baseline_not_mci
137_S_0841,,baseline_not_mci
137_S_10250,,fewer_than_2_scans_in_window
137_S_1041,,baseline_not_mci
137_S_10671,,fewer_than_2_scans_in_window
137_S_1426,,nonpositive_time_to_event
137_S_4211,,baseline_not_mci
137_S_4258,,baseline_not_mci
137_S_4672,,baseline_not_mci
137_S_4756,,baseline_not_mci
137_S_4852,,nonpositive_time_to_event
137_S_6557,,fewer_than_2_scans_in_window
137_S_6576,,fewer_than_2_scans_in_window
137_S_6654,,fewer_than_2_scans_in_window
137_S_6659,,fewer_than_2_scans_in_window
137_S_6685,,fewer_than_2_scans_in_window
137_S_6693,,fewer_than_2_scans_in_window
137_S_6812,,baseline_not_mci
137_S_6880,,fewer_than_2_scans_in_window
137_S_6883,,fewer_than_2_scans_in_window
137_S_6903,,fewer_than_2_scans_in_window
137_S_6906,,fewer_than_2_scans_in_window
137_S_6919,,fewer_than_2_scans_in_window
141_S_0696,,baseline_not_mci
141_S_0697,,fewer_than_2_scans_in_window
141_S_0790,,baseline_not_mci
141_S_0852,,baseline_not_mci
141_S_0853,,baseline_not_mci
141_S_0915,,fewer_than_2_scans_in_window
141_S_0982,,converted_at_or_before_landmark
141_S_1004,,converted_at_or_before_landmark
141_S_1024,,baseline_not_mci
141_S_1051,,nonpositive_time_to_event
141_S_1137,,baseline_not_mci
141_S_1152,,baseline_not_mci
141_S_1244,,converted_at_or_before_landmark
141_S_1378,,fewer_than_2_scans_in_window
141_S_4053,,nonpositive_time_to_event
141_S_4423,,nonpositive_time_to_event
141_S_4438,,nonpositive_time_to_event
141_S_4456,,nonpositive_time_to_event
141_S_4803,,fewer_than_2_scans_in_window
141_S_4907,,fewer_than_2_scans_in_window
141_S_4976,,fewer_than_2_scans_in_window
141_S_6041,,fewer_than_2_scans_in_window
141_S_6075,,fewer_than_2_scans_in_window
141_S_6779,,fewer_than_2_scans_in_window
141_S_6787,,fewer_than_2_scans_in_window
141_S_6964,,fewer_than_2_scans_in_window
141_S_7013,,fewer_than_2_scans_in_window
153_S_4172,,baseline_not_mci
153_S_4297,,nonpositive_time_to_event
153_S_6274,,fewer_than_2_scans_in_window
153_S_6336,,fewer_than_2_scans_in_window
153_S_6450,,fewer_than_2_scans_in_window
153_S_6665,,baseline_not_mci
153_S_6679,,fewer_than_2_scans_in_window
153_S_6755,,fewer_than_2_scans_in_window
158_S_10714,,fewer_than_2_scans_in_window
158_S_10754,,fewer_than_2_scans_in_window
158_S_10782,,fewer_than_2_scans_in_window
158_S_10817,,fewer_than_2_scans_in_window
158_S_10843,,fewer_than_2_scans_in_window
158_S_10850,,fewer_than_2_scans_in_window
158_S_10861,,fewer_than_2_scans_in_window
158_S_10862,,fewer_than_2_scans_in_window
168_S_6142,,baseline_not_mci
168_S_6180,,fewer_than_2_scans_in_window
168_S_6426,,fewer_than_2_scans_in_window
168_S_6467,,fewer_than_2_scans_in_window
168_S_6541,,fewer_than_2_scans_in_window
168_S_6591,,fewer_than_2_scans_in_window
168_S_6619,,fewer_than_2_scans_in_window
168_S_6634,,fewer_than_2_scans_in_window
168_S_6735,,baseline_not_mci
168_S_6754,,baseline_not_mci
168_S_6815,,fewer_than_2_scans_in_window
168_S_6817,,fewer_than_2_scans_in_window
168_S_6821,,fewer_than_2_scans_in_window
168_S_6827,,baseline_not_mci
168_S_6828,,baseline_not_mci
168_S_6843,,baseline_not_mci
168_S_6851,,fewer_than_2_scans_in_window
168_S_6860,,fewer_than_2_scans_in_window
168_S_6873,,fewer_than_2_scans_in_window
168_S_6874,,fewer_than_2_scans_in_window
168_S_6875,,fewer_than_2_scans_in_window
168_S_6902,,fewer_than_2_scans_in_window
168_S_6908,,fewer_than_2_scans_in_window
168_S_6921,,baseline_not_mci
168_S_6938,,baseline_not_mci
301_S_10123,,fewer_than_2_scans_in_window
301_S_10389,,fewer_than_2_scans_in_window
301_S_10623,,fewer_than_2_scans_in_window
301_S_10875,,fewer_than_2_scans_in_window
301_S_6056,,fewer_than_2_scans_in_window
301_S_6297,,fewer_than_2_scans_in_window
301_S_6508,,fewer_than_2_scans_in_window
301_S_6592,,baseline_not_mci
301_S_6615,,fewer_than_2_scans_in_window
301_S_6698,,fewer_than_2_scans_in_window
301_S_6777,,fewer_than_2_scans_in_window
301_S_6811,,fewer_than_2_scans_in_window
305_S_10709,,fewer_than_2_scans_in_window
305_S_10806,,fewer_than_2_scans_in_window
305_S_6378,,fewer_than_2_scans_in_window
305_S_6498,,fewer_than_2_scans_in_window
305_S_6631,,fewer_than_2_scans_in_window
305_S_6742,,fewer_than_2_scans_in_window
305_S_6744,,fewer_than_2_scans_in_window
305_S_6810,,baseline_not_mci
305_S_6845,,fewer_than_2_scans_in_window
305_S_6850,,baseline_not_mci
305_S_6871,,fewer_than_2_scans_in_window
305_S_6877,,fewer_than_2_scans_in_window
305_S_6881,,baseline_not_mci
305_S_6882,,fewer_than_2_scans_in_window
305_S_6899,,fewer_than_2_scans_in_window
341_S_6605,,fewer_than_2_scans_in_window
341_S_6686,,fewer_than_2_scans_in_window
341_S_6764,,fewer_than_2_scans_in_window
341_S_6820,,baseline_not_mci
389_S_10076,,fewer_than_2_scans_in_window
389_S_10183,,baseline_not_mci
389_S_10251,,baseline_not_mci
389_S_10676,,baseline_not_mci
405_S_10763,,fewer_than_2_scans_in_window
405_S_10842,,fewer_than_2_scans_in_window
405_S_10854,,fewer_than_2_scans_in_window
405_S_10865,,baseline_not_mci
405_S_10873,,fewer_than_2_scans_in_window
941_S_10001,,baseline_not_mci
941_S_10002,,fewer_than_2_scans_in_window
941_S_10012,,fewer_than_2_scans_in_window
941_S_10038,,fewer_than_2_scans_in_window
941_S_10039,,fewer_than_2_scans_in_window
941_S_10085,,baseline_not_mci
941_S_10111,,fewer_than_2_scans_in_window
941_S_10470,,baseline_not_mci
941_S_10893,,fewer_than_2_scans_in_window
941_S_1295,,fewer_than_2_scans_in_window
941_S_1311,,fewer_than_2_scans_in_window
941_S_1363,,converted_at_or_before_landmark
941_S_4420,,nonpositive_time_to_event
941_S_6017,,fewer_than_2_scans_in_window
941_S_6052,,nonpositive_time_to_event
941_S_6345,,fewer_than_2_scans_in_window
941_S_6392,,fewer_than_2_scans_in_window
941_S_6803,,fewer_than_2_scans_in_window
941_S_6854,,baseline_not_mci
941_S_6962,,baseline_not_mci
941_S_7041,,fewer_than_2_scans_in_window
941_S_7085,,fewer_than_2_scans_in_window
941_S_7106,,fewer_than_2_scans_in_window
