subject,seg_csf_mm3_bl,seg_gm_total_mm3_bl,seg_wm_total_mm3_bl,seg_brain_mm3_bl,seg_tiv_mm3_bl,seg_bpf_bl,qc_brain_mask_vol_mm3_bl,qc_brain_mean_bl,qc_brain_std_bl,qc_snr_bl,qc_brain_bg_ratio_bl,meta_field_strength_t_bl,field_strength_mode_t,long_brain_vol_last,long_brain_vol_delta,long_brain_vol_pctchg,long_brain_vol_slope_yr,long_brain_vol_mean,long_brain_vol_std,long_brain_intensity_last,long_brain_intensity_delta,long_brain_intensity_pctchg,long_brain_intensity_slope_yr,long_brain_intensity_mean,long_brain_intensity_std,long_snr_last,long_snr_delta,long_snr_pctchg,long_snr_slope_yr,long_snr_mean,long_snr_std,long_brain_bg_ratio_last,long_brain_bg_ratio_delta,long_brain_bg_ratio_pctchg,long_brain_bg_ratio_slope_yr,long_brain_bg_ratio_mean,long_brain_bg_ratio_std,n_visits_used
OAS30013,1920587.083026512,906098.9141704352,384159.2041071088,1290258.1182775442,3210845.138804053,0.4018437708765138,3033491.9081279184,249.1016998291016,101.38648986816406,2.4569515888760374,15.57080240346627,3.0,3.0,874186.25,-416071.86827754416,-32.24718080696811,-136418.53670410503,1082222.184138772,208035.93413877208,316.78546142578125,67.68376159667966,27.171135983060214,22.191646250616916,282.9435806274414,33.84188079833983,2.075783159946375,-0.3811684289296622,-15.51387624629724,-0.12497465768990944,2.2663673744112063,0.1905842144648311,10.89783939156708,-4.67296301189919,-30.011061028293096,-1.5321362119355288,13.234320897516675,2.336481505949595,2
OAS30029,1405750.4039633253,1121471.6733844,860958.5661818787,1982430.2395662784,3388180.768529596,0.585101674025089,3186589.003332875,308.0248107910156,99.28206634521484,3.102522127384585,14.895406574721417,3.0,3.0,1982430.2395662784,0.0,0.0,,1982430.2395662784,,308.0248107910156,0.0,0.0,,308.0248107910156,,3.102522127384585,0.0,0.0,,3.102522127384585,,14.895406574721417,0.0,0.0,,14.895406574721417,,1
OAS30040,956432.5625,592124.0625,314891.375,907015.4375,1863448.0,0.4867404067620883,1711628.75,1575.0242919921875,644.08203125,2.445378403881391,7.913734324080922,1.5,1.5,1089207.6733046656,182192.2358046656,20.087004947439564,49996.77996067176,998111.5554023328,91096.1179023328,302.10076904296875,-1272.9235229492188,-80.81929462428461,-349.31278494154935,938.5625305175781,636.4617614746094,2.871699738618985,0.42632133473759426,17.433757248404664,0.11699013336807387,2.658539071250188,0.21316066736879713,15.163425303464006,7.249690979383084,91.60897602188638,1.989443749225899,11.538579813772465,3.624845489691542,2
OAS30051,1487739.8794242898,931349.877769679,376020.1886182212,1307370.0663879002,2795110.0083121904,0.4677347447864305,2676379.9175013183,273.2580261230469,95.48810577392578,2.8616969731110364,14.609572673858471,3.0,3.0,1307370.0663879002,0.0,0.0,,1307370.0663879002,,273.2580261230469,0.0,0.0,,273.2580261230469,,2.8616969731110364,0.0,0.0,,2.8616969731110364,,14.609572673858471,0.0,0.0,,14.609572673858471,,1
OAS30058,1463757.3235270218,936170.9670795788,458644.60887177737,1394815.575951356,2858572.899478378,0.4879412297674398,2657193.4223927143,219.77508544921875,76.26301574707031,2.881804245668809,15.24545413381355,3.0,3.0,1391302.851329626,-3512.7246217299253,-0.25184151097065405,-1394.589856616147,1393059.213640491,1756.3623108649626,232.7961578369141,13.021072387695341,5.9247263451543475,5.169507271310569,226.2856216430664,6.5105361938476705,2.7336033731759004,-0.1482008724929087,-5.142641895806987,-0.05883735725873359,2.807703809422355,0.07410043624645435,14.49674288289193,-0.7487112509216196,-4.911045904897124,-0.2972465047816539,14.87109850835274,0.3743556254608098,2
OAS30068,2234290.25,733744.0,605860.75,1339604.75,3573895.0,0.3748304720759843,3262246.5093767736,276.6599426269531,111.4404296875,2.4825814196892315,15.16952013075249,3.0,3.0,1339604.75,0.0,0.0,,1339604.75,,276.6599426269531,0.0,0.0,,276.6599426269531,,2.4825814196892315,0.0,0.0,,2.4825814196892315,,15.16952013075249,0.0,0.0,,15.16952013075249,,1
OAS30076,1120959.8160407918,711675.7294280228,716206.5421949534,1427882.2716229763,2548842.150163772,0.5602081994490048,2449350.711503433,296.7386779785156,97.82022857666016,3.033510340986945,13.925656981051368,3.0,3.0,1379404.489914827,-48477.78170814924,-3.3950825408769765,-14743.138858369284,1403643.3807689017,24238.89085407462,325.0766296386719,28.33795166015625,9.549800468615677,8.618182218045021,310.90765380859375,14.168975830078125,3.026908473220689,-0.006601867766256042,-0.21763129260037864,-0.002007770359388026,3.030209407103817,0.003300933883128021,15.10815509233434,1.182498111282971,8.491506812870627,0.35962317664121995,14.516906036692854,0.5912490556414856,2
OAS30094,1135495.75,664436.5,385026.6875,1049463.1875,2184959.0,0.4803125310360515,1945560.0,1434.8626708984375,558.589599609375,2.568724282251444,7.531474558773938,1.5,1.5,1049463.1875,0.0,0.0,,1049463.1875,,1434.8626708984375,0.0,0.0,,1434.8626708984375,,2.568724282251444,0.0,0.0,,2.568724282251444,,7.531474558773938,0.0,0.0,,7.531474558773938,,1
OAS30119,1356295.875,397149.6875,320500.375,717650.0625,2073946.0,0.3460312189902726,1954890.0,1550.0091552734375,604.2157592773438,2.5653239408418624,5.767887223402772,1.5,3.0,1556400.5849323866,838750.5224323866,116.87458362513368,158694.51728797326,1311940.4907883017,422422.8187773804,323.0648498535156,-1226.9443054199219,-79.15722957155542,-230.6334066551509,704.9820048014323,598.4431095859403,2.78368512701795,0.21836118617608768,8.512031665849893,0.04133291008788776,2.720335671533641,0.11021760727220284,11.48261794765699,5.714730724254219,99.07840605945147,1.0894327327446314,9.948941914299638,2.991209023118754,3
OAS30128,2174655.0,584872.5625,410939.46875,995812.03125,3170467.0,0.3140900161553487,3014709.0410520206,288.52471923828125,118.66148376464844,2.4314942612637727,15.483102970068694,3.0,3.0,927733.25,-68078.78125,-6.8365092119386865,-20550.227150051654,961772.640625,34039.390625,307.8741760253906,19.349456787109375,6.706342818110297,5.840817430984876,298.19944763183594,9.674728393554688,2.237764770044865,-0.1937294912189076,-7.9675076476724405,-0.05847908815512892,2.334629515654319,0.0968647456094538,11.291981408669228,-4.191121561399466,-27.06900270250461,-1.2651298762819465,13.387542189368961,2.095560780699733,2
OAS30139,1777518.0077327518,1041092.379529073,404726.5955106856,1445818.9750397587,3223337.0140225105,0.4485472566939169,2958392.97203856,255.8045654296875,93.02252960205078,2.7499205168263616,13.54951530846814,3.0,3.0,1439139.75,-6679.2250397587195,-0.46196827922908174,-1523.7894726869908,1442479.3625198794,3339.6125198793598,281.3197021484375,25.51513671875,9.974464949791248,5.820989185836001,268.5621337890625,12.757568359375,2.526806968625124,-0.2231135482012374,-8.113454437538767,-0.050900826658652074,2.638363742725743,0.1115567741006187,15.453932837024473,1.9044175285563334,14.055244672598107,0.4344712693973771,14.501724072746306,0.9522087642781667,2
OAS30145,1538287.7425645236,1030375.120019573,440641.1228701146,1471016.2428896877,3009303.9854542115,0.4888227477184093,2875193.118776724,235.0229949951172,79.81094360351562,2.944746440010993,10.60012025102125,3.0,3.0,1471016.2428896877,0.0,0.0,,1471016.2428896877,,235.0229949951172,0.0,0.0,,235.0229949951172,,2.944746440010993,0.0,0.0,,2.944746440010993,,10.60012025102125,0.0,0.0,,10.60012025102125,,1
OAS30153,1178848.5,517665.125,341059.375,858724.5,2037573.0,0.4214447776840388,1929740.0,1429.27734375,589.0977783203125,2.426214108970276,6.344333707924894,1.5,1.5,858724.5,0.0,0.0,,858724.5,,1429.27734375,0.0,0.0,,1429.27734375,,2.426214108970276,0.0,0.0,,2.426214108970276,,6.344333707924894,0.0,0.0,,6.344333707924894,,1
OAS30181,1513415.625,646149.5,430205.8125,1076355.3125,2589771.0,0.4156179494248719,2535510.738453164,286.6101379394531,111.75120544433594,2.564716275185948,17.502683861224707,3.0,3.0,1076355.3125,0.0,0.0,,1076355.3125,,286.6101379394531,0.0,0.0,,286.6101379394531,,2.564716275185948,0.0,0.0,,2.564716275185948,,17.502683861224707,0.0,0.0,,17.502683861224707,,1
OAS30185,1358816.4319458676,807795.5845428592,420982.69766575965,1228778.282208619,2587594.8704044786,0.4748727462180133,2331097.3953223363,218.976791381836,88.41651153564453,2.476650402757708,14.151427769938756,3.0,3.0,676122.421875,-552655.8603336189,-44.976043956462966,-84102.94559852705,909137.9430278729,233787.6804767447,298.27960205078125,79.30281066894526,36.215166990305704,8.823154312820657,297.6177215576172,63.94155188947534,1.9090724035260351,-0.5675779992316727,-22.917162575698384,-0.09172361116884938,2.2024107140111364,0.23210595901755843,15.33911785176448,1.187690081825723,8.392722636430225,0.17469516057673123,14.899426544003846,0.5316277224719728,3
OAS30206,1380406.0268945992,967070.8938415464,784684.0777880844,1751754.9716296308,3132161.061024231,0.5592799787431106,2984421.321754068,236.6641998291016,78.75677490234375,3.00500112044402,13.891665854988418,3.0,3.0,1157149.875,-594605.0966296308,-33.94339426800534,-71287.30022083808,1490720.222457021,216862.05322150447,241.55471801757807,4.890518188476477,2.0664376749875926,-1.4903398668784176,244.46993255615234,15.067776887855704,2.482738033919415,-0.522263086524605,-17.379796731903884,-0.06206029098240415,2.8224554904382844,0.2030049179244808,16.24991277773068,2.358246922742264,16.975983639107124,0.21563294151175708,14.26851577691264,1.1961070225421393,4
OAS30218,1457357.163933813,910418.0087340404,713618.5828562952,1624036.5915903356,3081393.818024145,0.5270460991031981,2935305.627757191,248.08946228027344,85.24913787841797,2.9101697160143494,12.817758694222062,3.0,3.0,1494361.6457418732,-129674.9458484624,-7.984730548557308,-63236.01331261802,1559199.1186661045,64837.4729242312,352.8099365234375,104.72047424316406,42.21077077625267,51.066960236736556,300.44969940185547,52.36023712158203,2.8460742308094327,-0.0640954852049167,-2.202465541861912,-0.03125617619638962,2.878121973411891,0.03204774260245835,13.964197762541058,1.1464390683189958,8.944146130912754,0.5590612412596973,13.39097822838156,0.5732195341594979,2
OAS30237,1565885.25,883163.3125,373645.34375,1256808.65625,2822694.0,0.4452514712009165,2624018.75,1304.401611328125,455.2947082519531,2.864961056699407,5.202216956032868,1.5,3.0,1651340.2468793842,394531.59062938415,31.391539886951996,73026.09870874776,1497645.9691196338,172451.39494412104,268.6703186035156,-1035.7312927246094,-79.40279157352781,-194.81997712869466,598.2473805745443,499.694974104843,2.8104673289406565,-0.0544937277587505,-1.9020756889983794,-0.009038318609371024,2.856600924911184,0.03476125753872231,12.422917570767888,7.22070061473502,138.8004513414492,1.345304606461958,9.81870994530413,3.273285671508482,3
OAS30244,1671650.5231654143,1128626.5156402912,453541.9437850978,1582168.4594253888,3253819.045090804,0.4862496769181076,2998869.8747641454,258.5629577636719,92.3355484008789,2.800253634070116,13.870642267290508,3.0,3.0,1582168.4594253888,0.0,0.0,,1582168.4594253888,,258.5629577636719,0.0,0.0,,258.5629577636719,,2.800253634070116,0.0,0.0,,2.800253634070116,,13.870642267290508,0.0,0.0,,13.870642267290508,,1
OAS30262,1238513.6990372643,820309.7162456481,718600.5329308084,1538910.2491764566,2777423.8857137235,0.5540782799097294,2599770.307454988,258.4314270019531,86.09667205810547,3.001642430800332,14.711985600204924,3.0,3.0,1538910.2491764566,0.0,0.0,,1538910.2491764566,,258.4314270019531,0.0,0.0,,258.4314270019531,,3.001642430800332,0.0,0.0,,3.001642430800332,,14.711985600204924,0.0,0.0,,14.711985600204924,,1
OAS30314,1592810.0,790144.125,410418.875,1200563.0,2793373.0,0.4297897201698448,2464013.75,1331.2445068359375,551.8997192382812,2.412113030717204,6.885836722635563,1.5,1.5,1393354.625,192791.625,16.058434667735057,90843.00548650035,1265069.0416666667,90712.09077420976,242.3229217529297,-1088.9215850830078,-81.79726410072665,-508.0078667845719,977.3121083577474,519.833794879324,2.8705752442202543,0.4584622135030503,19.006663770094296,0.21514459792387583,2.563706159719876,0.21699441938956793,14.351611216958736,7.465774494323172,108.42218302651878,3.5179033035723672,9.383900447964443,3.5127211285303765,3
OAS30322,1245917.875,678085.4375,311576.6875,989662.125,2235580.0,0.4426869649039623,1967477.5,1343.324951171875,573.9927978515625,2.340316731951311,7.260958992024042,1.5,1.5,1207202.6875,217540.5625,21.981296141852454,22928.044979779555,1226319.3364972458,277962.75086866744,261.8543701171875,-1081.4705810546875,-80.50699721696125,-109.65343986973967,763.071475982666,519.1763493430295,2.4710262094581448,0.1307094775068336,5.58511913034312,0.010827590054744709,2.5672820077780694,0.26193755479951986,16.759896939894393,9.49893794787035,130.82208504833406,1.0293118334535825,11.23923762088625,4.379814786923554,4
OAS30355,1679556.5984751445,996280.9334135771,394482.7106291652,1390763.6440427424,3070320.1800178834,0.4529702319302223,2967234.7590233213,226.5216827392578,78.17420959472656,2.897652320579217,13.760778649497457,3.0,3.0,1413444.125,22680.48095725756,1.6307933453975534,10189.478068435823,1402103.8845213712,11340.24047862878,255.43850708007807,28.916824340820256,12.76558781973447,12.991230123597292,240.98009490966794,14.458412170410128,2.5294512163508296,-0.36820110422838725,-12.706876584654811,-0.1654187617705024,2.713551768465023,0.18410055211419363,14.491251622803444,0.7304729733059876,5.3083694746638805,0.32817374354245016,14.12601513615045,0.3652364866529938,2
OAS30373,1743120.552380808,1163722.6599698896,405532.9184362724,1569255.578406162,3312376.099536969,0.4737552534042029,3178020.2524979403,239.5954742431641,81.52931213378906,2.93876478328708,13.54035318080317,3.0,3.0,1569255.578406162,0.0,0.0,,1569255.578406162,,239.5954742431641,0.0,0.0,,239.5954742431641,,2.93876478328708,0.0,0.0,,2.93876478328708,,13.54035318080317,0.0,0.0,,13.54035318080317,,1
OAS30399,1618429.6007729757,967397.735518574,396295.6190676668,1363693.3545862408,2982122.9553592163,0.4572894461428989,2784032.104788001,262.7271728515625,91.32262420654295,2.876912180933876,13.824628191194623,3.0,3.0,1335698.3807873214,-27994.97379891947,-2.0528789485385035,-12172.814500065877,1349695.867686781,13997.486899459735,261.6889343261719,-1.038238525390625,-0.39517744362788715,-0.4514483588082451,262.2080535888672,0.5191192626953125,2.787725104917932,-0.08918707601594367,-3.1000972711997283,-0.038780451803361225,2.832318642925904,0.044593538007971834,13.844438041058265,0.019809849863641205,0.14329390700184452,0.00861374721749399,13.834533116126444,0.009904924931820602,2
OAS30418,1895314.2682181783,1027480.1348763654,420391.6602908973,1447871.795167263,3343186.0321354405,0.4330814322774742,3160146.622099717,291.38006591796875,100.12969970703124,2.910026334449112,12.108149213739264,3.0,3.0,1359645.5,-88226.2951672629,-6.09351570088916,-13801.88244307441,1423182.1968884591,45297.48037530333,276.42059326171875,-14.95947265625,-5.134006888604895,0.6490354647815465,261.23667399088544,32.627905345607246,2.28709689373882,-0.6229294407102923,-21.40631627061262,-0.08897121371474423,2.6620833481328536,0.2697100963526468,12.148277462532157,0.04012824879289312,0.3314152153605698,-0.03572978889657964,12.48414793232032,0.5036340437923054,3
OAS30445,1820289.75,913651.5,588584.75,1502236.25,3322526.0,0.4521367929099727,3049102.630504605,331.5291442871094,133.09388732910156,2.490941909123104,14.634525255367569,3.0,3.0,1245342.96875,-256893.28125,-17.1007244200105,-81876.32720467933,1373789.609375,128446.640625,311.2373352050781,-20.29180908203125,-6.120671268785416,-6.467350145909175,321.38323974609375,10.145904541015625,2.57091966273963,0.0799777536165256,3.2107434269585378,0.025490291892177986,2.5309307859313668,0.0399888768082628,14.937967233122947,0.3034419777553783,2.0734664942006478,0.09671220102543798,14.786246244245259,0.15172098887768914,2
OAS30472,1465066.9174965809,950579.0275730466,634910.0184165683,1585489.045989615,3050556.0884862,0.5197377133873301,2976946.2589248074,237.3687286376953,79.70095825195312,2.97824180368166,11.18365440461318,3.0,3.0,1319533.2566493014,-265955.7893403135,-16.774369398075017,-79623.23939061436,1452511.1513194581,132977.89467015676,235.96438598632807,-1.4043426513672443,-0.5916291751769647,-0.42043947000974263,236.6665573120117,0.7021713256836222,2.813949944565908,-0.16429185911575184,-5.516404306482321,-0.04918655864100685,2.896095874123784,0.08214592955787592,12.394730200778238,1.2110757961650584,10.828980871096107,0.3625782250403997,11.789192302695708,0.6055378980825292,2
OAS30479,1513418.5664628362,968578.1050357856,558803.4620402453,1527381.5670760311,3040800.133538868,0.5022959418574059,2891993.3693181514,256.547607421875,89.46566009521484,2.86755392271501,12.797665912250295,3.0,3.0,1134718.59375,-392662.9733260311,-25.708243558139316,-71955.93719475715,1361187.618783801,165873.1770810892,297.510009765625,40.96240234375,15.966784003715198,8.223866052546786,259.7857971191406,29.568496022888343,2.4525881383073105,-0.4149657844076997,-14.471071707513303,-0.076395223717497,2.6988429657739577,0.17806167367767448,10.992586513020289,-1.8050793992300065,-14.104754817064979,-0.3538188626596074,12.486358903306623,1.1145241713952871,3
OAS30506,1252654.125,797554.75,521059.0625,1318613.8125,2571268.0,0.5128262835690407,2417905.0,1540.64111328125,566.4293212890625,2.719917653724543,5.749649478548887,1.5,1.5,1377792.8266083363,59179.0141083363,4.487971652301822,18521.966497917598,1348203.3195541683,29589.50705416815,264.49542236328125,-1276.1456909179688,-82.8321196881498,-399.41063719604807,902.5682678222656,638.0728454589844,2.825689957506272,0.10577230378172908,3.888805370151146,0.03310482772602961,2.772803805615408,0.05288615189086454,15.951458082587394,10.201808604038506,177.43357472659824,3.1929825129606377,10.850553780568141,5.100904302019253,2
OAS30515,1809508.25,804408.625,311455.0625,1115863.6875,2925372.0,0.3814433472050734,2911195.8965484286,236.26011657714844,87.26669311523438,2.707334326944601,12.510798239509867,3.0,3.0,1060777.75,-55085.9375,-4.936618882492311,-37053.66237914365,1088320.71875,27542.96875,247.3303375244141,11.070220947265653,4.6856071636834145,7.446405526682836,241.79522705078125,5.535110473632827,2.6483967390007703,-0.05893758794383075,-2.176960095295861,-0.03964448249812925,2.6778655329726857,0.029468793971915375,14.507122469615776,1.996324230105909,15.956809404865908,1.3428313536762124,13.508960354562822,0.9981621150529545,2
OAS30521,1035732.757979658,705637.8804364882,646481.5049807263,1352119.3854172146,2387852.018396872,0.5662492378087084,2312788.7129182266,259.1742248535156,85.18621063232422,3.0424433706730425,16.191757777081897,3.0,3.0,1395543.8591869017,43424.473769687116,3.211585769572257,18421.357775119883,1373831.6223020582,21712.236884843558,281.93975830078125,22.765533447265625,8.78387249354469,9.657504171444563,270.55699157714844,11.382766723632812,2.945528616197381,-0.09691475447566145,-3.1854250899079903,-0.041112792186103767,2.9939859934352118,0.04845737723783072,12.090237517130925,-4.101520259950972,-25.330914138033467,-1.739930632923452,14.14099764710641,2.050760129975486,2
OAS30527,1795020.25,661827.3125,558562.4375,1220389.75,3015410.0,0.404717683499093,2875960.020557593,291.9943542480469,115.61551666259766,2.525563697255398,16.099084817121284,3.0,3.0,1220389.75,0.0,0.0,,1220389.75,,291.9943542480469,0.0,0.0,,291.9943542480469,,2.525563697255398,0.0,0.0,,2.525563697255398,,16.099084817121284,0.0,0.0,,16.099084817121284,,1
OAS30530,1081031.875,620258.875,234857.1875,855116.0625,1936148.0,0.4416584178998713,1828687.5,1412.7918701171875,564.0493774414062,2.504730834064644,8.309806429325064,1.5,1.5,942142.3125,87026.25,10.177127271539236,78874.28737593052,898629.1875,43513.125,1362.507568359375,-50.2843017578125,-3.5592151130967045,-45.5740476849653,1387.6497192382812,25.14215087890625,2.53658455186868,0.03185371780403612,1.2717421517243164,0.028869901806263507,2.5206576929666618,0.01592685890201806,8.005259974008949,-0.3045464553161157,-3.664904326066852,-0.2760188407052388,8.157533201667007,0.15227322765805784,2
OAS30539,941866.6875,241196.71875,237482.59375,478679.3125,1420546.0,0.3369685406174809,1366502.5,1605.3275146484375,699.6437377929688,2.294492790599344,7.866148233331796,1.5,1.5,562565.71875,83886.40625,17.524552254386386,63044.25901813272,520622.515625,41943.203125,1503.677001953125,-101.6505126953125,-6.332073160633124,-76.39475259663146,1554.5022583007812,50.82525634765625,2.3913905319519126,0.09689774135256846,4.223057128336316,0.07282283956589636,2.3429416612756286,0.04844887067628423,6.993903570170423,-0.8722446631613723,-11.088586653698531,-0.6555295539499819,7.43002590175111,0.43612233158068614,2
OAS30541,1708259.1773811858,964186.7090120186,508320.8533910673,1472507.562403086,3180766.8647842663,0.4629410532113795,2920822.9106066213,298.4045104980469,108.24089813232422,2.756855429787664,15.032160015582615,3.0,3.0,1478561.9722703935,6054.409867307404,0.4111632443793224,2890.683926841868,1475534.7673367397,3027.204933653702,233.812240600586,-64.59226989746088,-21.645875858127706,-30.8396425882975,266.1083755493164,32.29613494873044,2.6917061774373328,-0.0651492523503312,-2.3631726076890827,-0.031105574406481658,2.7242808036124986,0.0325746261751656,13.521965292882012,-1.5101947227006036,-10.04642527178468,-0.7210439509364647,14.277062654232314,0.7550973613503018,2
OAS30563,1398503.625,760658.75,337009.625,1097668.375,2496172.0,0.439740680930641,2203916.25,1287.50537109375,527.3936157226562,2.4412608159624702,6.642657490003833,1.5,1.5,1097668.375,0.0,0.0,,1097668.375,,1287.50537109375,0.0,0.0,,1287.50537109375,,2.4412608159624702,0.0,0.0,,2.4412608159624702,,6.642657490003833,0.0,0.0,,6.642657490003833,,1
OAS30591,1365049.8051640652,794247.2820969307,323329.04431629577,1117576.3264132263,2482626.10032729,0.4501589370489151,2429109.161505537,263.3690185546875,90.04313659667969,2.924920494600792,15.332351229184804,3.0,3.0,1117576.3264132263,0.0,0.0,,1117576.3264132263,,263.3690185546875,0.0,0.0,,263.3690185546875,,2.924920494600792,0.0,0.0,,2.924920494600792,,15.332351229184804,0.0,0.0,,15.332351229184804,,1
OAS30597,1885941.9433258648,1173582.04251775,464454.2668267319,1638036.309344482,3523978.127670342,0.4648259012967731,3337434.928079443,271.0682067871094,96.62870025634766,2.80525561518196,13.652212744796088,3.0,3.0,1462471.3125,-175564.9968444819,-10.718016190663102,-35173.49306904335,1439457.2095972162,273717.88849950425,293.6237487792969,22.5555419921875,8.32098395438241,3.9108740520932495,292.96048736572266,27.540413666852103,2.649201732868203,-0.15605388231375672,-5.562911325057073,-0.031886725450827484,2.5969369968604497,0.25641497046745276,11.71302712281184,-1.9391856219842492,-14.204185491640706,-0.21229708343342166,12.001811468676884,1.080352704708693,4
OAS30667,1552523.2443824902,863340.4968761668,262677.2177995525,1126017.7146757194,2678540.9903082093,0.4203847239037969,2544819.952659215,287.77984619140625,96.33243560791016,2.9873618515715585,18.293763957033413,3.0,3.0,1008091.7591872384,-117925.95548848098,-10.472833060396598,-74854.0865736975,1060759.403231974,48959.346561762635,294.0628356933594,6.282989501953125,2.183262513030264,8.896696004476336,287.66063435872394,5.276716879813424,2.61285631816978,-0.3745055334017784,-12.536329778890448,-0.20505669318391978,2.7561871620161065,0.16502727968200537,22.716592212144363,4.42282825511095,24.17669904071602,2.839923843686679,20.71746657171968,1.8304009850042486,3
OAS30672,1533269.7268574252,1156560.7325433237,402807.2439201847,1559367.9764635083,3092637.95332093,0.504219375174204,2954633.85986789,200.7628631591797,65.4637222290039,3.066780397700189,13.977240533227064,3.0,3.0,1559367.9764635083,0.0,0.0,,1559367.9764635083,,200.7628631591797,0.0,0.0,,200.7628631591797,,3.066780397700189,0.0,0.0,,3.066780397700189,,13.977240533227064,0.0,0.0,,13.977240533227064,,1
OAS30705,1462186.0277879804,887110.329359007,387298.6948603825,1274409.0242193895,2736595.0520073697,0.4656914888757745,2571523.6607896723,276.8525085449219,103.13938903808594,2.684255825467743,14.964061634481098,3.0,3.0,1012131.9375,-262277.08671938954,-20.580291078842716,-45293.95079161088,1143270.4808596948,131138.54335969477,264.0428466796875,-12.809661865234375,-4.626890300745059,-2.212165010059979,270.4476776123047,6.4048309326171875,2.551245410052761,-0.13301041541498204,-4.95520636121948,-0.022970238406771717,2.617750617760252,0.06650520770749102,18.842335219800123,3.8782735853190253,25.91725214752171,0.6697585943441011,16.90319842714061,1.9391367926595127,2
OAS30734,1349098.1599004285,876498.9601745466,318749.8832458843,1195248.843420431,2544347.0658208607,0.469766432212273,2499861.0119007453,247.470703125,83.125,2.977091129598904,13.696619538151984,3.0,3.0,1262003.370879478,66754.52745904704,5.584989922936575,32081.698887390703,1228626.1071499544,33377.26372952352,224.6337890625,-22.8369140625,-9.228128329584468,-10.975240607010692,236.05224609375,11.41845703125,3.0494712166274764,0.07238008702857224,2.431235184874029,0.034785298404192116,3.0132811731131905,0.03619004351428612,9.680817207333714,-4.0158023308182695,-29.3196603704457,-1.9299628964886486,11.688718372742848,2.0079011654091348,2
OAS30744,1989449.2765544143,1156879.515441589,436829.2870806317,1593708.8025222206,3583158.047826635,0.4447777020298853,3396083.780871757,250.856185913086,88.83047485351562,2.823987865681999,13.256361317471988,3.0,3.0,1593708.8025222206,0.0,0.0,,1593708.8025222206,,250.856185913086,0.0,0.0,,250.856185913086,,2.823987865681999,0.0,0.0,,2.823987865681999,,13.256361317471988,0.0,0.0,,13.256361317471988,,1
OAS30745,966509.625,546588.625,395524.8125,942113.4375,1908623.0,0.4936089722800155,1767706.25,1468.7879638671875,563.6382446289062,2.605905428273976,6.941674132610303,1.5,1.5,1286081.3810526163,343967.9435526163,36.510247053196956,592614.5819933637,1114097.409276308,171983.97177630814,179.64813232421875,-1289.1398315429688,-87.7689539440927,-2221.0298276937233,824.2180480957031,644.5699157714844,2.7730527714500486,0.16714734317607238,6.414175332785679,0.28797437308990775,2.6894790998620124,0.08357367158803619,14.310384618500247,7.368710485889944,106.15177758450989,12.695384457411803,10.626029375555275,3.684355242944972,2
OAS30782,1663211.328036594,1079908.719507067,490266.8611565387,1570175.5806636056,3233386.9087002,0.4856132671406175,3028195.994480269,245.216049194336,81.91460418701172,2.993557115175074,11.224465438532336,3.0,3.0,1491820.911532172,-78354.66913143359,-4.990185180329862,-31588.347572026625,1530998.2460978888,39177.334565716796,289.4187927246094,44.20274353027338,18.026040169680044,17.82014577751915,267.31742095947266,22.10137176513669,2.653623503293727,-0.33993361188134674,-11.355507805685082,-0.13704277233958267,2.8235903092344006,0.16996680594067337,11.193723714016526,-0.03074172451580992,-0.2738814127421785,-0.012393393906622046,11.209094576274431,0.01537086225790496,2
OAS30784,1197367.25,580567.625,369958.21875,950525.84375,2147893.0,0.4425387315615815,2055890.0,1437.95703125,555.5675659179688,2.5882666967532297,5.791860306218368,1.5,1.5,950525.84375,0.0,0.0,,950525.84375,,1437.95703125,0.0,0.0,,1437.95703125,,2.5882666967532297,0.0,0.0,,2.5882666967532297,,5.791860306218368,0.0,0.0,,5.791860306218368,,1
OAS30787,1466618.625,730369.125,412723.1875,1143092.3125,2609711.0,0.4380149037575425,2322788.75,1293.8466796875,520.5708618164062,2.485438145130706,5.74126853545258,1.5,1.5,1637593.9907464506,494501.6782464506,43.2599950886688,100009.26798422818,1390343.1516232253,247250.8391232253,274.9254455566406,-1018.9212341308594,-78.75131189245369,-206.06920308211318,784.3860626220703,509.4606170654297,2.428223440166855,-0.05721470496385095,-2.3019967355028306,-0.011571246394267197,2.4568307926487805,0.028607352481925474,11.222379382185748,5.481110846733168,95.4686375125475,1.108513696992962,8.481823958819163,2.740555423366584,2
OAS30789,1736579.9982283486,964960.6240155512,808111.3741755682,1773071.9981911196,3509651.996419468,0.5051988060354702,3181677.560509466,243.175048828125,88.41722869873047,2.750312915895584,12.806054927703924,3.0,3.0,1351173.125,-421898.87319111964,-23.79479646746094,-101313.97990339018,1562122.5615955598,210949.43659555982,293.5428466796875,50.3677978515625,20.712568207259714,12.095225618200661,268.35894775390625,25.18389892578125,2.585065416426015,-0.16524749946956874,-6.008316308828417,-0.03968221510930966,2.6676891661607995,0.08262374973478437,12.518930627955374,-0.2871242997485499,-2.2420979870030133,-0.0689494743479013,12.662492777829648,0.14356214987427496,2
OAS30791,1336309.125,824909.25,425154.59375,1250063.84375,2586373.0,0.4833269771026839,2316310.0,1371.3394775390625,514.9990844726562,2.6627998305676086,6.369454857913624,1.5,1.5,1250063.84375,0.0,0.0,,1250063.84375,,1371.3394775390625,0.0,0.0,,1371.3394775390625,,2.6627998305676086,0.0,0.0,,2.6627998305676086,,6.369454857913624,0.0,0.0,,6.369454857913624,,1
OAS30805,1963271.6476328112,1147011.013222869,586927.5067661648,1733938.5199890337,3697210.042621844,0.4689856675709521,3497291.608374777,224.54405212402344,84.19276428222656,2.6670231268841054,11.6109032138148,3.0,3.0,1733938.5199890337,0.0,0.0,,1733938.5199890337,,224.54405212402344,0.0,0.0,,224.54405212402344,,2.6670231268841054,0.0,0.0,,2.6670231268841054,,11.6109032138148,0.0,0.0,,11.6109032138148,,1
OAS30810,1798984.5657369054,1040621.8505254848,611532.7723460906,1652154.6228715754,3451139.1261084788,0.4787273310347685,2984085.1110592387,236.6829376220703,94.5995101928711,2.5019467292967,10.71578833586662,3.0,3.0,1652154.6228715754,0.0,0.0,,1652154.6228715754,,236.6829376220703,0.0,0.0,,236.6829376220703,,2.5019467292967,0.0,0.0,,2.5019467292967,,10.71578833586662,0.0,0.0,,10.71578833586662,,1
OAS30827,1780840.9332535395,1100166.5837654215,518357.38682180736,1618523.970587229,3399364.87259077,0.4761254032003035,3209643.912959301,299.3623046875,103.34909057617188,2.896612830572,14.658154400027565,3.0,3.0,1618523.970587229,0.0,0.0,,1618523.970587229,,299.3623046875,0.0,0.0,,299.3623046875,,2.896612830572,0.0,0.0,,2.896612830572,,14.658154400027565,0.0,0.0,,14.658154400027565,,1
OAS30860,1141444.0,702717.9375,395467.09375,1098185.03125,2239629.0,0.4903423876231286,2067555.0,1440.0406494140625,574.1461181640625,2.508143138737424,6.584885751261648,1.5,1.5,1009583.125,-88601.90625,-8.068030771567667,-64210.012416294645,1053884.078125,44300.953125,1541.605712890625,101.5650634765625,7.052930312619179,73.60444332304455,1490.8231811523438,50.78253173828125,2.4681346185458533,-0.04000852019157053,-1.5951450128045903,-0.02899426984121257,2.4881388786416387,0.020004260095785265,6.410702520244576,-0.17418323101707234,-2.6451974657828994,-0.12623100224005093,6.497794135753113,0.08709161550853617,2
OAS30923,1265827.0,288757.6875,188906.375,477664.0625,1743491.0,0.2739699043470829,1708333.75,1474.64013671875,634.7344970703125,2.32323930903689,7.053358047141573,1.5,1.5,867480.96875,389816.90625,81.60900868484323,281941.8316986386,672572.515625,194908.453125,1386.326904296875,-88.313232421875,-5.9887989091618286,-63.874075528890785,1430.4835205078125,44.1566162109375,2.3695997041728925,0.04636039513600254,1.9955066598464826,0.03353095905628699,2.3464195066048914,0.02318019756800127,6.651436046250173,-0.40192200089139973,-5.698307078771958,-0.29069705113976985,6.852397046695873,0.20096100044569987,2
OAS30926,1681239.9527141235,1052699.345392203,490987.6111906805,1543686.9565828834,3224926.9092970067,0.4786734707483301,2989945.490695653,213.0348052978516,79.19344329833984,2.6900560669555005,11.5334483274622,3.0,3.0,1159635.96875,-384050.9878328834,-24.878812779698638,-98231.52892574275,1351661.4626664417,192025.4939164417,288.95166015625,75.91685485839841,35.63589280740128,19.41780898951682,250.99323272705078,37.958427429199205,2.360627991065201,-0.32942807589029943,-12.24614163016807,-0.08426022739420999,2.5253420290103508,0.16471403794514972,15.938764857159418,4.4053165296972185,38.19600525896279,1.126780015736631,13.736106592310808,2.2026582648486093,2
OAS30928,1780358.3766954865,1187798.0011311742,420246.5629002128,1608044.564031387,3388403.003226873,0.474572995744603,3152872.6836079424,294.170166015625,103.41378784179688,2.844593253087831,13.078832368207967,3.0,3.0,1476593.4268320724,-131451.13719931454,-8.174595414803989,-67910.22328437008,1542318.9954317296,65725.56859965727,224.4547882080078,-69.71537780761719,-23.698996656212316,-36.01632495648116,259.3124771118164,34.857688903808594,2.976740301662507,0.13214704857467607,4.645551641916794,0.06826974468444193,2.9106667773751687,0.06607352428733804,13.416615405626471,0.3377830374185038,2.582669675005446,0.174505310349517,13.24772388691722,0.1688915187092519,2
OAS30930,1592941.315719789,813454.9085606115,363223.8899854844,1176678.7985460958,2769620.1142658847,0.4248520555166412,2650757.612172243,222.4402618408203,81.0938949584961,2.742996365036715,14.909433552460472,3.0,3.0,1216946.7686512102,40267.97010511439,3.422171807197469,30263.119508010353,1196812.783598653,20133.985052557196,202.08258056640625,-20.357681274414062,-9.151976852545763,-15.29967713061674,212.26142120361328,10.178840637207031,2.730246358061593,-0.012750006975121853,-0.46482041090678566,-0.009582181168031393,2.7366213615491537,0.006375003487560926,14.56164877531067,-0.34778477714980127,-2.3326491642092404,-0.2613752877653599,14.735541163885571,0.17389238857490064,2
OAS30947,1093292.125,1286764.0,307514.90625,1594278.90625,2687571.0,0.5932043865073704,2611942.5,920.4835205078124,247.9952087402344,3.7116987923758056,9.047514172668684,1.5,1.5,1547941.7609995296,-46337.14525047038,-2.9064641744186894,-15484.576672218029,1571110.3336247648,23168.57262523519,228.0511016845703,-692.4324188232421,-75.22485774011912,-231.3915287970624,574.2673110961914,346.21620941162104,2.9055317084508308,-0.8061670839249748,-21.71962567600909,-0.2693984697196679,3.308615250413318,0.4030835419624874,14.105760790784982,5.058246618116298,55.907584355010755,1.6903244073805836,11.576637481726834,2.529123309058149,2
OAS30965,1259686.75,714804.0625,317847.125,1032651.1875,2292338.0,0.4504794613621551,2058687.5,1381.189697265625,537.5185546875,2.569566543612709,6.620936319675358,1.5,1.5,1032651.1875,0.0,0.0,,1032651.1875,,1381.189697265625,0.0,0.0,,1381.189697265625,,2.569566543612709,0.0,0.0,,2.569566543612709,,6.620936319675358,0.0,0.0,,6.620936319675358,,1
OAS30990,1792455.3977722642,1184387.5150470608,698055.1338684472,1882442.648915508,3674898.046687773,0.5122435030849835,3308081.0590269854,226.6476593017578,91.30433654785156,2.4823317860772427,12.08932321008854,3.0,3.0,1882442.648915508,0.0,0.0,,1882442.648915508,,226.6476593017578,0.0,0.0,,226.6476593017578,,2.4823317860772427,0.0,0.0,,2.4823317860772427,,12.08932321008854,0.0,0.0,,12.08932321008854,,1
OAS31024,1551078.5097174242,915521.8807356958,436487.6589845719,1352009.5397202678,2903088.018187692,0.4657142777793852,2760931.6607768126,225.12213134765625,77.44799041748047,2.906752353771758,13.2438787610744,3.0,3.0,1314293.8079523267,-37715.73176794103,-2.789605447291774,-16149.672952216253,1333151.6738362974,18857.865883970517,255.2763214111328,30.154190063476562,13.394591585893181,12.911861571728975,240.19922637939453,15.077095031738281,2.838964423991474,-0.06778792978028392,-2.332084798772875,-0.029026425969810903,2.872858388881616,0.03389396489014196,13.397372561777278,0.15349380070287744,1.1589792044458835,0.06572521771011253,13.32062566142584,0.07674690035143872,2
OAS31037,1554539.3293590436,840878.9804267697,554779.7158214371,1395658.6962482068,2950198.1506072567,0.473072866634714,2766727.947214957,231.8785095214844,84.13948822021484,2.7558820676293654,15.631915639137144,3.0,3.0,1277078.177249189,-118580.51899901778,-8.496383773323988,-69298.45530302598,1336368.436748698,59290.25949950889,196.80581665039065,-35.07269287109375,-15.12546071797315,-20.496481713867187,214.34216308593753,17.536346435546875,2.631100908822097,-0.12478115880726826,-4.527811994313899,-0.07292210920696757,2.6934914882257313,0.06239057940363413,14.46147598997924,-1.1704396491579043,-7.487499780433248,-0.6840049309678793,15.046695814558191,0.5852198245789522,2
OAS31043,1880209.5004050191,1114797.0743540274,442582.62326909474,1557379.697623122,3437589.2292781435,0.4530441520932258,3224640.981796158,235.54443359375,85.02202606201172,2.7703930585182728,13.27931483923225,3.0,3.0,1695031.7507997586,137652.05317663657,8.838695752019985,38854.259986682,1626205.7242114404,68826.02658831829,263.2197570800781,27.675323486328125,11.749512847355383,7.811755721314798,249.38209533691406,13.837661743164062,2.592669969745585,-0.17772308877268772,-6.415085694292845,-0.050164882669415926,2.6815315141319287,0.08886154438634386,13.018014204312736,-0.26130063491951283,-1.9677267847248363,-0.07375583995699542,13.148664521772492,0.13065031745975642,2
OAS31063,1873383.678870032,1140581.331693594,775375.8455599766,1915957.1772535709,3789340.8561236025,0.5056175334972492,3503527.4953895053,258.6946716308594,94.07203674316406,2.749963515589498,11.574095519071085,3.0,3.0,1822982.2484586523,-92974.92879491858,-4.852662152303086,-44045.51587852661,1869469.7128561116,46487.46439745929,257.4012451171875,-1.293426513671875,-0.4999818919801763,-0.6127419378970848,258.04795837402344,0.6467132568359375,2.7243441677950586,-0.025619347794439307,-0.9316250069938617,-0.012136792194447415,2.7371538416922783,0.012809673897219653,11.368413421152937,-0.20568209791814773,-1.7770900333355413,-0.09743889269079567,11.471254470112012,0.10284104895907387,2
OAS31084,1065056.2272194386,710851.359795551,503383.426733097,1214234.786528648,2279290.951248088,0.5327247870061348,2205679.886804152,230.07376098632807,78.6594009399414,2.92493656590468,13.696175811150264,3.0,3.0,916089.6875,-298145.0990286481,-24.554155616065756,-47553.49232323744,1065162.237014324,149072.54951432406,240.39585876464844,10.32209777832037,4.486429801499073,1.6463520583107054,235.23480987548825,5.161048889160185,2.783258669642449,-0.14167789626223115,-4.84379380782948,-0.022597315113441017,2.8540976177735646,0.07083894813111558,15.720966612850804,2.02479080170054,14.783621571593198,0.32294971193062105,14.708571212000534,1.01239540085027,2
OAS31104,1838938.933408792,1068841.8362953602,513060.1689211904,1581902.0052165503,3420840.876125345,0.4624307480236584,3068188.377546095,244.1091766357422,91.68765258789062,2.662399647971602,13.229706406744928,3.0,3.0,1065373.71875,-516528.2864665503,-32.65235676819573,-133707.97776889263,1323637.861983275,258264.14323327516,215.8856658935547,-28.2235107421875,-11.561839309426047,-7.305908787089996,229.99742126464844,14.11175537109375,2.805324024240998,0.14292437626939591,5.3682540252093816,0.03699725615336418,2.7338618361063,0.07146218813469796,13.573180513830566,0.34347410708563864,2.5962337827128543,0.0889113519582066,13.401443460287748,0.17173705354281932,2
OAS31127,1284477.5041097496,793818.1275398606,506994.4078721538,1300812.5354120145,2585290.008271764,0.5031592321364334,2548434.8822627976,297.0328063964844,104.39703369140624,2.845222637544278,14.19579536941163,3.0,3.0,1300812.5354120145,0.0,0.0,,1300812.5354120145,,297.0328063964844,0.0,0.0,,297.0328063964844,,2.845222637544278,0.0,0.0,,2.845222637544278,,14.19579536941163,0.0,0.0,,14.19579536941163,,1
OAS31190,2038727.75,1081162.5,521727.8125,1602890.3125,3641618.0,0.440158828438348,3388514.0286991,216.83547973632807,79.41902923583984,2.730271058364997,20.308423484642063,3.0,3.0,1554481.4375,-48408.875,-3.0200990437391515,-321478.9380681818,1578685.875,24204.4375,315.89422607421875,99.05874633789068,45.68382741530404,657.8401290893559,266.36485290527344,49.52937316894534,2.6564970119417017,-0.07377404642329521,-2.702077736833729,-0.48992673556561045,2.6933840351533496,0.03688702321164761,20.58534164836845,0.27691816372638556,1.3635630748777752,1.838988350928406,20.446882566505256,0.13845908186319278,2
OAS31221,2133895.5,1128032.25,725737.3125,1853769.5625,3987665.0,0.4648759518414912,3717984.539556701,227.7711639404297,86.69712829589844,2.627205373352602,21.175550876999573,3.0,3.0,1853769.5625,0.0,0.0,,1853769.5625,,227.7711639404297,0.0,0.0,,227.7711639404297,,2.627205373352602,0.0,0.0,,2.627205373352602,,21.175550876999573,0.0,0.0,,21.175550876999573,,1
OAS31222,2115241.5,1030352.8125,625183.625,1655536.4375,3770778.0,0.4390437298350632,3416878.155564153,324.07452392578125,124.66256713867188,2.599613731407233,21.361130115385382,3.0,3.0,1641684.0625,-13852.375,-0.8367302999937747,-91992.3630681818,1648610.25,6926.1875,343.6613464355469,19.586822509765625,6.043925413356883,130.07430766712534,333.86793518066406,9.793411254882812,2.637496569028944,0.03788283762171085,1.457248712146322,0.2515764807514525,2.6185551502180884,0.018941418810855426,18.61404449383003,-2.747085621555353,-12.860207333210152,-18.243145877692594,19.987587304607707,1.3735428107776766,2
OAS31229,523676.00598701887,227382.70778068888,186181.22539331528,413563.93317400414,937239.9547860224,0.4412572586797405,804990.556321666,821.7112426757812,252.2482147216797,3.257550267798221,3.856577828755581,3.0,3.0,1289639.75,876075.8168259959,211.83564294456815,3047492.305673286,851601.841587002,438037.9084129979,223.90548706054688,-597.8057556152344,-72.75131756364537,-2079.5100213187084,522.8083648681641,298.9028778076172,2.5752154342363807,-0.6823348335618404,-20.94625646477071,-2.37355045674726,2.9163828510173007,0.3411674167809202,23.24321921112274,19.38664138236716,502.69026694640127,67.4378168086629,13.549898519939159,9.693320691183578,2
OAS31254,2059528.625,985408.375,429666.96875,1415075.34375,3474604.0,0.4072623365856944,3223297.561555166,288.124267578125,110.86929321289062,2.598774255970912,20.48525526372873,3.0,3.0,1360265.875,-54809.46875,-3.8732544519327825,-210727.98379934212,1387670.609375,27404.734375,262.3345031738281,-25.789764404296875,-8.95091712373862,-99.15485735441509,275.22938537597656,12.894882202148438,2.661178356049887,0.06240410007897479,2.401289759416228,0.23992734267205834,2.6299763060103993,0.031202050039487395,20.597232184060378,0.11197692033164586,0.5466220405362124,0.43052179106456473,20.541243723894553,0.05598846016582293,2
OAS31268,2310001.75,767575.8125,554563.5,1322139.3125,3632141.0,0.3640110096221485,3291892.5896196105,312.2848205566406,121.62594604492188,2.5675838761715863,16.817508669315114,3.0,3.0,1186923.9375,-135215.375,-10.227014182365144,-536819.7360733696,1254531.625,67607.6875,229.8960723876953,-82.38874816894531,-26.38256576867529,-327.09228552942693,271.09044647216797,41.194374084472656,2.621507161062192,0.053923284890605494,2.100156703391056,0.21408130224232236,2.594545518616889,0.026961642445302747,17.37009783607078,0.5525891667556664,3.28579683008524,2.1938390560598604,17.093803252692947,0.2762945833778332,2
OAS31309,1758897.875,729749.5,470865.53125,1200615.03125,2959513.0,0.4056799315461699,2844517.039071978,272.3738098144531,107.48350524902344,2.5340986661097857,15.627291178427372,3.0,3.0,1200615.03125,0.0,0.0,,1200615.03125,,272.3738098144531,0.0,0.0,,272.3738098144531,,2.5340986661097857,0.0,0.0,,2.5340986661097857,,15.627291178427372,0.0,0.0,,15.627291178427372,,1
OAS31348,2205587.0,1079663.75,782399.125,1862062.875,4067650.0,0.4577736223618059,3825637.93745902,226.24288940429688,86.87773895263672,2.6041525657508826,18.423463760821846,3.0,3.0,1862062.875,0.0,0.0,,1862062.875,,226.24288940429688,0.0,0.0,,226.24288940429688,,2.6041525657508826,0.0,0.0,,2.6041525657508826,,18.423463760821846,0.0,0.0,,18.423463760821846,,1
OAS31351,2491479.75,1182941.0,835573.3125,2018514.3125,4509994.0,0.4475647445428974,4192706.0461476087,239.9584197998047,94.07918548583984,2.550600496911414,14.239237950155424,3.0,3.0,1909802.25,-108712.0625,-5.3857464287858505,-285662.45200089924,1964158.28125,54356.03125,241.73782348632807,1.7794036865233807,0.741546676298303,4.675735226637876,240.84812164306638,0.8897018432616903,2.536186284799215,-0.014414212112198843,-0.5651301381636745,-0.03787619405741459,2.5433933908553144,0.0072071060560994216,13.895128558750974,-0.34410939140444974,-2.4166278603462326,-0.9042155051113329,14.067183254453198,0.17205469570222487,2
OAS31384,1662820.625,727928.5,355904.875,1083833.375,2746654.0,0.3946013494965146,2603702.438633992,264.4288330078125,104.6074447631836,2.5278203772075827,22.883546119452607,3.0,3.0,1025581.8125,-58251.5625,-5.374586522582404,-425527.66406249994,1054707.59375,29125.78125,271.51666259765625,7.08782958984375,2.6804299324023946,51.77659515380859,267.9727478027344,3.543914794921875,2.567393582487485,0.03957320527990227,1.565507012947564,0.28908226456968605,2.547606979847534,0.019786602639951134,13.731279956760588,-9.152266162692019,-39.99496456937658,-66.8573043184652,18.307413038106596,4.5761330813460095,2
OAS31404,1738151.25,798666.1875,597905.6875,1396571.875,3134723.0,0.4455168367348566,3009898.2634230866,286.86181640625,116.7954330444336,2.4561047163634533,12.312478186408844,3.0,3.0,1396571.875,0.0,0.0,,1396571.875,,286.86181640625,0.0,0.0,,286.86181640625,,2.4561047163634533,0.0,0.0,,2.4561047163634533,,12.312478186408844,0.0,0.0,,12.312478186408844,,1
