subject,event,time_years,n_visits,baseline_date
002_S_0729,1,1.4976,9,2006-08-03
002_S_0782,0,1.9986,5,2006-08-23
002_S_0954,1,1.4976,4,2006-11-22
002_S_1070,1,1.9986,6,2006-12-27
002_S_1155,0,12.501,11,2007-01-10
002_S_1268,0,4.9993,8,2007-03-28
002_S_2010,0,4.7502,6,2010-10-07
002_S_2043,0,0.7502,2,2010-12-16
002_S_2073,0,5.7495,7,2010-12-21
002_S_4171,0,0.7502,3,2011-11-03
002_S_4219,0,0.7502,3,2011-11-29
002_S_4229,0,7.7509,8,2011-12-06
002_S_4237,0,1.7495,4,2011-12-08
002_S_4251,0,0.2491,2,2011-12-15
002_S_4447,0,2.7488,5,2012-04-03
002_S_4473,0,4.7502,7,2012-04-12
002_S_4521,1,2.7488,6,2012-05-01
002_S_4654,0,6.7488,8,2012-06-28
002_S_4746,0,0.7502,3,2012-08-16
002_S_4799,0,6.7488,8,2012-09-06
002_S_6652,0,0.9993,2,2018-12-11
003_S_0908,0,12.9993,10,2006-10-12
003_S_10426,0,0.9993,2,2025-02-18
003_S_1057,1,1.9986,3,2007-02-09
003_S_1074,1,10.4997,8,2007-02-07
003_S_1122,0,12.501,8,2007-01-12
003_S_2374,0,6.4997,3,2012-05-12
003_S_4354,1,9.2512,9,2012-01-31
003_S_6258,0,4.0,4,2018-03-08
003_S_6268,0,4.0,4,2018-06-08
003_S_6432,0,0.9993,2,2018-06-27
003_S_6606,0,0.9993,2,2018-11-13
005_S_0222,1,0.9993,5,2006-03-17
005_S_0324,0,2.4997,4,2006-10-20
005_S_0448,0,1.5003,4,2006-11-13
005_S_0546,0,1.5003,4,2007-01-11
005_S_0572,1,0.501,5,2007-01-04
005_S_1224,1,2.9979,6,2007-02-13
005_S_2390,0,3.7509,5,2011-10-31
005_S_4168,0,3.7509,5,2011-11-15
005_S_4185,0,6.7488,7,2011-11-15
005_S_6427,0,6.4997,2,2018-06-11
006_S_0675,1,1.9986,3,2006-10-18
006_S_1130,1,1.4976,5,2007-01-04
006_S_4346,0,0.7502,3,2012-02-01
006_S_4363,0,1.7495,4,2012-02-09
006_S_4515,1,0.2491,4,2012-05-02
006_S_4679,0,1.7495,4,2012-08-20
006_S_4713,1,12.2519,8,2012-08-02
006_S_4960,0,5.2512,6,2012-12-24
006_S_6243,0,5.5003,5,2018-02-26
006_S_6291,0,4.4983,3,2018-03-28
006_S_6441,0,0.9993,2,2018-07-03
006_S_6610,0,0.9993,2,2018-10-16
006_S_6651,0,2.9979,2,2018-12-13
006_S_6657,0,5.5003,3,2018-12-19
006_S_6681,0,5.5003,3,2019-01-24
006_S_6682,0,2.4997,2,2019-01-24
006_S_6770,1,1.9986,3,2019-07-10
007_S_0041,1,1.4976,6,2005-11-14
007_S_0101,1,1.9986,7,2006-01-05
007_S_0128,1,1.4976,7,2006-02-06
007_S_0249,1,0.9993,7,2006-03-14
007_S_0293,1,1.5003,4,2006-09-26
007_S_0414,0,1.5003,2,2006-12-01
007_S_0698,0,4.0,5,2006-08-23
007_S_2058,0,0.7502,3,2011-01-05
007_S_2106,1,2.7488,4,2011-01-18
007_S_2394,0,13.7495,12,2011-12-16
007_S_4272,1,10.7515,13,2012-01-05
007_S_4467,0,1.7495,4,2012-04-11
007_S_4611,0,3.7509,5,2012-06-13
007_S_6341,1,2.9979,4,2018-04-30
007_S_6421,0,0.9993,2,2018-06-05
009_S_1030,1,4.9993,8,2006-11-13
009_S_2208,0,3.7509,6,2011-05-24
009_S_2381,1,1.7495,5,2011-09-23
009_S_4324,1,1.7495,7,2012-01-25
009_S_4359,0,3.7509,5,2012-02-17
009_S_4530,1,0.2491,3,2012-05-07
009_S_4543,0,3.7509,5,2012-05-13
009_S_4741,1,0.2491,5,2012-08-20
009_S_4814,0,0.7502,3,2012-09-17
009_S_4903,0,0.7502,3,2012-11-07
009_S_4958,1,0.2491,3,2012-12-24
009_S_5000,0,1.7495,4,2013-01-18
010_S_0161,0,0.4983,2,2006-02-16
010_S_0422,0,2.9979,4,2006-09-15
010_S_6748,0,5.9986,3,2019-07-09
011_S_0168,0,0.4983,2,2006-02-20
011_S_0241,1,0.4983,6,2006-03-28
011_S_0326,1,2.9979,4,2006-04-07
011_S_0362,1,2.4997,5,2006-11-17
011_S_0856,1,0.4983,3,2006-09-29
011_S_0861,1,1.4976,5,2006-10-05
011_S_1080,1,4.0,7,2006-12-08
011_S_1282,1,0.9993,6,2007-02-26
011_S_2274,1,0.7502,6,2011-05-12
011_S_4235,0,3.7509,5,2011-12-07
011_S_4366,1,0.7502,3,2012-02-06
011_S_4547,1,5.2512,6,2012-05-14
011_S_4893,1,3.7509,6,2012-10-30
012_S_0634,0,1.9986,4,2006-07-24
012_S_1292,1,1.4976,3,2007-03-20
012_S_1321,0,1.9986,5,2007-03-15
012_S_4012,0,3.7509,5,2011-06-21
012_S_4094,1,0.2491,8,2011-09-20
012_S_4128,0,3.7509,5,2011-10-19
012_S_4188,1,3.7509,7,2011-11-22
012_S_4849,0,0.7502,3,2012-10-16
012_S_4987,0,0.7502,3,2013-01-09
012_S_6073,1,1.9986,4,2017-09-19
012_S_6760,0,2.4997,3,2019-06-18
013_S_0240,1,0.9993,5,2006-09-26
013_S_0325,1,1.4976,5,2006-06-27
013_S_0860,0,0.4983,2,2006-10-16
013_S_1120,0,1.4976,4,2007-01-04
013_S_1186,1,8.0,10,2007-03-01
013_S_1275,0,1.4976,4,2007-03-26
013_S_2324,0,0.7502,3,2011-07-28
013_S_2389,0,6.2505,4,2011-10-26
013_S_4268,0,6.7488,5,2012-01-17
013_S_4395,0,3.7509,5,2012-02-29
013_S_4595,1,0.7502,4,2012-06-20
013_S_4791,0,0.2491,2,2012-09-12
013_S_4917,0,0.7502,3,2012-11-28
013_S_4985,0,1.5003,3,2013-04-10
013_S_6206,0,0.9993,2,2018-07-11
014_S_0169,0,4.0,7,2006-02-16
014_S_0557,0,2.4997,4,2006-12-07
014_S_0563,1,2.4997,5,2007-01-18
014_S_0658,1,0.9993,5,2006-08-03
014_S_2185,0,1.7495,4,2011-04-13
014_S_2308,0,10.7515,11,2011-06-29
014_S_4058,1,1.7495,4,2011-08-18
014_S_4079,1,1.7495,4,2011-09-06
014_S_4263,1,1.7495,4,2011-12-21
014_S_4328,0,1.7495,4,2012-01-19
014_S_4668,1,0.7502,3,2012-07-09
014_S_6765,0,2.4997,3,2019-06-27
016_S_0354,0,0.501,2,2006-12-18
016_S_0702,1,1.9986,6,2006-08-23
016_S_0769,1,2.9979,5,2006-08-31
016_S_10174,0,0.9993,2,2024-07-17
016_S_10189,0,0.9993,2,2024-07-31
016_S_1028,0,1.9986,5,2006-11-29
016_S_1092,0,2.9979,5,2006-12-29
016_S_1117,1,2.9979,6,2006-12-11
016_S_1121,1,1.4976,6,2006-12-28
016_S_1138,0,0.4983,3,2007-01-29
016_S_1326,1,1.4976,6,2007-03-27
016_S_2007,0,1.7495,4,2010-10-05
016_S_2031,0,2.7488,5,2010-12-01
016_S_2284,0,0.7502,2,2011-05-26
016_S_4584,1,1.7495,4,2012-05-31
016_S_4646,0,1.7495,4,2012-06-26
016_S_4902,1,1.7495,7,2012-11-16
016_S_5007,0,1.7495,4,2013-01-28
016_S_5031,0,0.9993,2,2013-11-16
016_S_6800,1,1.4976,2,2019-08-19
016_S_6816,0,5.9986,5,2019-09-20
016_S_6926,0,0.9993,2,2021-04-12
016_S_6939,1,0.9993,2,2021-05-04
018_S_0142,0,4.0,6,2006-02-20
018_S_0155,1,2.9979,5,2006-03-24
018_S_0406,0,1.5003,3,2006-12-27
018_S_0450,1,2.4997,3,2006-12-24
018_S_2133,1,6.7488,8,2011-08-05
018_S_2138,0,0.2491,2,2011-08-03
018_S_2155,1,11.7509,12,2011-08-05
018_S_2180,0,9.2512,11,2011-04-28
018_S_4597,0,0.7502,2,2012-06-11
018_S_4809,0,3.7509,5,2012-09-17
018_S_4868,0,5.7495,7,2012-10-18
018_S_4889,0,1.7495,4,2012-11-05
018_S_6414,0,4.0,4,2018-06-04
019_S_4285,0,1.7495,4,2012-01-04
019_S_4293,1,1.7495,7,2012-01-06
019_S_4548,0,0.7502,3,2012-05-14
019_S_4680,1,0.7502,4,2012-07-11
019_S_6315,0,2.9979,4,2018-04-13
019_S_6483,1,4.9993,6,2018-06-29
019_S_6533,0,0.9993,2,2018-08-10
019_S_6635,0,4.0,5,2018-11-28
019_S_6668,0,4.9993,3,2014-01-14
019_S_6757,0,4.0,5,2019-06-14
020_S_4920,0,0.7502,3,2012-11-22
020_S_6901,0,0.9993,2,2021-01-26
021_S_0141,1,0.9993,7,2006-03-01
021_S_0178,0,15.0007,4,2006-03-09
021_S_0231,1,2.9979,5,2006-03-23
021_S_0273,0,2.4997,4,2006-10-10
021_S_0276,0,3.5017,4,2006-09-29
021_S_0424,1,3.5017,5,2006-11-13
021_S_0626,1,10.4997,8,2006-08-11
021_S_2077,0,3.7509,5,2011-01-27
021_S_2100,0,3.7509,6,2011-01-25
021_S_2124,0,2.7488,3,2011-02-22
021_S_2125,0,2.7488,5,2011-01-24
021_S_2142,0,1.5003,3,2011-05-23
021_S_2150,0,0.2491,2,2011-03-09
021_S_4245,1,3.7509,5,2011-12-14
021_S_4402,1,0.7502,4,2012-02-27
021_S_4419,0,9.2512,5,2012-03-06
021_S_4659,1,3.7509,6,2012-07-03
021_S_4744,0,5.7495,7,2012-08-16
021_S_4857,1,0.2491,4,2012-10-10
021_S_5099,0,1.7495,3,2013-05-21
022_S_0004,0,2.9979,4,2005-11-08
022_S_0544,0,0.9993,3,2007-05-25
022_S_0750,1,1.9986,4,2006-08-25
022_S_0924,0,0.4983,2,2006-10-12
022_S_0961,0,2.9979,5,2007-01-12
022_S_10432,0,0.9993,2,2025-01-16
022_S_1097,0,2.9979,4,2007-01-12
022_S_1351,1,2.9979,5,2007-03-16
022_S_1394,1,0.9993,5,2007-06-11
022_S_2087,1,3.7509,5,2011-03-22
022_S_2167,0,4.7502,6,2011-04-20
022_S_2263,0,9.7495,9,2011-05-18
022_S_2379,0,7.7509,7,2011-09-07
022_S_4444,0,3.7509,5,2012-04-04
022_S_4805,0,1.7495,4,2012-09-19
022_S_4922,0,0.501,2,2013-03-08
022_S_5004,0,9.2512,10,2013-01-22
022_S_6716,0,2.9979,4,2019-04-05
022_S_6847,0,2.4997,3,2020-01-21
022_S_6863,1,0.9993,2,2020-03-09
023_S_0030,1,0.9993,6,2005-10-20
023_S_0042,1,0.9993,6,2005-11-10
023_S_0126,1,2.9979,7,2006-02-16
023_S_0217,1,1.5003,6,2006-08-29
023_S_0331,1,2.9979,8,2006-04-06
023_S_0376,1,3.5017,5,2006-10-19
023_S_0388,1,1.5003,5,2006-10-24
023_S_0604,1,1.9986,4,2006-06-20
023_S_0625,1,0.4983,8,2006-07-10
023_S_0855,0,0.4983,3,2006-09-19
023_S_0887,1,1.4976,6,2006-10-06
023_S_1046,0,2.9979,7,2006-11-16
023_S_1126,1,0.9993,4,2006-12-14
023_S_1247,1,1.4976,5,2007-02-08
023_S_2068,0,6.7488,6,2011-01-05
023_S_4034,0,0.7502,3,2011-08-04
023_S_4035,1,1.7495,5,2011-09-29
023_S_4115,1,7.2498,10,2011-10-12
023_S_4122,0,2.7488,4,2011-11-07
023_S_4241,0,0.7502,3,2012-04-05
023_S_4243,1,1.7495,4,2011-12-29
023_S_4502,1,0.2491,5,2012-05-07
023_S_4796,1,0.2491,4,2012-10-16
023_S_6334,0,5.9986,5,2018-04-25
023_S_6356,0,0.9993,2,2018-05-11
023_S_6369,0,7.499,6,2018-05-11
023_S_6535,1,2.9979,6,2018-07-25
023_S_6702,0,6.4997,6,2019-03-13
024_S_1393,1,1.4976,3,2007-04-24
024_S_1400,0,0.4983,2,2007-05-29
024_S_2239,0,10.7515,10,2011-05-19
024_S_4169,0,5.7495,6,2011-11-07
024_S_4392,0,1.7495,4,2012-03-01
024_S_4674,0,9.7495,10,2012-07-13
024_S_6033,0,3.499,4,2017-06-19
024_S_6846,0,2.4997,3,2020-01-16
027_S_0116,0,4.0,7,2006-02-15
027_S_0179,1,1.4976,6,2006-03-10
027_S_0256,1,0.4983,7,2006-04-05
027_S_0307,0,3.5017,5,2006-10-27
027_S_0408,1,3.5017,5,2006-11-17
027_S_0417,0,0.9993,3,2006-05-24
027_S_0485,0,0.501,2,2006-11-23
027_S_0644,0,4.0,5,2006-07-05
027_S_0835,1,1.9986,7,2006-09-15
027_S_1045,0,2.9979,5,2006-11-17
027_S_10457,0,0.9993,2,2025-01-27
027_S_1213,1,1.4976,4,2007-01-13
027_S_1277,0,0.9993,4,2007-02-21
027_S_1387,1,1.4976,6,2007-03-12
027_S_2183,0,4.7502,7,2011-03-04
027_S_2219,0,8.7502,10,2011-03-21
027_S_2245,0,14.2505,15,2011-04-12
027_S_2336,0,4.7502,7,2011-07-07
027_S_4729,1,1.7495,4,2012-08-06
027_S_4757,1,1.7495,4,2012-08-21
027_S_4804,0,0.7502,3,2012-09-25
027_S_4869,0,9.2512,11,2012-10-18
027_S_4873,0,1.7495,4,2012-10-18
027_S_4919,0,9.2512,11,2012-11-22
027_S_4926,0,2.7488,5,2012-11-27
027_S_4936,1,1.7495,4,2012-12-04
027_S_4955,0,0.7502,3,2012-12-13
027_S_4966,0,0.7502,3,2012-12-20
027_S_6002,0,1.9986,3,2017-01-03
027_S_6034,1,4.0,3,2017-06-02
027_S_6370,0,2.9979,3,2018-05-09
027_S_6640,1,2.4997,2,2018-11-28
027_S_6643,0,1.9986,3,2018-11-29
027_S_6788,1,2.4997,4,2019-07-29
027_S_6842,0,1.9986,3,2020-01-09
027_S_6961,0,4.4983,2,2021-06-07
029_S_0878,1,1.9986,5,2006-10-19
029_S_0914,1,8.9993,6,2007-01-03
029_S_1073,1,2.9979,5,2006-12-07
029_S_1215,0,1.9986,4,2007-02-07
029_S_1218,0,2.9979,4,2007-02-08
029_S_1318,0,2.9979,5,2007-04-05
029_S_1384,0,2.9979,5,2007-04-05
029_S_2376,0,1.7495,4,2011-10-18
029_S_2395,0,8.2491,8,2011-12-01
029_S_4327,0,0.7502,3,2012-01-19
029_S_5135,0,1.7495,2,2013-06-27
029_S_6726,0,1.9986,2,2019-07-11
029_S_6798,0,1.9986,2,2019-09-16
031_S_0294,1,2.4997,3,2006-10-20
031_S_0351,0,2.4997,4,2006-11-08
031_S_0568,1,0.501,3,2006-12-08
031_S_0821,0,0.4983,2,2006-09-20
031_S_0830,1,4.0,7,2006-09-21
031_S_0867,0,2.9979,5,2006-10-03
031_S_1066,1,1.4976,6,2006-12-13
031_S_2018,0,8.2491,6,2010-10-25
031_S_2022,0,2.7488,5,2010-11-29
031_S_2233,0,7.7509,6,2011-04-07
031_S_4005,1,0.7502,5,2011-06-20
031_S_4029,0,1.7495,4,2011-07-18
031_S_4042,1,1.7495,4,2011-08-10
031_S_4149,1,6.7488,6,2011-10-28
031_S_4194,0,1.7495,4,2011-11-16
031_S_4203,1,0.7502,4,2011-11-17
031_S_4476,0,1.7495,4,2012-04-19
031_S_4590,0,0.7502,3,2012-06-07
031_S_4721,1,6.2505,4,2012-08-06
031_S_4947,1,0.2491,4,2012-12-14
032_S_0187,0,1.4976,5,2006-03-02
032_S_0214,1,1.9986,6,2006-03-10
032_S_0718,0,2.9979,5,2006-08-31
032_S_0978,1,1.9986,5,2006-11-02
032_S_2119,0,6.2505,7,2011-01-27
032_S_2240,0,0.7502,3,2011-04-20
032_S_2247,0,4.7502,5,2011-06-15
032_S_4823,1,2.7488,4,2012-10-04
033_S_0511,1,1.5003,4,2006-12-06
033_S_0513,1,2.4997,5,2006-12-04
033_S_0514,1,3.5017,5,2006-12-08
033_S_0725,1,1.4976,5,2006-08-02
033_S_0739,0,1.5003,3,2007-01-29
033_S_0906,1,1.4976,6,2006-10-11
033_S_0922,1,1.4976,7,2006-10-13
033_S_10328,0,0.9993,2,2024-10-31
033_S_1116,0,1.4976,5,2006-12-04
033_S_1279,0,1.9986,5,2007-02-28
033_S_1284,0,0.9993,3,2007-02-26
033_S_1309,0,1.9986,5,2007-02-28
033_S_6497,1,0.9993,2,2018-07-09
033_S_6889,0,1.9986,3,2020-09-25
033_S_7079,0,1.9986,3,2022-05-23
033_S_7088,1,0.9993,2,2022-06-17
035_S_0033,0,2.9979,4,2005-12-09
035_S_0204,1,0.9993,5,2006-02-23
035_S_0292,1,8.9993,6,2006-04-12
035_S_0997,1,1.4976,6,2007-01-12
035_S_2061,0,5.7495,8,2011-01-27
035_S_2074,0,3.7509,6,2011-04-07
035_S_4114,1,1.7495,10,2011-10-06
035_S_4256,0,0.7502,3,2012-03-08
035_S_4414,1,0.501,6,2012-08-27
035_S_4582,1,3.5017,5,2012-09-07
035_S_4784,1,0.7502,4,2012-09-13
035_S_6480,0,4.9993,5,2018-06-27
035_S_6947,0,1.9986,3,2021-05-18
035_S_7000,1,1.9986,3,2021-09-01
035_S_7021,0,0.9993,2,2021-10-13
035_S_7073,0,0.9993,2,2022-04-20
035_S_7105,0,0.9993,2,2022-08-22
036_S_0656,0,1.9986,4,2006-07-27
036_S_0673,0,2.9979,6,2006-08-01
036_S_0748,0,1.9986,4,2006-08-28
036_S_0869,1,1.9986,6,2006-11-13
036_S_0945,0,2.9979,4,2006-11-08
036_S_0976,1,2.9979,5,2007-01-09
036_S_1135,1,1.9986,5,2007-01-15
036_S_1240,1,1.9986,5,2007-02-26
036_S_2378,0,4.7502,6,2011-10-05
036_S_2380,1,9.2512,9,2011-11-10
036_S_4430,1,0.2491,6,2012-03-12
036_S_4538,1,6.0014,7,2012-08-08
036_S_4562,0,1.7495,4,2012-05-23
036_S_4714,1,3.7509,5,2012-07-30
036_S_4715,1,1.7495,6,2012-07-30
036_S_4736,0,1.7495,4,2012-08-13
036_S_4899,1,0.2491,3,2013-01-02
036_S_6878,1,3.499,3,2020-07-15
036_S_6885,1,4.9993,3,2020-09-02
036_S_6887,0,0.9993,2,2020-09-18
036_S_6894,0,0.9993,2,2020-11-05
036_S_6897,0,0.9993,2,2021-01-07
036_S_6916,1,3.499,3,2021-03-11
037_S_0150,1,11.499,9,2006-03-10
037_S_0377,0,11.5017,8,2007-12-17
037_S_0501,1,7.5017,6,2006-12-22
037_S_0539,1,1.5003,5,2007-02-09
037_S_0552,0,1.5003,3,2006-12-27
037_S_0566,1,2.4997,8,2007-02-12
037_S_0588,1,5.9986,5,2007-01-23
037_S_10098,0,1.4976,2,2024-05-30
037_S_1078,1,5.9986,7,2007-01-08
037_S_1225,1,1.4976,5,2007-02-12
037_S_1421,0,2.4997,4,2008-03-14
037_S_4015,1,1.7495,5,2011-06-24
037_S_4030,1,3.7509,7,2011-07-25
037_S_4146,0,3.7509,5,2011-11-30
037_S_4214,0,9.2512,9,2011-11-23
037_S_4302,0,4.7502,6,2012-01-13
037_S_4381,0,3.7509,5,2012-04-09
037_S_4432,1,1.7495,2,2012-04-25
037_S_4706,1,0.7502,8,2012-07-30
037_S_4750,0,1.7495,4,2012-09-03
037_S_6083,0,1.9986,3,2017-10-05
037_S_6125,0,2.9979,3,2017-11-15
037_S_6141,0,0.9993,2,2017-12-21
037_S_6222,1,2.4997,4,2018-05-02
041_S_0282,0,0.9993,3,2007-01-09
041_S_0314,1,2.9979,7,2006-05-08
041_S_0549,1,0.9993,2,2007-02-09
041_S_0679,0,15.499,9,2006-08-04
041_S_0721,0,0.4983,2,2006-09-25
041_S_1010,1,1.9986,6,2007-02-07
041_S_1260,0,2.9979,5,2007-03-01
041_S_1412,1,0.501,2,2008-01-28
041_S_1418,0,12.0,10,2007-08-14
041_S_1423,1,0.9993,2,2007-08-15
041_S_1425,1,2.9979,6,2007-08-17
041_S_4004,0,3.7509,6,2011-06-28
041_S_4051,0,7.7509,7,2011-08-22
041_S_4138,0,3.7509,5,2011-10-19
041_S_4143,1,5.7495,7,2011-10-25
041_S_4271,1,7.7509,8,2011-12-28
041_S_4510,0,5.2512,6,2012-05-07
041_S_4513,0,10.7515,9,2012-05-24
041_S_4629,0,0.7502,3,2012-07-12
041_S_4720,0,1.7495,4,2012-08-02
041_S_4874,0,9.2512,8,2012-10-29
041_S_4876,0,4.7502,5,2012-11-07
041_S_4877,0,1.7495,4,2012-11-22
041_S_4974,1,4.7502,5,2013-01-10
041_S_4989,0,1.7495,4,2013-01-14
041_S_5026,1,0.7502,3,2013-02-11
041_S_6731,1,4.0,4,2019-05-16
051_S_1040,0,0.4983,2,2006-11-09
051_S_1072,0,2.9979,6,2006-12-20
051_S_1131,0,2.9979,6,2007-01-18
051_S_1331,1,0.9993,5,2007-05-16
051_S_4929,1,1.7495,4,2012-11-29
051_S_6719,0,0.9993,2,2019-04-10
051_S_6761,0,0.9993,2,2019-06-19
052_S_0671,1,8.9993,7,2006-07-05
052_S_0952,1,1.9986,5,2006-11-17
052_S_0989,0,2.9979,5,2006-12-01
052_S_1054,1,1.4976,4,2007-02-27
052_S_1168,0,1.9986,3,2006-12-21
052_S_1346,1,8.0,6,2007-03-23
052_S_1352,0,11.499,7,2007-03-19
052_S_2249,0,7.2498,6,2011-04-06
052_S_4626,0,2.7488,5,2012-06-19
052_S_4807,1,2.7488,5,2012-09-28
052_S_4885,1,3.7509,5,2012-10-24
052_S_4944,0,6.2505,7,2013-01-15
052_S_4945,1,1.7495,4,2013-01-17
052_S_6832,0,0.9993,2,2019-12-20
052_S_6844,0,1.4976,2,2020-01-07
053_S_0389,0,2.4997,4,2006-11-03
053_S_0507,1,0.9993,4,2006-11-27
053_S_0621,0,1.9986,5,2006-06-26
053_S_0919,0,8.9993,8,2007-02-15
053_S_2357,0,3.7509,5,2011-08-09
053_S_2396,0,7.2498,7,2011-11-29
053_S_4557,0,1.7495,4,2012-05-22
053_S_4661,1,0.2491,4,2012-07-03
053_S_4813,0,12.7502,10,2012-09-14
053_S_6598,0,3.499,3,2018-09-27
053_S_6861,0,0.9993,2,2020-02-28
053_S_7086,1,2.4997,2,2022-06-22
057_S_0464,0,1.5003,3,2006-12-19
057_S_0839,1,1.9986,5,2006-10-06
057_S_0941,1,1.4976,4,2006-10-25
057_S_0957,0,0.4983,2,2006-11-01
057_S_1007,1,1.9986,5,2006-11-14
057_S_1217,1,0.9993,4,2007-02-14
057_S_1265,0,1.9986,4,2007-02-13
057_S_1269,0,1.9986,4,2007-02-15
057_S_2398,1,0.7502,5,2011-10-13
057_S_4888,1,0.2491,5,2012-10-24
057_S_4897,0,0.7502,3,2012-10-31
057_S_4909,0,0.7502,3,2012-11-13
062_S_1182,0,1.9986,4,2007-02-13
062_S_1294,0,0.4983,2,2007-02-26
062_S_1299,1,1.4976,3,2007-03-06
067_S_0038,0,0.9993,3,2005-12-16
067_S_0045,0,0.4983,2,2006-01-26
067_S_0077,1,0.9993,5,2006-02-08
067_S_0098,1,2.9979,4,2006-03-29
067_S_0176,0,2.9979,5,2006-05-22
067_S_0243,1,0.9993,2,2006-04-17
067_S_0284,0,0.9993,3,2006-05-10
067_S_0290,0,2.9979,5,2006-05-10
067_S_0607,0,1.9986,6,2006-12-05
067_S_2195,1,3.7509,6,2011-03-17
067_S_2196,0,1.7495,4,2011-03-04
067_S_2301,0,8.2491,8,2011-06-01
067_S_2304,0,10.2505,10,2011-06-09
067_S_4054,0,1.7495,4,2011-08-18
067_S_4072,0,5.7495,6,2011-09-09
067_S_4184,0,5.7495,6,2011-11-28
067_S_4212,0,9.7495,7,2011-11-28
067_S_4310,0,3.7509,5,2012-01-13
067_S_4767,0,6.7488,8,2012-08-31
067_S_4782,1,8.7502,9,2012-10-05
067_S_4918,1,0.2491,3,2012-12-14
067_S_6474,0,2.9979,3,2018-06-27
067_S_6525,0,6.4997,3,2019-06-10
067_S_6529,1,2.9979,4,2018-08-21
068_S_0802,0,12.501,8,2006-10-18
068_S_2168,0,2.7488,4,2011-07-15
068_S_2171,0,0.501,2,2011-10-04
068_S_2184,0,11.2498,7,2011-07-05
068_S_2187,0,9.7495,9,2011-07-05
068_S_2193,0,0.501,2,2011-10-04
068_S_2194,0,0.2491,2,2011-07-05
068_S_2248,1,1.7495,4,2011-07-05
068_S_2315,0,10.7515,6,2011-10-14
068_S_2316,0,0.7502,3,2011-10-14
068_S_4061,0,8.2491,7,2011-08-26
068_S_4067,0,5.7495,4,2011-08-26
068_S_4134,0,0.7502,2,2011-10-21
068_S_4217,0,1.7495,4,2011-12-01
068_S_4274,0,0.7502,2,2012-01-05
068_S_4332,0,7.7509,5,2012-01-30
068_S_4431,0,4.0,3,2015-01-31
070_S_4793,0,0.2491,2,2012-09-05
070_S_6229,0,6.4997,5,2018-02-13
070_S_6236,0,4.0,5,2018-02-15
070_S_6911,1,0.9993,2,2021-02-25
072_S_2026,0,0.7502,3,2010-11-11
072_S_2027,0,1.7495,4,2010-12-03
072_S_2037,0,3.7509,6,2010-11-23
072_S_2072,0,3.7509,6,2010-12-21
072_S_2083,0,3.7509,6,2010-12-27
072_S_2093,0,3.7509,6,2011-01-21
072_S_2116,0,3.7509,6,2011-01-28
072_S_2164,0,3.7509,6,2011-03-03
072_S_4007,0,1.5003,3,2011-09-02
072_S_4057,1,0.2491,4,2011-08-17
072_S_4063,0,2.7488,5,2011-08-19
072_S_4102,1,0.7502,3,2011-10-10
072_S_4131,1,0.7502,3,2011-10-10
072_S_4206,0,2.7488,5,2011-11-29
072_S_4226,0,2.7488,4,2011-12-13
072_S_4383,0,2.7488,5,2012-02-27
072_S_4390,0,2.7488,5,2012-02-28
072_S_4394,0,2.7488,5,2012-03-22
072_S_4445,0,1.7495,4,2012-03-22
072_S_4462,0,1.7495,4,2012-04-24
072_S_4465,0,1.7495,4,2012-04-30
072_S_4522,0,2.7488,5,2012-05-10
072_S_4539,0,2.7488,5,2012-05-25
072_S_4610,0,0.7502,3,2012-06-21
072_S_4613,0,1.7495,4,2012-06-21
072_S_4769,0,1.7495,4,2012-09-27
072_S_4871,0,1.7495,4,2012-10-30
072_S_4941,0,1.7495,4,2012-12-24
073_S_0518,1,1.9986,4,2006-12-21
073_S_0746,0,8.9993,9,2007-03-07
073_S_0909,1,2.9979,5,2006-11-27
073_S_10017,0,1.9986,2,2023-10-13
073_S_2153,0,2.7488,5,2011-07-01
073_S_2182,0,10.7515,6,2011-07-01
073_S_2190,0,1.7495,4,2011-07-01
073_S_2191,0,8.7502,7,2011-07-01
073_S_2225,0,3.7509,6,2011-07-01
073_S_2264,0,3.7509,6,2011-07-01
073_S_4216,0,8.2491,6,2011-11-28
073_S_4259,0,1.7495,4,2012-01-06
073_S_4300,0,1.7495,4,2012-01-12
073_S_4311,0,3.7509,5,2012-01-19
073_S_4312,0,3.7509,5,2012-01-19
073_S_4360,0,3.7509,5,2012-02-06
073_S_4443,0,3.7509,5,2012-04-03
073_S_4614,0,3.7509,5,2012-06-21
073_S_4777,1,3.7509,5,2012-09-05
073_S_4825,0,0.7502,3,2012-10-12
073_S_4986,0,1.7495,3,2013-01-07
082_S_0832,1,1.9986,3,2006-10-30
082_S_0928,0,1.4976,5,2006-11-02
082_S_1119,0,1.4976,2,2006-12-18
082_S_2099,0,1.7495,4,2011-01-20
082_S_2121,0,11.2498,9,2011-02-02
082_S_2307,0,1.7495,4,2011-06-09
082_S_4244,0,1.7495,4,2012-01-12
082_S_5014,0,0.7502,3,2013-01-30
094_S_0921,0,2.9979,5,2006-10-24
094_S_1015,1,0.4983,2,2006-11-10
094_S_1188,0,1.9986,4,2007-01-18
094_S_1293,0,1.9986,5,2007-03-29
094_S_1314,0,1.4976,3,2007-03-29
094_S_1330,0,1.4976,3,2007-03-29
094_S_1398,1,0.9993,3,2007-05-17
094_S_1417,0,2.9979,4,2007-08-03
094_S_2216,1,1.7495,6,2011-06-23
094_S_2238,0,11.2498,9,2011-04-28
094_S_2367,1,3.7509,5,2011-08-25
094_S_4162,1,1.7495,5,2011-11-03
094_S_4434,0,3.7509,5,2012-04-04
094_S_4630,0,3.7509,5,2012-07-18
094_S_4858,0,3.7509,5,2012-10-29
098_S_0160,0,4.0,7,2006-02-14
098_S_0667,1,1.9986,6,2006-07-26
098_S_2047,1,1.7495,5,2010-12-07
098_S_2052,0,3.7509,5,2010-12-30
098_S_2079,0,5.7495,7,2011-01-12
098_S_4059,0,0.7502,3,2011-08-16
098_S_6534,0,5.5003,3,2018-08-17
098_S_6593,0,0.9993,2,2018-09-24
099_S_0051,0,2.9979,4,2005-12-29
099_S_0054,1,0.9993,4,2005-12-29
099_S_0060,0,0.9993,3,2006-01-17
099_S_0111,1,0.9993,3,2006-02-10
099_S_0291,0,2.4997,3,2006-11-17
099_S_0880,0,0.9993,3,2006-11-17
099_S_1034,0,2.9979,6,2006-12-15
099_S_2042,0,1.7495,4,2010-11-24
099_S_2063,0,3.7509,6,2011-01-31
099_S_2146,0,6.7488,8,2011-02-17
099_S_2205,0,1.7495,4,2011-04-25
099_S_4022,0,0.7502,3,2011-07-15
099_S_4157,0,1.7495,4,2011-11-03
099_S_4202,0,0.7502,3,2011-11-21
099_S_4205,0,1.7495,4,2011-11-22
099_S_4463,0,1.7495,4,2012-04-13
099_S_4475,0,0.7502,3,2012-04-17
099_S_4480,0,1.7495,4,2012-04-17
099_S_4498,0,3.7509,5,2012-05-28
099_S_4565,0,1.7495,4,2012-05-28
099_S_6632,1,1.9986,4,2018-12-10
100_S_0006,0,2.9979,6,2005-12-01
100_S_0296,0,9.9986,7,2006-04-28
100_S_0892,1,1.4976,5,2007-02-28
100_S_0930,1,1.9986,3,2006-11-17
100_S_4556,0,9.2512,8,2012-07-20
109_S_0950,0,1.9986,4,2006-12-12
109_S_1114,0,1.9986,4,2007-01-10
109_S_1183,0,1.9986,5,2007-01-23
109_S_1343,0,0.9993,2,2007-04-10
109_S_2200,0,3.7509,5,2011-03-16
109_S_4380,0,12.7502,8,2012-02-27
109_S_4455,0,2.7488,5,2012-04-12
109_S_4531,0,3.7509,6,2012-05-08
109_S_4594,0,3.7509,5,2012-06-12
114_S_0378,0,2.9979,5,2006-04-30
114_S_0410,0,1.4976,4,2006-05-11
114_S_0458,0,0.501,2,2006-11-29
114_S_1103,0,1.4976,4,2006-12-08
114_S_1106,0,2.9979,5,2006-12-12
114_S_1118,0,2.9979,6,2007-01-03
114_S_2392,0,10.7515,11,2011-10-10
114_S_4404,1,5.2512,8,2012-03-02
114_S_5047,0,4.2491,6,2013-02-28
114_S_6597,0,1.9986,3,2018-10-29
116_S_0361,0,3.5017,5,2006-11-16
116_S_0649,1,1.9986,7,2006-08-16
116_S_0752,1,0.9993,8,2006-08-29
116_S_0834,1,0.9993,6,2006-10-25
116_S_0890,0,0.4983,2,2007-02-20
116_S_1243,1,2.9979,4,2007-03-06
116_S_1271,1,1.9986,4,2007-03-27
116_S_1315,1,2.9979,4,2007-04-03
116_S_4167,1,0.7502,5,2011-11-07
116_S_4175,0,3.7509,5,2011-11-09
116_S_4199,0,8.2491,8,2011-11-21
116_S_4635,0,3.7509,5,2012-06-25
116_S_4898,0,1.7495,4,2012-11-02
116_S_6428,0,0.9993,2,2018-06-06
116_S_6550,0,2.9979,4,2018-08-07
116_S_6775,0,1.9986,3,2019-07-25
123_S_0050,1,0.4983,4,2005-12-02
123_S_0108,1,1.4976,7,2006-02-14
123_S_0390,1,1.5003,4,2006-11-06
123_S_1300,0,9.9986,6,2007-03-30
123_S_2055,0,3.7509,6,2010-12-08
123_S_2363,0,2.7488,5,2011-08-01
123_S_4096,1,0.7502,3,2011-09-21
123_S_4127,0,12.7502,11,2011-10-20
123_S_4170,0,12.7502,10,2011-11-03
123_S_4780,0,1.7495,4,2012-08-31
123_S_4806,0,1.7495,4,2012-09-11
123_S_4904,0,0.7502,3,2012-11-05
123_S_6888,0,4.0,3,2020-10-01
126_S_0708,1,1.9986,5,2006-07-26
126_S_0709,0,2.9979,5,2006-08-10
126_S_0865,1,2.9979,5,2006-11-21
126_S_1077,1,1.4976,4,2006-12-19
126_S_1187,0,4.9993,5,2007-02-08
126_S_2360,0,3.7509,5,2011-08-24
126_S_2405,0,3.7509,5,2012-01-10
126_S_2407,0,3.7509,5,2012-03-06
126_S_4458,1,0.7502,5,2012-04-10
126_S_4507,1,1.7495,7,2012-04-26
126_S_4514,0,11.2498,10,2012-04-30
126_S_4675,1,1.7495,4,2012-07-10
126_S_4712,1,0.7502,4,2012-07-30
126_S_4743,0,0.7502,3,2012-08-16
126_S_4891,1,6.7488,11,2012-10-25
126_S_4896,0,7.7509,8,2012-10-29
126_S_6724,1,0.9993,4,2019-04-23
126_S_7015,0,0.9993,2,2021-09-28
126_S_7060,0,0.9993,2,2022-03-22
126_S_7083,0,0.9993,2,2022-05-31
127_S_0112,0,4.0,6,2006-02-01
127_S_0393,0,0.501,2,2006-11-29
127_S_0394,1,0.9993,3,2006-12-26
127_S_0925,0,2.9979,6,2006-11-28
127_S_1032,1,9.9986,5,2006-12-19
127_S_1140,0,2.9979,5,2007-01-16
127_S_1419,0,2.9979,5,2007-08-28
127_S_1427,1,0.9993,9,2007-09-03
127_S_2213,1,5.7495,7,2011-03-21
127_S_2234,0,13.7495,13,2011-03-21
127_S_4197,1,5.7495,8,2011-11-16
127_S_4210,0,10.7515,11,2011-11-23
127_S_4240,1,0.2491,4,2011-12-16
127_S_4301,0,5.7495,7,2012-01-17
127_S_4624,0,3.7509,5,2012-08-22
127_S_4765,1,3.7509,6,2012-08-31
127_S_4844,0,1.7495,3,2012-10-08
127_S_4928,1,0.2491,6,2012-11-29
127_S_6241,1,1.9986,7,2018-05-30
127_S_6512,0,7.499,7,2018-08-28
128_S_0135,0,1.4976,4,2006-02-17
128_S_0138,0,0.9993,3,2006-02-21
128_S_0188,0,2.9979,5,2006-02-22
128_S_0200,0,19.499,7,2006-03-07
128_S_0205,0,16.501,7,2006-02-28
128_S_0225,0,1.9986,5,2006-03-08
128_S_0227,0,1.9986,5,2006-04-13
128_S_0258,1,1.5003,4,2006-10-31
128_S_0608,0,2.9979,4,2006-06-15
128_S_0611,0,1.4976,4,2006-06-21
128_S_0715,0,0.9993,3,2006-07-26
128_S_0770,0,0.9993,3,2007-02-12
128_S_0947,1,1.4976,3,2006-10-27
128_S_1043,0,1.4976,3,2006-12-14
128_S_1088,0,2.9979,5,2007-01-05
128_S_1148,1,1.9986,4,2007-01-17
128_S_1406,0,2.9979,3,2007-06-22
128_S_1408,0,0.9993,2,2007-08-01
128_S_2002,0,10.7515,10,2010-09-15
128_S_2036,0,8.7502,7,2010-12-30
128_S_2045,0,3.7509,6,2011-01-14
128_S_2123,0,10.5024,8,2011-05-10
128_S_2130,1,3.0007,6,2012-01-19
128_S_2151,0,1.7495,3,2011-04-21
128_S_2220,1,11.2498,8,2011-04-27
128_S_4553,0,1.7495,4,2012-05-17
128_S_4571,0,1.7495,4,2012-05-24
128_S_4636,0,3.7509,5,2012-06-20
128_S_4653,0,1.7495,4,2012-06-28
128_S_4671,0,0.7502,3,2012-07-10
128_S_4742,0,12.7502,10,2012-08-15
128_S_4842,0,5.2512,6,2012-09-28
128_S_5066,0,1.7495,4,2013-03-13
129_S_1246,0,2.9979,5,2007-03-12
129_S_2332,0,9.7495,10,2011-06-29
129_S_2347,0,2.7488,5,2011-08-15
129_S_4073,0,0.7502,3,2011-09-12
129_S_4220,0,1.7495,4,2011-12-02
129_S_4287,0,3.7509,5,2012-01-04
129_S_6830,0,2.9979,4,2019-11-04
129_S_6852,1,1.9986,3,2020-02-18
129_S_6857,0,1.9986,3,2020-02-25
130_S_0102,0,1.4976,4,2006-01-13
130_S_0285,0,4.0,4,2006-04-03
130_S_0289,1,1.5003,3,2006-09-29
130_S_0449,0,1.9986,4,2006-06-28
130_S_0505,0,2.9979,5,2006-10-11
130_S_0783,0,1.9986,5,2006-08-29
130_S_2373,1,5.7495,11,2011-09-05
130_S_2391,0,4.7502,4,2011-09-23
130_S_2403,1,1.7495,6,2012-12-15
130_S_4250,1,1.7495,4,2011-12-29
130_S_4294,1,5.7495,10,2012-01-06
130_S_4405,0,6.2505,7,2012-03-02
130_S_4415,1,1.7495,6,2012-03-05
130_S_4417,0,8.2491,9,2012-03-06
130_S_4468,0,1.7495,4,2012-04-11
130_S_4542,1,0.2491,5,2012-05-11
130_S_4605,0,0.7502,3,2012-06-11
130_S_4817,0,8.7502,9,2012-09-20
130_S_4883,0,1.7495,4,2012-10-23
130_S_4925,0,1.7495,4,2012-11-27
130_S_6047,0,2.9979,4,2017-06-28
130_S_6329,0,0.9993,2,2018-04-20
130_S_6604,0,2.9979,4,2018-10-08
130_S_6611,0,1.4976,2,2018-10-16
130_S_6612,0,1.9986,3,2018-11-27
130_S_6688,0,3.499,4,2019-02-07
131_S_0384,0,11.0007,6,2006-10-24
131_S_1389,1,1.4976,5,2007-04-26
131_S_6143,0,0.9993,2,2017-12-06
131_S_6616,0,1.9986,3,2019-01-30
131_S_6805,1,1.9986,3,2019-08-28
132_S_0987,1,0.9993,2,2007-04-23
133_S_0629,0,1.4976,5,2006-07-19
133_S_0638,1,0.9993,7,2006-09-06
133_S_0727,1,1.4976,6,2006-09-20
133_S_0771,0,1.9986,5,2006-10-04
133_S_0792,0,1.9986,4,2006-09-25
133_S_0912,0,1.9986,5,2006-10-24
133_S_0913,1,1.4976,4,2007-02-01
133_S_1031,0,2.9979,6,2006-11-21
135_S_4281,0,4.7502,6,2012-01-05
135_S_4309,0,4.7502,6,2012-01-17
135_S_4356,0,13.7495,11,2012-02-05
135_S_4406,1,1.7495,4,2012-02-29
135_S_4489,0,13.2512,12,2012-04-25
135_S_4689,1,0.2491,4,2012-07-20
135_S_4722,0,9.7495,11,2012-08-08
135_S_4723,0,12.7502,12,2012-08-08
135_S_6110,0,2.9979,4,2017-10-30
135_S_6446,0,4.9993,6,2018-06-21
135_S_6544,0,6.9979,7,2018-08-01
135_S_6586,0,5.5003,6,2018-09-19
135_S_6622,0,2.9979,3,2018-11-02
135_S_6703,0,4.0,5,2019-03-22
136_S_0107,0,5.9986,8,2006-02-27
136_S_0195,1,0.9993,6,2006-04-04
136_S_0429,0,2.4997,3,2006-12-26
136_S_0695,1,0.9993,5,2006-09-25
136_S_0873,1,1.4976,4,2006-10-17
136_S_0874,1,1.9986,6,2006-11-27
136_S_1227,0,2.9979,5,2007-02-19
136_S_4189,1,1.7495,3,2011-11-14
137_S_0158,0,2.9979,6,2006-03-20
137_S_0443,0,1.5003,4,2007-05-04
137_S_0481,0,1.5003,4,2006-12-11
137_S_0631,1,0.4983,5,2006-07-13
137_S_0668,0,9.9986,8,2006-09-11
137_S_0669,0,1.9986,5,2006-08-23
137_S_0722,0,7.5017,7,2007-03-13
137_S_0800,0,9.9986,8,2006-09-01
137_S_0825,0,0.4983,2,2006-11-01
137_S_0973,1,2.9979,6,2006-12-12
137_S_0994,1,5.9986,8,2006-12-20
137_S_1414,0,8.0,9,2007-09-18
137_S_1426,0,0.501,2,2008-04-18
137_S_4299,0,6.7488,6,2012-01-11
137_S_4303,0,0.7502,3,2012-01-12
137_S_4331,1,3.7509,5,2012-01-24
137_S_4351,0,7.7509,7,2012-01-31
137_S_4536,0,8.2491,9,2012-05-09
137_S_4596,1,1.7495,4,2012-06-06
137_S_4623,1,3.7509,5,2012-06-19
137_S_4631,1,3.7509,9,2012-06-20
137_S_4678,0,1.7495,4,2012-07-11
137_S_4815,1,1.7495,4,2012-09-17
137_S_4816,1,1.7495,5,2012-09-18
137_S_4852,0,0.7502,3,2012-10-08
137_S_6693,1,4.9993,4,2019-02-22
141_S_0697,0,1.4976,2,2006-09-14
141_S_0851,0,0.4983,2,2006-10-11
141_S_0915,1,1.4976,4,2006-10-31
141_S_0982,1,1.4976,2,2006-11-06
141_S_1004,1,0.4983,4,2006-11-10
141_S_1051,0,0.4983,2,2007-01-04
141_S_1052,0,14.4997,9,2006-11-30
141_S_1231,0,0.4983,2,2007-02-28
141_S_1244,1,0.4983,2,2007-03-01
141_S_1245,0,0.9993,3,2007-02-07
141_S_1255,0,0.9993,3,2007-03-09
141_S_1378,0,12.0,4,2007-04-09
141_S_2210,1,2.7488,4,2011-05-17
141_S_2333,0,10.2505,8,2011-07-11
141_S_4053,0,0.7502,3,2011-08-15
141_S_4160,0,6.7488,6,2011-10-31
141_S_4232,0,1.7495,4,2011-12-09
141_S_4423,0,0.2491,2,2012-03-12
141_S_4426,0,0.7502,3,2012-03-16
141_S_4438,0,0.7502,3,2012-03-22
141_S_4456,0,0.2491,2,2012-04-09
141_S_4711,0,0.7502,3,2012-08-04
141_S_6075,0,1.9986,2,2017-10-23
153_S_2109,0,4.7502,6,2011-01-17
153_S_2148,0,2.7488,5,2011-02-16
153_S_4077,0,3.7509,5,2011-09-07
153_S_4133,0,1.7495,4,2011-10-11
153_S_4159,0,3.7509,5,2011-10-31
153_S_4297,0,0.2491,2,2012-01-10
153_S_4621,0,1.5003,3,2012-09-17
153_S_4838,0,1.7495,4,2012-10-01
153_S_6274,0,0.9993,2,2018-03-13
153_S_6336,0,0.9993,2,2018-04-25
153_S_6679,0,1.9986,2,2019-01-25
168_S_6180,0,4.4983,4,2018-02-23
168_S_6426,0,0.9993,2,2018-07-03
168_S_6467,0,0.9993,2,2018-07-10
168_S_6541,0,3.499,4,2018-08-17
168_S_6591,0,1.9986,3,2018-10-03
168_S_6619,0,1.9986,3,2018-11-08
168_S_6634,1,0.9993,4,2018-12-07
168_S_6821,0,4.0,3,2019-10-28
168_S_6874,0,2.4997,2,2020-06-29
168_S_6875,0,5.5003,3,2020-07-06
301_S_6056,0,8.0,5,2017-07-24
301_S_6297,0,4.0,5,2018-04-04
301_S_6615,0,0.9993,2,2018-10-23
301_S_6777,0,1.9986,2,2019-08-01
301_S_6811,0,4.9993,2,2019-09-10
305_S_6378,0,2.9979,4,2018-05-18
305_S_6498,0,5.9986,4,2018-07-20
305_S_6742,0,1.9986,3,2019-06-21
305_S_6744,0,5.9986,5,2019-06-28
305_S_6845,0,0.9993,2,2020-01-02
305_S_6871,0,4.0,4,2020-06-08
305_S_6877,0,0.9993,2,2020-07-23
305_S_6899,0,0.9993,2,2021-02-08
941_S_10039,0,0.9993,2,2024-01-22
941_S_1295,1,1.4976,2,2007-02-28
941_S_1311,1,0.9993,4,2007-03-19
941_S_2060,0,4.7502,5,2011-01-31
941_S_4036,0,9.2512,9,2011-08-05
941_S_4187,0,10.7515,10,2011-11-14
941_S_4377,0,0.7502,3,2012-02-27
941_S_4420,0,0.7502,3,2012-06-13
941_S_4764,0,1.7495,3,2012-08-28
941_S_6052,0,0.9993,2,2017-07-11
941_S_6068,1,4.0,4,2017-08-16
941_S_6345,1,0.9993,3,2018-05-02
