covariate,coef,hr,hr_lo,hr_hi,p,block
mmse_at_landmark,-0.5179273682770239,0.5957540479719228,0.5420605028349949,0.6547661816691556,6.078813804628888e-27,covariate
age_at_landmark,0.20471770375884724,1.2271785881582686,1.094548002015089,1.3758805319287957,0.00045137652699204746,covariate
bsc_dir_bin_5_mean_slope,-0.1548883824510837,0.856510773781592,0.7002097149547734,1.0477014099287747,0.1318937216638285,bsc_slope
bsc_mag_bin_5_mean_slope,-0.1335437367976257,0.8749891989152002,0.7132638986448991,1.073384058372795,0.20026986900929425,bsc_slope
bsc_mag_bin_7_mean_slope,0.10830179684927918,1.1143840122255557,0.913642215088268,1.359231990592675,0.28519458670653614,bsc_slope
educ_years,0.053958485925413774,1.0554407855980898,0.9438751625816202,1.180193415469374,0.34383042227356897,covariate
bsc_mag_bin_2_mean_slope,-0.08684268785885024,0.9168213114129584,0.7593393559655982,1.1069639818577484,0.36645345461980106,bsc_slope
bsc_mag_bin_3_mean_slope,0.07599796284896237,1.0789603761497952,0.8862080146295315,1.313636837044369,0.44912747905648376,bsc_slope
bsc_mag_bin_0_mean_slope,-0.056696850734366075,0.9448804657732108,0.7758647810926991,1.15071481056585,0.5728557744991667,bsc_slope
bsc_dir_p75_slope,0.057160585951097576,1.0588258292966555,0.8492154256362595,1.3201740134969604,0.6115602226875598,bsc_slope
bsc_dir_bin_3_mean_slope,0.05252347883672551,1.0539273067752042,0.8593427438597334,1.2925724641339846,0.6140127336407498,bsc_slope
bsc_dir_bin_7_mean_slope,0.04957059282771897,1.0508197699355688,0.8559885328147171,1.2899964737336684,0.6356601472088134,bsc_slope
bsc_dir_p90_slope,0.04898890144113818,1.0502086948723293,0.8443728161861518,1.3062219456177824,0.659835991777763,bsc_slope
female,0.02213104145985721,1.0223777495655844,0.9123596538534938,1.145662522878982,0.7032135927864431,covariate
bsc_mag_p75_slope,0.03767537834004638,1.038394092945858,0.8311090449070778,1.2973776412039966,0.7401739249615078,bsc_slope
bsc_mag_bin_1_mean_slope,-0.026300215011069075,0.9740426234925932,0.7919219531983891,1.198046131375088,0.8033368229123033,bsc_slope
bsc_mag_p90_slope,0.026331178564865096,1.0266809068861822,0.8289394113047672,1.2715931589083218,0.809378446539126,bsc_slope
bsc_dir_bin_1_mean_slope,-0.018234156704641173,0.9819310796910667,0.7989253556860347,1.2068569840737102,0.8624364268523501,bsc_slope
bsc_mag_mean_slope,0.012210703295528869,1.0122855583001527,0.8080789100060826,1.2680965173751888,0.915406017872346,bsc_slope
bsc_mag_p50_slope,0.00884066332116774,1.0088798574005584,0.8103456255950587,1.2560548666146556,0.9369756010561634,bsc_slope
bsc_mag_median_slope,0.00884057986458625,1.0088797732028978,0.8103455593206693,1.256054759689443,0.9369761942930657,bsc_slope
Nboundary_slope,-0.0038410621674924996,0.9961663052758403,0.8844098019280371,1.1220446738645082,0.9495540936568518,bsc_slope
bsc_mag_bin_4_mean_slope,0.0013989537838266953,1.0013999327761398,0.8244999273007708,1.2162545952514603,0.9887453539210005,bsc_slope
bsc_mag_bin_6_mean_slope,-0.0009929489839688855,0.9990075438267481,0.8249507930962261,1.209788609181128,0.9918889305386553,bsc_slope
