model,feature_set,n_features,cv_cindex_mean,cv_cindex_sd,n_folds,cv_auc_2.0y,cv_uno_c,cv_auc_3.0y,cv_auc_1.0y,holdout_cindex,sign_flipped
aft_lognormal,F0_covariates,8,0.792692704409734,0.05264042698488094,5,0.8061381080550637,0.7808537100208051,0.8733936655509742,0.825209061884496,0.8288707799767171,0
aft_loglogistic,F0_covariates,8,0.7903948773011945,0.05461740112185124,5,0.8029500835500546,0.7790220265569037,0.8721686627579996,0.8245164655407619,0.8265424912689173,0
aft_weibull,F0_covariates,8,0.7857818184318737,0.04807597396166216,5,0.8043403742833182,0.7770755976216774,0.8704490194223606,0.8285379282346005,0.8323632130384168,0
cox_lasso,F0_covariates,8,0.7832671149535239,0.05115802085338613,5,0.8130079961436861,0.7742379321737374,0.8344963317243238,0.8305247897509977,0.8271245634458673,0
cox_lasso,F6_cov_bsc,41,0.7829156211046662,0.050704384535675814,5,0.811677670424948,0.7733625675621889,0.8325710412865572,0.8314153988078464,0.8271245634458673,0
cox_l2,F0_covariates,8,0.7828309562929564,0.05025877825615788,5,0.8047653691816331,0.7726511660152413,0.8551474795773398,0.8216462454024865,0.830034924330617,0
cox_lasso,F9_cov_bsc_stdmri,110,0.7795947667531389,0.049354689028254295,5,0.8047423958589841,0.7702026074164688,0.8304171581964738,0.8264587994785414,0.8271245634458673,0
cox_lasso,F8_cov_stdmri,77,0.7793392803288554,0.04972929375447786,5,0.8046371977571483,0.7715811388576475,0.8304640832223653,0.8237468062173688,0.8271245634458673,0
aft_lognormal,F6_cov_bsc,41,0.7729417924326093,0.05968658690452845,5,0.7962390492387266,0.7583599477813274,0.8491269003354736,0.7743643866065616,0.8090803259604191,0
aft_loglogistic,F6_cov_bsc,41,0.7711947772903156,0.06165724504226345,5,0.7928018469789417,0.7554611831668205,0.8416817111299268,0.7732210541760945,0.8137369033760187,0
xgb_aft,F6_cov_bsc,41,0.7704425057351273,0.09762157603028837,5,0.8203796048365237,0.7662678878473,0.8889127020610564,0.7154367494324424,0.7788125727590222,0
xgb_aft,F0_covariates,8,0.768708323074549,0.06988475684120776,5,0.8153247292783317,0.7729853544583543,0.872445067021766,0.7484365919140897,0.740395809080326,0
aft_weibull,F6_cov_bsc,41,0.7682075699341235,0.0542141383692271,5,0.7938847868595842,0.7626407850959338,0.8463790292101667,0.7842417644535888,0.7869615832363213,0
rsf,F0_covariates,8,0.7641027644183278,0.0834355695633821,5,0.8117364797145779,0.76647101326583,0.8687002978509557,0.7216355135439472,0.8067520372526193,0
xgb_aft,F9_cov_bsc_stdmri,110,0.7631523016575039,0.060600624571585056,5,0.8588499557218665,0.7398922159419534,0.8527167185705874,0.6851518503083672,0.8183934807916181,0
cox_l2,F6_cov_bsc,41,0.7615861821940617,0.060245987169731605,5,0.7913869793398771,0.75546459973645,0.8348005041004685,0.7688878664629588,0.7636786961583236,0
xgb_aft,F8_cov_stdmri,77,0.753883639363258,0.060469060965992326,5,0.8340800080778188,0.7353730069927317,0.8293702823812307,0.6753036924955496,0.8032596041909197,0
rsf,F8_cov_stdmri,77,0.7509145889348422,0.07173390974206402,5,0.8348073177254051,0.7477861054426989,0.8530778227969205,0.6777920467662858,0.7776484284051223,0
rsf,F6_cov_bsc,41,0.7437074195122293,0.08530075381936421,5,0.8152095754813832,0.7301997227662862,0.8445261032265632,0.6712609249026185,0.7566938300349243,0
rsf,F9_cov_bsc_stdmri,110,0.7435008217193967,0.07295161045357468,5,0.8316856370963593,0.7177908948820967,0.8242471609334714,0.6558502555499088,0.7648428405122235,0
aft_lognormal,F8_cov_stdmri,77,0.7127177576015552,0.07082092443368326,5,0.7641350799049547,0.7150661042470132,0.8044351636199167,0.6123527494967204,0.7427240977881258,0
aft_weibull,F8_cov_stdmri,77,0.7087674047370243,0.07306049327946618,5,0.7420814291046833,0.7275136235847836,0.8146584782522603,0.6252671907753934,0.7438882421420256,0
aft_loglogistic,F8_cov_stdmri,77,0.7077605057664538,0.0684036729862298,5,0.7505082635892054,0.7122175662587757,0.805673920729537,0.6168268338956436,0.7438882421420256,0
cox_l2,F8_cov_stdmri,77,0.696417118061057,0.06821050569168408,5,0.7451927740515499,0.7075428454282285,0.7652804196794676,0.5976891059223359,0.729918509895227,0
aft_loglogistic,F9_cov_bsc_stdmri,110,0.6894407297791515,0.056636906052788295,5,0.7439187796932669,0.703926154622301,0.7750144312276419,0.5687386557014301,0.7322467986030268,0
cox_l2,F9_cov_bsc_stdmri,110,0.6882466362787314,0.050283578130073045,5,0.740874117884782,0.7028550591942268,0.7500702514828188,0.5734500580854425,0.7136204889406287,0
aft_lognormal,F9_cov_bsc_stdmri,110,0.6881359996154506,0.056530840896820984,5,0.7537878421438673,0.7004858571532939,0.7760995421242837,0.5727047880326166,0.7310826542491269,0
aft_weibull,F9_cov_bsc_stdmri,110,0.6846855144210963,0.04442259506116717,5,0.7363923157530596,0.7014452453713161,0.7754766901654302,0.5679494409150532,0.7357392316647264,0
rsf,F5_std_mri_slopes,69,0.6814079464879461,0.05056395156232716,5,0.7755090676913404,0.655150494201289,0.7385505233949413,0.6559644541899753,0.6647264260768335,0
xgb_aft,F5_std_mri_slopes,69,0.6738709393820379,0.0866647241959527,5,0.7491510069571753,0.6344361413926123,0.6935722806668447,0.6086000357074315,0.6216530849825378,0
aft_lognormal,F1_bsc_baseline,33,0.6428772040808033,0.04309061628434514,5,0.68243478315832,0.5810019412115673,0.6091469736740314,0.7396801808555088,0.5960419091967404,0
aft_loglogistic,F1_bsc_baseline,33,0.6408076224146995,0.04096009843298951,5,0.6838491508417361,0.5777137672854284,0.6082853445477627,0.7411931259933183,0.590221187427241,0
aft_weibull,F5_std_mri_slopes,69,0.640614271074595,0.09696950518945342,5,0.6955761279953327,0.6187475847616828,0.7042941377574145,0.5320090684619023,0.6204889406286379,0
aft_loglogistic,F5_std_mri_slopes,69,0.6320082728360218,0.10486403190112807,5,0.6840229802183039,0.611065677532888,0.7034866979982247,0.4987685101818659,0.6146682188591386,0
cox_l2,F1_bsc_baseline,33,0.6289352708461663,0.04644232359938849,5,0.6614832985743372,0.5605002941084073,0.5884481707161007,0.7401232009460281,0.6030267753201397,0
aft_lognormal,F5_std_mri_slopes,69,0.6257417363308793,0.10698649676787636,5,0.6747104068719635,0.6040261981466546,0.6887621174836085,0.4856496976832211,0.6146682188591386,0
cox_l2,F5_std_mri_slopes,69,0.62261987490461,0.10207476551428331,5,0.6687052185891763,0.6082197134909955,0.6723671422667217,0.4941645339381548,0.6263096623981373,0
aft_weibull,F1_bsc_baseline,33,0.6223982361831386,0.04684668226368347,5,0.6497472200414263,0.5513688834124169,0.5698338451277072,0.7234085465310575,0.5715948777648429,0
rsf,F1_bsc_baseline,33,0.621692449907955,0.07055686459385294,5,0.6783056119333594,0.5749186814849352,0.61353825372158,0.7162352086807088,0.5075669383003493,0
rsf,F2_bsc_slopes,33,0.6150344079440526,0.09354379298866132,5,0.6500914851537547,0.5778705514577154,0.6088319475529986,0.6236157263476072,0.5378346915017462,0
cox_lasso,F1_bsc_baseline,33,0.6142487444479435,0.04992066285521006,5,0.6546187757417763,0.5564774385214368,0.5495648339879381,0.7146505268880808,0.5762514551804424,0
cox_lasso,F5_std_mri_slopes,69,0.6014349164448808,0.046278603988453265,5,0.6430027531868532,0.5984798476172941,0.6493033474073249,0.46548782038665043,0.5820721769499418,0
xgb_aft,F2_bsc_slopes,33,0.585184559386567,0.0793976183932708,5,0.6060142215059511,0.5436565693147548,0.5466915810427484,0.6432861043018305,0.5320139697322468,0
aft_loglogistic,F2_bsc_slopes,33,0.5794620534289783,0.06102383435796916,5,0.5915957233333657,0.5361456894037021,0.5232332194037503,0.6329910519014648,0.4889406286379511,0
cox_l2,F2_bsc_slopes,33,0.5791832086924789,0.06807109332622199,5,0.5929079535124183,0.54690733527275,0.5534254818722193,0.6095856907933155,0.5017462165308498,0
xgb_aft,F1_bsc_baseline,33,0.5758356519957556,0.05108833660939765,5,0.6140981392103118,0.5284815573816454,0.5446596233153501,0.6969781974507641,0.5739231664726426,0
aft_lognormal,F2_bsc_slopes,33,0.5637748438194795,0.05380709033237827,5,0.5676583978263035,0.5234707693771022,0.49800330974625623,0.6153506123110379,0.5017462165308498,0
aft_weibull,F2_bsc_slopes,33,0.5518499425695922,0.06064465867919398,5,0.5596974320348143,0.4897632496536731,0.4810991370099602,0.6490069193262272,0.5110593713620489,0
cox_lasso,F2_bsc_slopes,33,0.5514742677718787,0.06890369374186782,5,0.5626746872547811,0.5148183661902801,0.5216726826220833,0.6126871474752387,0.4551804423748545,0
