subject,true_time,event,predicted_risk
136_S_0107,5.9986,0,2.8555992
027_S_0179,1.4976,1,9.791547
021_S_4245,3.7509,1,6.307894
016_S_1092,2.9979,0,7.8701205
099_S_4565,1.7495,0,6.795503
033_S_0906,1.4976,1,6.3956265
128_S_4653,1.7495,0,27.895369
130_S_2391,4.7502,0,6.067083
033_S_0513,2.4997,1,14.627674
114_S_0378,2.9979,0,30.86152
130_S_2373,5.7495,1,26.659325
130_S_4468,1.7495,0,52.027153
100_S_4556,9.2512,0,23.833384
016_S_4646,1.7495,0,5.347297
007_S_0249,0.9993,1,5.2659473
137_S_4623,3.7509,1,5.944541
123_S_4806,1.7495,0,26.713348
023_S_4502,0.2491,1,2.6283414
041_S_4051,7.7509,0,1.1473695
019_S_4285,1.7495,0,1.8558152
033_S_1309,1.9986,0,27.903337
013_S_4395,3.7509,0,3.5775902
005_S_4185,6.7488,0,25.419231
009_S_4324,1.7495,1,10.757946
057_S_2398,0.7502,1,3.7533996
094_S_1188,1.9986,0,8.218871
036_S_0748,1.9986,0,8.16035
099_S_4498,3.7509,0,7.8126774
127_S_1419,2.9979,0,9.234345
099_S_0054,0.9993,1,4.4174275
137_S_0669,1.9986,0,7.531904
130_S_6047,2.9979,0,4.985879
116_S_6550,2.9979,0,1.5434624
023_S_6369,7.499,0,43.75476
027_S_1045,2.9979,0,9.479774
072_S_4462,1.7495,0,9.562019
082_S_4244,1.7495,0,6.8806696
016_S_1117,2.9979,1,32.552063
018_S_6414,4.0,0,8.563337
019_S_6483,4.9993,1,9.13733
099_S_2146,6.7488,0,3.0218909
130_S_4415,1.7495,1,33.861115
072_S_4394,2.7488,0,19.703379
021_S_0626,10.4997,1,12.6581135
073_S_4259,1.7495,0,2.1202343
073_S_2191,8.7502,0,31.536726
051_S_1072,2.9979,0,13.43285
099_S_2063,3.7509,0,17.298582
022_S_4444,3.7509,0,6.5422387
035_S_0292,8.9993,1,7.415244
153_S_4077,3.7509,0,184.7658
073_S_4777,3.7509,1,2.2424319
052_S_1346,8.0,1,4.0538034
035_S_4114,1.7495,1,55.748188
099_S_4205,1.7495,0,9.065817
052_S_0989,2.9979,0,33.301617
041_S_4874,9.2512,0,8.082052
037_S_4706,0.7502,1,10.979849
123_S_0108,1.4976,1,4.6568108
029_S_0914,8.9993,1,5.0257044
027_S_1277,0.9993,0,3.706212
127_S_0112,4.0,0,28.218317
027_S_1387,1.4976,1,4.8356385
027_S_0835,1.9986,1,3.8284068
009_S_5000,1.7495,0,7.0610332
305_S_6378,2.9979,0,9.559081
041_S_1010,1.9986,1,12.393871
035_S_4582,3.5017,1,4.8516164
128_S_4842,5.2512,0,5.059751
037_S_0539,1.5003,1,12.97061
018_S_2155,11.7509,1,58.065357
022_S_1394,0.9993,1,8.7277155
067_S_4310,3.7509,0,72.63623
116_S_4167,0.7502,1,3.800492
037_S_1078,5.9986,1,10.373902
153_S_2109,4.7502,0,18.019379
068_S_2168,2.7488,0,6.708358
037_S_6222,2.4997,1,4.8110194
002_S_1155,12.501,0,112.00143
016_S_2031,2.7488,0,47.628597
116_S_0649,1.9986,1,6.4716487
024_S_4169,5.7495,0,58.3791
128_S_0188,2.9979,0,8.898497
072_S_4445,1.7495,0,20.791857
072_S_2037,3.7509,0,17.055223
072_S_4057,0.2491,1,20.962534
098_S_2079,5.7495,0,14.277345
130_S_2403,1.7495,1,10.944694
013_S_1275,1.4976,0,5.079277
130_S_4883,1.7495,0,52.25658
109_S_4455,2.7488,0,17.79421
123_S_4127,12.7502,0,101.58519
027_S_4919,9.2512,0,13.768165
135_S_6544,6.9979,0,71.63642
002_S_0729,1.4976,1,25.116568
116_S_1243,2.9979,1,22.027351
053_S_2396,7.2498,0,20.865984
127_S_1032,9.9986,1,11.484273
027_S_2183,4.7502,0,15.616849
006_S_1130,1.4976,1,12.845515
098_S_2047,1.7495,1,5.29656
051_S_4929,1.7495,1,6.3130193
128_S_2220,11.2498,1,7.846257
007_S_4272,10.7515,1,42.216705
130_S_0285,4.0,0,8.965287
136_S_1227,2.9979,0,2.4355924
036_S_0673,2.9979,0,29.922817
011_S_1080,4.0,1,9.520885
007_S_4467,1.7495,0,14.683563
128_S_0227,1.9986,0,2.6419253
128_S_2130,3.0007,1,4.085367
072_S_2027,1.7495,0,13.6405945
029_S_1073,2.9979,1,6.464364
130_S_4405,6.2505,0,22.052553
098_S_2052,3.7509,0,13.280883
135_S_4406,1.7495,1,1.8839369
116_S_0752,0.9993,1,8.132199
019_S_6635,4.0,0,5.7903013
003_S_6268,4.0,0,17.462912
072_S_2116,3.7509,0,28.294315
016_S_5007,1.7495,0,8.902993
099_S_4157,1.7495,0,1.7490811
027_S_0256,0.4983,1,9.145881
068_S_0802,12.501,0,95.477066
073_S_4443,3.7509,0,17.331118
014_S_2308,10.7515,0,85.10285
006_S_4363,1.7495,0,35.619846
027_S_4757,1.7495,1,2.024089
003_S_6258,4.0,0,24.510221
023_S_4243,1.7495,1,5.353446
016_S_4902,1.7495,1,13.902638
126_S_4458,0.7502,1,13.204858
057_S_1265,1.9986,0,5.7234077
021_S_2125,2.7488,0,2.3988523
041_S_1418,12.0,0,25.416698
135_S_4722,9.7495,0,17.854652
128_S_0611,1.4976,0,1.8980242
109_S_1114,1.9986,0,53.863575
031_S_4476,1.7495,0,3.1033204
116_S_0834,0.9993,1,29.410078
133_S_0913,1.4976,1,3.1638248
941_S_2060,4.7502,0,2.1224723
027_S_1213,1.4976,1,6.031835
135_S_4281,4.7502,0,3.4972663
094_S_2216,1.7495,1,36.34047
135_S_4356,13.7495,0,57.523506
018_S_4809,3.7509,0,12.519142
011_S_4893,3.7509,1,37.534092
127_S_4197,5.7495,1,6.6415515
114_S_1106,2.9979,0,18.007147
052_S_4944,6.2505,0,21.876682
136_S_0874,1.9986,1,4.2128654
036_S_4562,1.7495,0,73.46066
036_S_0869,1.9986,1,9.843291
153_S_4159,3.7509,0,50.020428
009_S_2381,1.7495,1,14.229409
067_S_4767,6.7488,0,23.830582
012_S_4094,0.2491,1,6.8944902
098_S_0667,1.9986,1,15.187414
072_S_4539,2.7488,0,22.752136
007_S_0041,1.4976,1,5.016104
016_S_0769,2.9979,1,10.200795
941_S_4187,10.7515,0,43.657894
127_S_4301,5.7495,0,19.827883
011_S_4235,3.7509,0,1.6346335
036_S_0976,2.9979,1,7.21115
027_S_4873,1.7495,0,2.7707312
033_S_0922,1.4976,1,14.700233
137_S_0158,2.9979,0,3.5976052
053_S_0919,8.9993,0,11.771235
141_S_1004,0.4983,1,13.992065
123_S_4170,12.7502,0,20.736006
168_S_6541,3.499,0,178.99817
002_S_2073,5.7495,0,59.17249
023_S_0376,3.5017,1,4.1646967
072_S_4465,1.7495,0,1.6849028
072_S_4063,2.7488,0,50.95746
073_S_4614,3.7509,0,10.297173
002_S_4473,4.7502,0,18.364584
051_S_1131,2.9979,0,1.1743909
013_S_1186,8.0,1,17.854994
027_S_2245,14.2505,0,5.635116
126_S_2407,3.7509,0,55.781162
014_S_4328,1.7495,0,5.5715594
035_S_2061,5.7495,0,8.476039
037_S_0566,2.4997,1,6.1861124
128_S_0205,16.501,0,31.440931
072_S_4522,2.7488,0,36.580112
109_S_1183,1.9986,0,11.224474
133_S_0727,1.4976,1,19.628393
130_S_4417,8.2491,0,13.81541
068_S_2184,11.2498,0,26.978022
036_S_1240,1.9986,1,1.9724269
016_S_1028,1.9986,0,6.3911824
029_S_0878,1.9986,1,51.225628
023_S_6334,5.9986,0,13.13267
031_S_4149,6.7488,1,34.948147
127_S_4210,10.7515,0,4.0672336
